{
  "01-01": 0.1988972253860557,
  "01-02": 0.19180605277929835,
  "01-03": 0.15808312909362074,
  "01-04": 0.2896209842134147,
  "01-05": 0.3170200296108221,
  "01-06": 0.19923017593241585,
  "01-07": 0.16910895983870064,
  "01-08": 0.36165830138320765,
  "01-09": 0.354891549777183,
  "01-10": 0.2513409078817621,
  "01-11": 0.2384464091470968,
  "01-12": 0.3526891037940786,
  "01-13": 0.23113718685576773,
  "01-14": 0.28979437544134734,
  "01-15": 0.3150921981102275,
  "01-16": 0.34828008838930813,
  "01-17": 0.3432164061899116,
  "01-18": 0.30289772400316894,
  "01-19": 0.3709425290084368,
  "01-20": 0.1916764467591128,
  "01-21": 0.29433400862971204,
  "01-22": 0.24765724549419071,
  "01-23": 0.18589316476598255,
  "01-24": 0.15100911332601613,
  "01-25": 0.16032885382928916,
  "01-26": 0.14046486400194025,
  "01-27": 0.23444522709372345,
  "01-28": 0.16812942708106965,
  "01-29": 0.16660547797357556,
  "01-30": 0.11223865498587449,
  "01-31": 0.15023188397909004,
  "02-01": 0.2555097768163942,
  "02-02": 0.2377818971782472,
  "02-03": 0.27222064778356675,
  "02-04": 0.25846800836650374,
  "02-05": 0.21679755689788288,
  "02-06": 0.27275744902872867,
  "02-07": 0.28933828986292626,
  "02-08": 0.32328986349409167,
  "02-09": 0.2571878598219206,
  "02-10": 0.19971716368458647,
  "02-11": 0.2000744750459617,
  "02-12": 0.20467181531005035,
  "02-13": 0.1295208176453652,
  "02-14": 0.34435871946329527,
  "02-15": 0.3445569711694959,
  "02-16": 0.380369423327795,
  "02-17": 0.37878868780590347,
  "02-18": 0.3314706632485345,
  "02-19": 0.3209907689488447,
  "02-20": 0.2747066552422975,
  "02-21": 0.27644188020550514,
  "02-22": 0.39441157042585556,
  "02-23": 0.2603464623598339,
  "02-24": 0.22369373736306614,
  "02-25": 0.16796704921120026,
  "02-26": 0.24876193086052298,
  "02-27": 0.3373391648586396,
  "02-28": 0.30694566109271115,
  "02-29": 0.25615584006071074,
  "03-01": 0.20091564016528807,
  "03-02": 0.21093445641098643,
  "03-03": 0.312101842555757,
  "03-04": 0.3007590385865424,
  "03-05": 0.36692916831056105,
  "03-06": 0.3335825068833035,
  "03-07": 0.2694262634848764,
  "03-08": 0.19430967492201404,
  "03-09": 0.15576013049219867,
  "03-10": 0.15982227189286033,
  "03-11": 0.3567780400940531,
  "03-12": 0.27793679577428226,
  "03-13": 0.284415723221785,
  "03-14": 0.4296155366121361,
  "03-15": 0.45219219339055283,
  "03-16": 0.35947100290263856,
  "03-17": 0.4153199165044252,
  "03-18": 0.3714137747646667,
  "03-19": 0.3500601351938783,
  "03-20": 0.3728216529877767,
  "03-21": 0.42983980187068865,
  "03-22": 0.325054750108715,
  "03-23": 0.4060264426435542,
  "03-24": 0.32478383842914926,
  "03-25": 0.27802560426726675,
  "03-26": 0.2572104237706782,
  "03-27": 0.18737444415256638,
  "03-28": 0.2608732771397998,
  "03-29": 0.4578281454010294,
  "03-30": 0.47277361179192556,
  "03-31": 0.3515649124864636,
  "04-01": 0.3352311479576483,
  "04-02": 0.4552194933882031,
  "04-03": 0.3481650963621226,
  "04-04": 0.26177258359924666,
  "04-05": 0.4477724367248742,
  "04-06": 0.47471022272728935,
  "04-07": 0.3730625099176953,
  "04-08": 0.2462080764046412,
  "04-09": 0.2767375301570447,
  "04-10": 0.284160684272099,
  "04-11": 0.2584739676546721,
  "04-12": 0.4567292200470209,
  "04-13": 0.49831367687411576,
  "04-14": 0.40192863137974166,
  "04-15": 0.3248949203661168,
  "04-16": 0.3554467006109129,
  "04-17": 0.3513823811190549,
  "04-18": 0.35865173215350354,
  "04-19": 0.34159450889374565,
  "04-20": 0.37382995214559944,
  "04-21": 0.2010383792373056,
  "04-22": 0.39934770276701137,
  "04-23": 0.39444033885511487,
  "04-24": 0.24320998211004047,
  "04-25": 0.33902238364623993,
  "04-26": 0.38640713040461916,
  "04-27": 0.3894968611006885,
  "04-28": 0.36734806660445213,
  "04-29": 0.3321014038496911,
  "04-30": 0.3019538568971493,
  "05-01": 0.3202959530545645,
  "05-02": 0.3135740072074885,
  "05-03": 0.2006067476626679,
  "05-04": 0.24863265289795072,
  "05-05": 0.17823772600742174,
  "05-06": 0.26392173238182215,
  "05-07": 0.2874624036286163,
  "05-08": 0.2949978192670237,
  "05-09": 0.2861428868411883,
  "05-10": 0.19632380513827033,
  "05-11": 0.2279430701846997,
  "05-12": 0.23470383655835741,
  "05-13": 0.21902248307498481,
  "05-14": 0.19349012429649887,
  "05-15": 0.2717232536959199,
  "05-16": 0.18028997808613023,
  "05-17": 0.2086057952054455,
  "05-18": 0.19692528964616107,
  "05-19": 0.28426647626003937,
  "05-20": 0.3211925218506007,
  "05-21": 0.30116383209651554,
  "05-22": 0.213736937459666,
  "05-23": 0.23258119144336825,
  "05-24": 0.25112389175480776,
  "05-25": 0.2777965296793177,
  "05-26": 0.23598533446965425,
  "05-27": 0.217864557523421,
  "05-28": 0.21808618580073375,
  "05-29": 0.23858851027878716,
  "05-30": 0.2754067932724392,
  "05-31": 0.22496932906551645,
  "06-01": 0.14473150455151887,
  "06-02": 0.2072381744741106,
  "06-03": 0.17891144635584152,
  "06-04": 0.1493915321612975,
  "06-05": 0.16938635755335918,
  "06-06": 0.1906935221021639,
  "06-07": 0.15659098365197083,
  "06-08": 0.18484041740828974,
  "06-09": 0.16429887579377417,
  "06-10": 0.11648156872932869,
  "06-11": 0.15545622901091255,
  "06-12": 0.18985843781855724,
  "06-13": 0.2265632101214857,
  "06-14": 0.2316129337599408,
  "06-15": 0.23591989685071538,
  "06-16": 0.25559033199152564,
  "06-17": 0.29612725241449284,
  "06-18": 0.3279030425477337,
  "06-19": 0.2776100375315084,
  "06-20": 0.37043394517206885,
  "06-21": 0.39359752062166864,
  "06-22": 0.2907584040183168,
  "06-23": 0.26990304374714025,
  "06-24": 0.3227794602088244,
  "06-25": 0.3351293612865986,
  "06-26": 0.215115374242766,
  "06-27": 0.1735961779355683,
  "06-28": 0.24094078169370273,
  "06-29": 0.22843199410992857,
  "06-30": 0.18546707020523923,
  "07-01": 0.15016261509301004,
  "07-02": 0.1503537055559376,
  "07-03": 0.1325701744049273,
  "07-04": 0.1978965659244476,
  "07-05": 0.16664698827377333,
  "07-06": 0.09728713585309115,
  "07-07": 0.11265471653687346,
  "07-08": 0.08823686506059614,
  "07-09": 0.09297893365765587,
  "07-10": 0.1351313387484286,
  "07-11": 0.1594352665948701,
  "07-12": 0.15428379746268273,
  "07-13": 0.11915508245448984,
  "07-14": 0.1865901094135603,
  "07-15": 0.1957356586918349,
  "07-16": 0.14373194540148782,
  "07-17": 0.12224448547787832,
  "07-18": 0.1299671947184574,
  "07-19": 0.19180118714419195,
  "07-20": 0.16807670093266797,
  "07-21": 0.12127655494878417,
  "07-22": 0.15126048436810285,
  "07-23": 0.1731447338855619,
  "07-24": 0.13825290793842915,
  "07-25": 0.14384063582709583,
  "07-26": 0.17324832723433653,
  "07-27": 0.18056861644724234,
  "07-28": 0.2135928551435886,
  "07-29": 0.1604753866342344,
  "07-30": 0.14032553841310275,
  "07-31": 0.16703122174689453,
  "08-01": 0.1432593749521585,
  "08-02": 0.13382546875793727,
  "08-03": 0.15640509625607818,
  "08-04": 0.10849579883337412,
  "08-05": 0.15433005838626385,
  "08-06": 0.2146865396372209,
  "08-07": 0.2098802467697035,
  "08-08": 0.22107131298601387,
  "08-09": 0.17866834538085663,
  "08-10": 0.17175186160468592,
  "08-11": 0.16707008807204599,
  "08-12": 0.14907961975607498,
  "08-13": 0.12210384381994552,
  "08-14": 0.17760870113847574,
  "08-15": 0.14930716911714947,
  "08-16": 0.14679210466595327,
  "08-17": 0.13449671977377195,
  "08-18": 0.11609102711504234,
  "08-19": 0.13328615700663224,
  "08-20": 0.14949017873069492,
  "08-21": 0.12396289271548835,
  "08-22": 0.1485704891223577,
  "08-23": 0.18080866491429798,
  "08-24": 0.16732203433720189,
  "08-25": 0.1364517541413705,
  "08-26": 0.08171902816342848,
  "08-27": 0.12088763180932915,
  "08-28": 0.15326777118031581,
  "08-29": 0.12953198308351238,
  "08-30": 0.059985970433191114,
  "08-31": 0.07243464318244128,
  "09-01": 0.09643752279046673,
  "09-02": 0.13311818362001537,
  "09-03": 0.13819114545957614,
  "09-04": 0.16011675103110176,
  "09-05": 0.18429644057424435,
  "09-06": 0.10460369584964344,
  "09-07": 0.11020224514029678,
  "09-08": 0.15338843700224927,
  "09-09": 0.1299500767811836,