{
  "01-01": 0.16243816301939057,
  "01-02": 0.17536338060611728,
  "01-03": 0.15251658323943845,
  "01-04": 0.24183188286651794,
  "01-05": 0.2769313575310775,
  "01-06": 0.1620900312388534,
  "01-07": 0.13979975890988383,
  "01-08": 0.3369315283044084,
  "01-09": 0.30646951717181026,
  "01-10": 0.22647439721749235,
  "01-11": 0.21573089536957823,
  "01-12": 0.31652268005022094,
  "01-13": 0.2180618809470365,
  "01-14": 0.2606166592304927,
  "01-15": 0.2852868850320609,
  "01-16": 0.3195931248082444,
  "01-17": 0.3004740770264657,
  "01-18": 0.2610555068631307,
  "01-19": 0.32897403417733295,
  "01-20": 0.15164781001021474,
  "01-21": 0.251429070825505,
  "01-22": 0.21012454310138357,
  "01-23": 0.16362772386333524,
  "01-24": 0.13357677415134686,
  "01-25": 0.1471695882973846,
  "01-26": 0.14471606799306974,
  "01-27": 0.21220453243248322,
  "01-28": 0.16812795057639002,
  "01-29": 0.144719722380731,
  "01-30": 0.11068904272612487,
  "01-31": 0.1476877001001301,
  "02-01": 0.22306453608182242,
  "02-02": 0.19043803608714072,
  "02-03": 0.21829732279353847,
  "02-04": 0.22560329798818243,
  "02-05": 0.18613170284224648,
  "02-06": 0.23246371954627856,
  "02-07": 0.2501418035274775,
  "02-08": 0.2702555825136785,
  "02-09": 0.22459002580221005,
  "02-10": 0.17373593602946502,
  "02-11": 0.17823260795800586,
  "02-12": 0.16802745194974053,
  "02-13": 0.11158174459453266,
  "02-14": 0.29539292067732703,
  "02-15": 0.30516703107870946,
  "02-16": 0.3115188276891859,
  "02-17": 0.30840827805958476,
  "02-18": 0.2860727855396344,
  "02-19": 0.2560519211158548,
  "02-20": 0.24270648319478333,
  "02-21": 0.22278901837057496,
  "02-22": 0.32804869750110266,
  "02-23": 0.20505893780209816,
  "02-24": 0.17653747603332534,
  "02-25": 0.1599426482991176,
  "02-26": 0.2200747385190096,
  "02-27": 0.3105771817426674,
  "02-28": 0.2593360342289569,
  "02-29": 0.22863069062362174,
  "03-01": 0.17752307131684852,
  "03-02": 0.1737946664217055,
  "03-03": 0.2666642574933912,
  "03-04": 0.25817834686231467,
  "03-05": 0.3213552059137744,
  "03-06": 0.278939791907983,
  "03-07": 0.22498982045872795,
  "03-08": 0.18291500412674527,
  "03-09": 0.2349924555215523,
  "03-10": 0.23563942615298633,
  "03-11": 0.28701084544316285,
  "03-12": 0.22047674183806612,
  "03-13": 0.25669754317666454,
  "03-14": 0.42550099561839055,
  "03-15": 0.3845186459344148,
  "03-16": 0.2749389805659094,
  "03-17": 0.3474678513307127,
  "03-18": 0.34116686323922757,
  "03-19": 0.28433753320968363,
  "03-20": 0.298494660141796,
  "03-21": 0.40356125611128385,
  "03-22": 0.2857385286464279,
  "03-23": 0.33680621182924514,
  "03-24": 0.2894458240824845,
  "03-25": 0.2588172390344688,
  "03-26": 0.2154737064305173,
  "03-27": 0.1563644932494698,
  "03-28": 0.22523334092479147,
  "03-29": 0.39780851043677634,
  "03-30": 0.4078709198209028,
  "03-31": 0.30335181998994115,
  "04-01": 0.28534064683320176,
  "04-02": 0.3775860892808054,
  "04-03": 0.28193021064767315,
  "04-04": 0.24252776353017338,
  "04-05": 0.37199860428335907,
  "04-06": 0.4267627682941478,
  "04-07": 0.3243439799011719,
  "04-08": 0.21160909808831257,
  "04-09": 0.24395389359277303,
  "04-10": 0.24256978057521633,
  "04-11": 0.20699755328971436,
  "04-12": 0.3787452933343786,
  "04-13": 0.4065344328632169,
  "04-14": 0.31834875375254107,
  "04-15": 0.27109640226814885,
  "04-16": 0.2857939520771039,
  "04-17": 0.2997884794183559,
  "04-18": 0.3019325806186794,
  "04-19": 0.2940196567792305,
  "04-20": 0.3185415833078882,
  "04-21": 0.1689492678126155,
  "04-22": 0.33191970655292913,
  "04-23": 0.35796558933164985,
  "04-24": 0.19378700233801985,
  "04-25": 0.2538302188072229,
  "04-26": 0.31563056639355536,
  "04-27": 0.32607054563200716,
  "04-28": 0.3274435864074287,
  "04-29": 0.2851458710372728,
  "04-30": 0.2515193207391748,
  "05-01": 0.2742405747785355,
  "05-02": 0.26716142763884576,
  "05-03": 0.1618658594435443,
  "05-04": 0.1971034219597169,
  "05-05": 0.15249658528820875,
  "05-06": 0.2228216464873769,
  "05-07": 0.23651465437161479,
  "05-08": 0.2650245722877989,
  "05-09": 0.2349774695623709,
  "05-10": 0.17097188902355717,
  "05-11": 0.19377868799740688,
  "05-12": 0.1844284233909265,
  "05-13": 0.18269591817269876,
  "05-14": 0.1484460731743447,
  "05-15": 0.20744734688060767,
  "05-16": 0.15401848488695474,
  "05-17": 0.18699104975439695,
  "05-18": 0.18047743381037265,
  "05-19": 0.2646602226472403,
  "05-20": 0.273754767848147,
  "05-21": 0.22650318448941437,
  "05-22": 0.17454751345535086,
  "05-23": 0.18401817677756171,
  "05-24": 0.22235839553238135,
  "05-25": 0.23415284088105331,
  "05-26": 0.18987685971587623,
  "05-27": 0.1716517705761883,
  "05-28": 0.18392856679109576,
  "05-29": 0.21311355642662036,
  "05-30": 0.24665054307905604,
  "05-31": 0.17304095455770824,
  "06-01": 0.11136220908621183,
  "06-02": 0.14858302740264134,
  "06-03": 0.15600394030411313,
  "06-04": 0.13635131447696228,
  "06-05": 0.14185650288749757,
  "06-06": 0.15664848739121623,
  "06-07": 0.133778128873417,
  "06-08": 0.1489911285814167,
  "06-09": 0.1278483904508239,
  "06-10": 0.0953644287437155,
  "06-11": 0.1295166569052184,
  "06-12": 0.14144648376787233,
  "06-13": 0.19823335991975838,
  "06-14": 0.20468945659084467,
  "06-15": 0.18967313937075742,
  "06-16": 0.19207944439404318,
  "06-17": 0.2415143839813824,
  "06-18": 0.274847161190824,
  "06-19": 0.22179004093088914,
  "06-20": 0.2803927306048336,
  "06-21": 0.3077814650852619,
  "06-22": 0.23507373847577578,
  "06-23": 0.2016447039124558,
  "06-24": 0.22966368003820897,
  "06-25": 0.22533753671804296,
  "06-26": 0.16147615133768148,
  "06-27": 0.13713570909790285,
  "06-28": 0.176814209126053,
  "06-29": 0.17037822372597725,
  "06-30": 0.12232162629112373,
  "07-01": 0.1021567504023085,
  "07-02": 0.11644454003109353,
  "07-03": 0.08672849789144502,
  "07-04": 0.1441661842160738,
  "07-05": 0.11528183795609863,
  "07-06": 0.07028752501405214,
  "07-07": 0.09341362678246731,
  "07-08": 0.07500465163935553,
  "07-09": 0.07294979156623856,
  "07-10": 0.10194081375899636,
  "07-11": 0.10897862867141458,
  "07-12": 0.1142560111265463,
  "07-13": 0.09230676460217077,
  "07-14": 0.12866665578200978,
  "07-15": 0.12925203789553458,
  "07-16": 0.10022672006508457,
  "07-17": 0.07643372805637545,
  "07-18": 0.09338311189237662,
  "07-19": 0.13635720843852955,
  "07-20": 0.12283138587711506,
  "07-21": 0.08854140094367131,
  "07-22": 0.09930809451682177,
  "07-23": 0.11746839695662221,
  "07-24": 0.09995477927687169,
  "07-25": 0.09969948880986373,
  "07-26": 0.12746176737252896,
  "07-27": 0.12098791878443693,
  "07-28": 0.13405556946641287,
  "07-29": 0.10330942306710826,
  "07-30": 0.09332632729104945,
  "07-31": 0.11056416066005184,
  "08-01": 0.10719255088379495,
  "08-02": 0.08998286700373472,
  "08-03": 0.11125786561699683,
  "08-04": 0.08307361016765376,
  "08-05": 0.11120614344344895,
  "08-06": 0.14581216868031813,
  "08-07": 0.13932565766366736,
  "08-08": 0.16106989238891928,
  "08-09": 0.14662014452736663,
  "08-10": 0.12635053535927182,
  "08-11": 0.12028465528901566,
  "08-12": 0.10960866296863783,
  "08-13": 0.0858357306912554,
  "08-14": 0.13566204888128439,
  "08-15": 0.11186498262022719,
  "08-16": 0.10898609344775859,
  "08-17": 0.10153524586243479,
  "08-18": 0.08884701924299984,
  "08-19": 0.09286204617538725,
  "08-20": 0.09429100993708858,
  "08-21": 0.07718914480937225,
  "08-22": 0.11143865799450019,
  "08-23": 0.11619298587936155,
  "08-24": 0.11266993711471225,
  "08-25": 0.09648987103768542,
  "08-26": 0.05925693985137279,
  "08-27": 0.08539148447148813,
  "08-28": 0.10411542846895369,
  "08-29": 0.08644917665001499,
  "08-30": 0.04175807825260114,
  "08-31": 0.05381282568447461,
  "09-01": 0.06521391910917208,
  "09-02": 0.08889796256724627,
  "09-03": 0.10329791821382364,
  "09-04": 0.10922736069503321,
  "09-05": 0.1335394255627505,
  "09-06": 0.08163348478627448,
  "09-07": 0.08154434331113417,
  "09-08": 0.11071745075638581,