period,coal_mw,natural_gas_mw,nuclear_mw,solar_mw,wind_mw,load_mw,iso,date_only
2026-07-05T04,11305.0,35844.0,4967.0,1.0,15316.0,70131,ERCOT,2026-07-05
2026-07-05T05,11293.0,33384.0,4967.0,1.0,17019.0,67597,ERCOT,2026-07-05
2026-07-05T06,11089.0,31118.0,4968.0,1.0,17379.0,64695,ERCOT,2026-07-05
2026-07-05T07,10723.0,29369.0,4968.0,1.0,16399.0,61554,ERCOT,2026-07-05
2026-07-05T08,10628.0,28483.0,4968.0,0.0,14930.0,58693,ERCOT,2026-07-05
2026-07-05T09,10262.0,27841.0,4968.0,0.0,14263.0,56723,ERCOT,2026-07-05
2026-07-05T10,8960.0,27263.0,4967.0,0.0,14139.0,55072,ERCOT,2026-07-05
2026-07-05T11,8649.0,27562.0,4968.0,0.0,12804.0,54039,ERCOT,2026-07-05
2026-07-05T12,8771.0,27552.0,4970.0,197.0,11784.0,53247,ERCOT,2026-07-05
2026-07-05T13,7867.0,25683.0,4971.0,6337.0,10540.0,53751,ERCOT,2026-07-05
2026-07-05T14,6844.0,24194.0,4971.0,19444.0,8609.0,56753,ERCOT,2026-07-05
2026-07-05T15,6504.0,23977.0,4971.0,26859.0,8925.0,61379,ERCOT,2026-07-05
2026-07-05T16,6581.0,24453.0,4970.0,29754.0,7572.0,66324,ERCOT,2026-07-05
2026-07-05T17,6797.0,25658.0,4970.0,31509.0,4833.0,71148,ERCOT,2026-07-05
2026-07-05T18,8645.0,27869.0,4969.0,31345.0,3562.0,75166,ERCOT,2026-07-05
2026-07-05T19,9940.0,28963.0,4968.0,31273.0,3472.0,78054,ERCOT,2026-07-05
2026-07-05T20,10409.0,30564.0,4967.0,30740.0,3752.0,79967,ERCOT,2026-07-05
2026-07-05T21,10542.0,30948.0,4965.0,29909.0,5429.0,80886,ERCOT,2026-07-05
2026-07-05T22,10545.0,31589.0,4964.0,25968.0,8506.0,81361,ERCOT,2026-07-05
2026-07-05T23,10506.0,34534.0,4963.0,20559.0,10441.0,81139,ERCOT,2026-07-05
2026-07-06T00,10471.0,36242.0,4962.0,16758.0,10935.0,80413,ERCOT,2026-07-06
2026-07-06T01,10678.0,37686.0,4961.0,6029.0,13754.0,77685,ERCOT,2026-07-06
2026-07-06T02,10842.0,37077.0,4963.0,483.0,17267.0,74599,ERCOT,2026-07-06
2026-07-06T03,10425.0,34779.0,4964.0,1.0,19444.0,72204,ERCOT,2026-07-06
2026-07-06T04,10118.0,33404.0,4964.0,0.0,17901.0,68132,ERCOT,2026-07-06
2026-07-06T05,10526.0,33165.0,4965.0,0.0,14332.0,64007,ERCOT,2026-07-06
2026-07-06T06,10726.0,33147.0,4966.0,0.0,10949.0,60323,ERCOT,2026-07-06
2026-07-06T07,10691.0,33107.0,4966.0,0.0,8940.0,57842,ERCOT,2026-07-06
2026-07-06T08,10659.0,32770.0,4965.0,0.0,7268.0,55710,ERCOT,2026-07-06
2026-07-06T09,10566.0,32057.0,4966.0,0.0,6760.0,54358,ERCOT,2026-07-06
2026-07-06T10,10522.0,31597.0,4967.0,0.0,6773.0,54082,ERCOT,2026-07-06
2026-07-06T11,10631.0,32371.0,4969.0,0.0,6049.0,54771,ERCOT,2026-07-06
2026-07-06T12,10663.0,32989.0,4971.0,183.0,5016.0,55760,ERCOT,2026-07-06
2026-07-06T13,10283.0,31617.0,4973.0,6677.0,3715.0,57279,ERCOT,2026-07-06
2026-07-06T14,8240.0,29046.0,4975.0,19796.0,2475.0,60532,ERCOT,2026-07-06
2026-07-06T15,8290.0,29563.0,4975.0,25318.0,2274.0,64555,ERCOT,2026-07-06
2026-07-06T16,8946.0,29552.0,4976.0,28805.0,1684.0,69172,ERCOT,2026-07-06
2026-07-06T17,9614.0,29965.0,4974.0,30916.0,1263.0,73904,ERCOT,2026-07-06
2026-07-06T18,10121.0,31180.0,4971.0,31004.0,1681.0,78111,ERCOT,2026-07-06
2026-07-06T19,10254.0,33049.0,4967.0,30831.0,2741.0,81365,ERCOT,2026-07-06
2026-07-06T20,10153.0,33908.0,4963.0,30812.0,3232.0,82179,ERCOT,2026-07-06
2026-07-06T21,10141.0,35048.0,4959.0,29058.0,4263.0,82955,ERCOT,2026-07-06
2026-07-06T22,9783.0,35635.0,4958.0,27356.0,6262.0,83194,ERCOT,2026-07-06
2026-07-06T23,9143.0,33457.0,4959.0,27413.0,8596.0,82535,ERCOT,2026-07-06
2026-07-07T00,9368.0,33410.0,4959.0,22904.0,11199.0,81562,ERCOT,2026-07-07
2026-07-07T01,10296.0,37381.0,4960.0,10471.0,12661.0,79953,ERCOT,2026-07-07
2026-07-07T02,10651.0,39386.0,4962.0,1100.0,11910.0,76850,ERCOT,2026-07-07
2026-07-07T03,10734.0,39651.0,4964.0,1.0,11382.0,74272,ERCOT,2026-07-07
2026-07-07T04,10806.0,39812.0,4965.0,1.0,10655.0,70128,ERCOT,2026-07-07
2026-07-07T05,10759.0,38460.0,4967.0,1.0,10495.0,65948,ERCOT,2026-07-07
2026-07-07T06,10673.0,35940.0,4967.0,1.0,9895.0,62220,ERCOT,2026-07-07
2026-07-07T07,10635.0,34088.0,4966.0,1.0,9370.0,59366,ERCOT,2026-07-07
2026-07-07T08,10626.0,32894.0,4966.0,1.0,9178.0,57350,ERCOT,2026-07-07
2026-07-07T09,10629.0,31928.0,4966.0,0.0,8610.0,56013,ERCOT,2026-07-07
2026-07-07T10,10648.0,31807.0,4967.0,0.0,8069.0,55567,ERCOT,2026-07-07
2026-07-07T11,10513.0,32575.0,4966.0,1.0,7284.0,56074,ERCOT,2026-07-07
2026-07-07T12,10474.0,33629.0,4967.0,199.0,6403.0,56910,ERCOT,2026-07-07
2026-07-07T13,9464.0,31193.0,4968.0,7138.0,5781.0,57965,ERCOT,2026-07-07
2026-07-07T14,7602.0,28142.0,4968.0,22091.0,4072.0,61075,ERCOT,2026-07-07
2026-07-07T15,7997.0,28445.0,4968.0,28476.0,4306.0,65126,ERCOT,2026-07-07
2026-07-07T16,9027.0,28882.0,4968.0,31159.0,4328.0,69512,ERCOT,2026-07-07
2026-07-07T17,8819.0,29072.0,4968.0,31159.0,4374.0,73754,ERCOT,2026-07-07
2026-07-07T18,9331.0,30478.0,4967.0,29839.0,4357.0,77697,ERCOT,2026-07-07
2026-07-07T19,10180.0,32813.0,4965.0,29405.0,4100.0,81041,ERCOT,2026-07-07
2026-07-07T20,10480.0,33092.0,4962.0,28935.0,5282.0,82388,ERCOT,2026-07-07
2026-07-07T21,10468.0,33344.0,4962.0,28099.0,6274.0,82822,ERCOT,2026-07-07
2026-07-07T22,10384.0,32849.0,4963.0,27517.0,7275.0,82554,ERCOT,2026-07-07
2026-07-07T23,10661.0,33317.0,4962.0,26001.0,7668.0,81957,ERCOT,2026-07-07
2026-07-08T00,10802.0,34591.0,4963.0,21951.0,8494.0,81280,ERCOT,2026-07-08
2026-07-08T01,10666.0,36599.0,4963.0,11473.0,10093.0,79573,ERCOT,2026-07-08
2026-07-08T02,10041.0,37415.0,4964.0,1274.0,12321.0,76264,ERCOT,2026-07-08
2026-07-08T03,9982.0,37406.0,4964.0,1.0,13822.0,73415,ERCOT,2026-07-08
2026-07-08T04,9987.0,36465.0,4966.0,0.0,15830.0,69514,ERCOT,2026-07-08
2026-07-08T05,9858.0,33006.0,4967.0,0.0,17031.0,65479,ERCOT,2026-07-08
2026-07-08T06,8683.0,30175.0,4968.0,0.0,18204.0,62008,ERCOT,2026-07-08
2026-07-08T07,7261.0,28305.0,4968.0,0.0,18860.0,59242,ERCOT,2026-07-08
2026-07-08T08,7199.0,27704.0,4969.0,0.0,17561.0,57119,ERCOT,2026-07-08
2026-07-08T09,7220.0,27055.0,4968.0,0.0,17298.0,55877,ERCOT,2026-07-08
2026-07-08T10,7199.0,25913.0,4967.0,0.0,17621.0,55607,ERCOT,2026-07-08
2026-07-08T11,7249.0,26492.0,4966.0,0.0,17169.0,56074,ERCOT,2026-07-08
2026-07-08T12,7556.0,27164.0,4968.0,188.0,16220.0,56705,ERCOT,2026-07-08
2026-07-08T13,7110.0,24268.0,4969.0,7606.0,15085.0,57958,ERCOT,2026-07-08
2026-07-08T14,6010.0,21578.0,4970.0,22800.0,12400.0,61614,ERCOT,2026-07-08
2026-07-08T15,5650.0,21223.0,4971.0,29073.0,13627.0,65921,ERCOT,2026-07-08
2026-07-08T16,5731.0,20970.0,4971.0,32058.0,12662.0,70157,ERCOT,2026-07-08
2026-07-08T17,5836.0,21795.0,4970.0,33307.0,11091.0,74564,ERCOT,2026-07-08
2026-07-08T18,6659.0,24436.0,4970.0,33144.0,10322.0,78584,ERCOT,2026-07-08
2026-07-08T19,8015.0,27271.0,4969.0,31493.0,10331.0,81912,ERCOT,2026-07-08
2026-07-08T20,9069.0,28291.0,4969.0,29917.0,10792.0,82919,ERCOT,2026-07-08
2026-07-08T21,9660.0,29193.0,4967.0,28786.0,10958.0,82682,ERCOT,2026-07-08
2026-07-08T22,9602.0,28641.0,4966.0,28597.0,12105.0,82655,ERCOT,2026-07-08
2026-07-08T23,8870.0,28265.0,4964.0,27473.0,13703.0,82787,ERCOT,2026-07-08
2026-07-09T00,9285.0,29241.0,4964.0,24261.0,14916.0,82873,ERCOT,2026-07-09
2026-07-09T01,10288.0,31446.0,4964.0,12674.0,16473.0,81832,ERCOT,2026-07-09
2026-07-09T02,10637.0,33405.0,4966.0,1303.0,17843.0,79679,ERCOT,2026-07-09
2026-07-09T03,10677.0,34176.0,4970.0,1.0,19802.0,77019,ERCOT,2026-07-09
2026-07-09T04,10864.0,34102.0,4969.0,0.0,20891.0,73208,ERCOT,2026-07-09
2026-07-09T05,10761.0,31556.0,4970.0,0.0,21300.0,69152,ERCOT,2026-07-09
2026-07-09T06,9914.0,28384.0,4971.0,1.0,21964.0,65346,ERCOT,2026-07-09
2026-07-09T07,8005.0,27013.0,4970.0,1.0,22171.0,62182,ERCOT,2026-07-09
2026-07-09T08,6602.0,26072.0,4971.0,1.0,22146.0,59680,ERCOT,2026-07-09
2026-07-09T09,6273.0,24716.0,4971.0,1.0,22514.0,58152,ERCOT,2026-07-09
2026-07-09T10,6250.0,24119.0,4971.0,1.0,22464.0,57518,ERCOT,2026-07-09
2026-07-09T11,6336.0,24321.0,4972.0,1.0,22169.0,57724,ERCOT,2026-07-09
2026-07-09T12,6555.0,24899.0,4972.0,205.0,21014.0,58052,ERCOT,2026-07-09
2026-07-09T13,6188.0,21924.0,4973.0,8293.0,18790.0,59048,ERCOT,2026-07-09
2026-07-09T14,5378.0,17205.0,4974.0,24531.0,15597.0,62481,ERCOT,2026-07-09
2026-07-09T15,5461.0,17606.0,4973.0,30538.0,15375.0,66284,ERCOT,2026-07-09
2026-07-09T16,5913.0,18308.0,4970.0,32196.0,15250.0,70663,ERCOT,2026-07-09
2026-07-09T17,6180.0,19562.0,4964.0,33282.0,14628.0,74741,ERCOT,2026-07-09
2026-07-09T18,6704.0,21188.0,4960.0,33970.0,14282.0,78653,ERCOT,2026-07-09
2026-07-09T19,7736.0,22322.0,4957.0,33899.0,14053.0,81760,ERCOT,2026-07-09
2026-07-09T20,7509.0,22965.0,4954.0,32897.0,15747.0,82689,ERCOT,2026-07-09
2026-07-09T21,7718.0,23737.0,4952.0,30924.0,17038.0,82834,ERCOT,2026-07-09
2026-07-09T22,8084.0,24350.0,4953.0,28563.0,18369.0,82995,ERCOT,2026-07-09
2026-07-09T23,8691.0,25099.0,4954.0,26169.0,19120.0,82636,ERCOT,2026-07-09
2026-07-10T00,9388.0,27399.0,4954.0,21776.0,19440.0,82576,ERCOT,2026-07-10
2026-07-10T01,10174.0,30143.0,4956.0,10815.0,20263.0,81405,ERCOT,2026-07-10
2026-07-10T02,10411.0,32077.0,4958.0,1214.0,20751.0,78997,ERCOT,2026-07-10
2026-07-10T03,10504.0,32675.0,4960.0,1.0,21279.0,76729,ERCOT,2026-07-10
2026-07-10T04,10487.0,32439.0,4960.0,0.0,22020.0,72686,ERCOT,2026-07-10
2026-07-10T05,10047.0,29662.0,4962.0,1.0,22827.0,68135,ERCOT,2026-07-10
2026-07-10T06,8618.0,27689.0,4962.0,1.0,22774.0,64137,ERCOT,2026-07-10
2026-07-10T07,7713.0,26608.0,4963.0,1.0,22006.0,61092,ERCOT,2026-07-10
2026-07-10T08,7425.0,24803.0,4964.0,1.0,21983.0,58933,ERCOT,2026-07-10
2026-07-10T09,7240.0,24002.0,4965.0,1.0,21528.0,57503,ERCOT,2026-07-10
2026-07-10T10,6974.0,24515.0,4965.0,1.0,20422.0,56890,ERCOT,2026-07-10
2026-07-10T11,7726.0,25073.0,4966.0,0.0,18802.0,56934,ERCOT,2026-07-10
2026-07-10T12,8912.0,25377.0,4967.0,183.0,17188.0,57286,ERCOT,2026-07-10
2026-07-10T13,8451.0,23278.0,4967.0,7017.0,15588.0,58367,ERCOT,2026-07-10
2026-07-10T14,6633.0,19337.0,4968.0,21063.0,14543.0,61628,ERCOT,2026-07-10
2026-07-10T15,6536.0,19684.0,4968.0,26048.0,16058.0,65271,ERCOT,2026-07-10
2026-07-10T16,6818.0,19859.0,4968.0,28338.0,16373.0,69106,ERCOT,2026-07-10
2026-07-10T17,6623.0,19923.0,4968.0,29012.0,16490.0,72466,ERCOT,2026-07-10
2026-07-10T18,6812.0,20642.0,4967.0,28825.0,16457.0,75177,ERCOT,2026-07-10
2026-07-10T19,7041.0,21546.0,4967.0,29046.0,16308.0,78014,ERCOT,2026-07-10
2026-07-10T20,7712.0,21675.0,4965.0,29556.0,17116.0,80467,ERCOT,2026-07-10
2026-07-10T21,7881.0,21607.0,4965.0,29488.0,18520.0,81787,ERCOT,2026-07-10
2026-07-10T22,8384.0,22707.0,4966.0,28580.0,18719.0,82406,ERCOT,2026-07-10
2026-07-10T23,7920.0,23567.0,4966.0,26930.0,19829.0,82329,ERCOT,2026-07-10
2026-07-11T00,8452.0,25873.0,4967.0,22500.0,19452.0,80795,ERCOT,2026-07-11
2026-07-11T01,9724.0,28395.0,4967.0,12373.0,19691.0,78579,ERCOT,2026-07-11
2026-07-11T02,10271.0,31000.0,4968.0,1397.0,19546.0,75670,ERCOT,2026-07-11
2026-07-11T03,10427.0,31521.0,4968.0,5.0,19263.0,73594,ERCOT,2026-07-11
2026-07-11T04,10484.0,31387.0,4969.0,0.0,19562.0,70046,ERCOT,2026-07-11
2026-07-11T05,10430.0,30667.0,4970.0,0.0,19644.0,66575,ERCOT,2026-07-11
2026-07-11T06,10391.0,30672.0,4971.0,0.0,16902.0,63186,ERCOT,2026-07-11
2026-07-11T07,10408.0,30895.0,4972.0,0.0,14295.0,60587,ERCOT,2026-07-11
2026-07-11T08,10373.0,30176.0,4973.0,0.0,13242.0,58354,ERCOT,2026-07-11
2026-07-11T09,10099.0,29172.0,4973.0,0.0,12875.0,56805,ERCOT,2026-07-11
2026-07-11T10,10293.0,29160.0,4974.0,0.0,11572.0,55902,ERCOT,2026-07-11
2026-07-11T11,10354.0,29398.0,4974.0,0.0,10436.0,55627,ERCOT,2026-07-11
2026-07-11T12,10373.0,29398.0,4975.0,148.0,9562.0,55162,ERCOT,2026-07-11
2026-07-11T13,9719.0,28149.0,4975.0,5730.0,8117.0,55838,ERCOT,2026-07-11
2026-07-11T14,8718.0,26938.0,4976.0,18410.0,6875.0,59319,ERCOT,2026-07-11
2026-07-11T15,8546.0,26442.0,4977.0,24873.0,7662.0,63063,ERCOT,2026-07-11
2026-07-11T16,8250.0,26199.0,4978.0,27189.0,7108.0,66220,ERCOT,2026-07-11
2026-07-11T17,7380.0,24149.0,4978.0,29326.0,6016.0,69095,ERCOT,2026-07-11
2026-07-11T18,6967.0,25327.0,4978.0,29749.0,5676.0,71858,ERCOT,2026-07-11
2026-07-11T19,7700.0,27164.0,4977.0,28963.0,4970.0,73803,ERCOT,2026-07-11
2026-07-11T20,9347.0,29001.0,4975.0,26175.0,5137.0,74794,ERCOT,2026-07-11
2026-07-11T21,10276.0,29876.0,4971.0,24465.0,6457.0,75733,ERCOT,2026-07-11
2026-07-11T22,9989.0,29528.0,4967.0,24385.0,8184.0,76369,ERCOT,2026-07-11
2026-07-11T23,9519.0,29306.0,4966.0,23808.0,9467.0,76474,ERCOT,2026-07-11
2026-07-12T00,9559.0,29766.0,4966.0,20479.0,10789.0,75629,ERCOT,2026-07-12
2026-07-12T01,10556.0,32636.0,4967.0,10144.0,12424.0,73855,ERCOT,2026-07-12
2026-07-12T02,11139.0,35008.0,4967.0,1102.0,13541.0,71511,ERCOT,2026-07-12
2026-07-12T03,11138.0,34623.0,4968.0,0.0,14753.0,69786,ERCOT,2026-07-12
2026-07-12T04,11116.0,33518.0,4970.0,0.0,15213.0,66849,ERCOT,2026-07-12
2026-07-12T05,11125.0,32938.0,4971.0,0.0,14214.0,63981,ERCOT,2026-07-12
2026-07-12T06,10603.0,31858.0,4972.0,0.0,13544.0,60723,ERCOT,2026-07-12
2026-07-12T07,9294.0,31213.0,4972.0,0.0,13817.0,58359,ERCOT,2026-07-12
2026-07-12T08,8211.0,30216.0,4972.0,0.0,13316.0,56531,ERCOT,2026-07-12
2026-07-12T09,7638.0,30128.0,4972.0,0.0,12650.0,55286,ERCOT,2026-07-12
2026-07-12T10,8141.0,30710.0,4974.0,0.0,10838.0,54465,ERCOT,2026-07-12
2026-07-12T11,9278.0,30986.0,4974.0,0.0,8621.0,54142,ERCOT,2026-07-12
2026-07-12T12,9921.0,31186.0,4974.0,49.0,6634.0,53871,ERCOT,2026-07-12
2026-07-12T13,9528.0,30612.0,4976.0,3791.0,5054.0,54043,ERCOT,2026-07-12
2026-07-12T14,7913.0,28450.0,4976.0,14793.0,4524.0,56597,ERCOT,2026-07-12
2026-07-12T15,7259.0,27806.0,4976.0,22079.0,4836.0,60222,ERCOT,2026-07-12
2026-07-12T16,7199.0,27472.0,4976.0,25248.0,3868.0,64141,ERCOT,2026-07-12
2026-07-12T17,7482.0,28379.0,4976.0,26635.0,3347.0,68383,ERCOT,2026-07-12
2026-07-12T18,7975.0,28748.0,4975.0,27841.0,3757.0,72321,ERCOT,2026-07-12
2026-07-12T19,8519.0,29078.0,4976.0,27721.0,5481.0,75388,ERCOT,2026-07-12
2026-07-12T20,8911.0,29989.0,4976.0,26284.0,7086.0,77362,ERCOT,2026-07-12
2026-07-12T21,9941.0,31318.0,4974.0,23559.0,8722.0,78186,ERCOT,2026-07-12
2026-07-12T22,9961.0,31328.0,4973.0,21270.0,10760.0,78202,ERCOT,2026-07-12
2026-07-12T23,9596.0,31443.0,4972.0,19049.0,12488.0,77529,ERCOT,2026-07-12
2026-07-13T00,10176.0,32592.0,4971.0,14082.0,13771.0,75435,ERCOT,2026-07-13
2026-07-13T01,11182.0,34086.0,4971.0,6322.0,14685.0,72870,ERCOT,2026-07-13
2026-07-13T02,11565.0,35880.0,4972.0,599.0,13756.0,70647,ERCOT,2026-07-13
2026-07-13T03,11707.0,36005.0,4971.0,0.0,11640.0,69104,ERCOT,2026-07-13
2026-07-13T04,11710.0,35930.0,4972.0,0.0,9995.0,66138,ERCOT,2026-07-13
2026-07-13T05,11716.0,35750.0,4973.0,0.0,8864.0,62544,ERCOT,2026-07-13
2026-07-13T06,11669.0,34711.0,4974.0,0.0,8228.0,59549,ERCOT,2026-07-13
2026-07-13T07,11659.0,33911.0,4975.0,0.0,6982.0,57354,ERCOT,2026-07-13
2026-07-13T08,11652.0,33996.0,4975.0,0.0,5440.0,55874,ERCOT,2026-07-13
2026-07-13T09,11713.0,34404.0,4976.0,0.0,4258.0,54912,ERCOT,2026-07-13
2026-07-13T10,11717.0,34440.0,4976.0,0.0,3212.0,54909,ERCOT,2026-07-13
2026-07-13T11,11694.0,34505.0,4977.0,0.0,3123.0,55720,ERCOT,2026-07-13
2026-07-13T12,11692.0,34329.0,4978.0,49.0,2995.0,56748,ERCOT,2026-07-13
2026-07-13T13,11662.0,34259.0,4979.0,3224.0,2649.0,57488,ERCOT,2026-07-13
2026-07-13T14,11262.0,32008.0,4979.0,11343.0,2402.0,59513,ERCOT,2026-07-13
2026-07-13T15,11376.0,31288.0,4977.0,15418.0,2931.0,62029,ERCOT,2026-07-13
2026-07-13T16,11556.0,31210.0,4977.0,16364.0,3479.0,64427,ERCOT,2026-07-13
2026-07-13T17,11686.0,31551.0,4977.0,16945.0,3905.0,66383,ERCOT,2026-07-13
2026-07-13T18,11479.0,31552.0,4977.0,19062.0,4110.0,68048,ERCOT,2026-07-13
2026-07-13T19,11407.0,31340.0,4978.0,20110.0,4651.0,69782,ERCOT,2026-07-13
2026-07-13T20,11470.0,31825.0,4978.0,18829.0,5909.0,71374,ERCOT,2026-07-13
2026-07-13T21,11009.0,31609.0,4980.0,19052.0,6885.0,72564,ERCOT,2026-07-13
2026-07-13T22,10087.0,31633.0,4981.0,19238.0,7954.0,73313,ERCOT,2026-07-13
2026-07-13T23,9755.0,32335.0,4981.0,17061.0,9266.0,73081,ERCOT,2026-07-13
2026-07-14T00,9948.0,32882.0,4981.0,13852.0,10653.0,71973,ERCOT,2026-07-14
2026-07-14T01,10299.0,33901.0,4981.0,7791.0,11452.0,69836,ERCOT,2026-07-14
2026-07-14T02,11569.0,35662.0,4982.0,991.0,11411.0,68308,ERCOT,2026-07-14
2026-07-14T03,10823.0,34977.0,4984.0,0.0,11656.0,66847,ERCOT,2026-07-14
2026-07-14T04,10904.0,35249.0,4984.0,0.0,10927.0,64174,ERCOT,2026-07-14
2026-07-14T05,10948.0,34890.0,4982.0,0.0,9742.0,60958,ERCOT,2026-07-14
2026-07-14T06,10671.0,33576.0,4981.0,0.0,8887.0,57859,ERCOT,2026-07-14
2026-07-14T07,10759.0,32521.0,4982.0,0.0,7500.0,55720,ERCOT,2026-07-14
2026-07-14T08,10810.0,32479.0,4982.0,0.0,6119.0,54251,ERCOT,2026-07-14
2026-07-14T09,10650.0,32248.0,4982.0,0.0,5306.0,53402,ERCOT,2026-07-14
2026-07-14T10,10730.0,32491.0,4982.0,0.0,4715.0,53358,ERCOT,2026-07-14
2026-07-14T11,10637.0,32465.0,4982.0,0.0,4357.0,54166,ERCOT,2026-07-14
2026-07-14T12,10802.0,32403.0,4983.0,48.0,3914.0,55309,ERCOT,2026-07-14
2026-07-14T13,10889.0,32318.0,4983.0,2583.0,3388.0,56031,ERCOT,2026-07-14
2026-07-14T14,10390.0,31258.0,4984.0,8237.0,3120.0,57368,ERCOT,2026-07-14
2026-07-14T15,8963.0,29918.0,4987.0,13094.0,4002.0,58993,ERCOT,2026-07-14
2026-07-14T16,8494.0,28425.0,4993.0,16373.0,5633.0,61105,ERCOT,2026-07-14
2026-07-14T17,8489.0,28248.0,4994.0,17166.0,7344.0,63137,ERCOT,2026-07-14
2026-07-14T18,8724.0,28701.0,4994.0,18550.0,8005.0,65026,ERCOT,2026-07-14
2026-07-14T19,8352.0,28094.0,4993.0,19771.0,9075.0,66653,ERCOT,2026-07-14
2026-07-14T20,8187.0,27424.0,4989.0,20328.0,10751.0,68006,ERCOT,2026-07-14
2026-07-14T21,8382.0,27356.0,4989.0,19152.0,11887.0,68720,ERCOT,2026-07-14
2026-07-14T22,7284.0,26395.0,4990.0,17801.0,14558.0,69001,ERCOT,2026-07-14
2026-07-14T23,7032.0,25760.0,4991.0,16578.0,15467.0,68755,ERCOT,2026-07-14
2026-07-15T00,6898.0,27009.0,4991.0,13169.0,16161.0,67979,ERCOT,2026-07-15
2026-07-15T01,8270.0,29771.0,4991.0,7110.0,14784.0,66454,ERCOT,2026-07-15
2026-07-15T02,10235.0,32076.0,4991.0,945.0,11525.0,65279,ERCOT,2026-07-15
2026-07-15T03,10468.0,32821.0,4991.0,0.0,8685.0,64126,ERCOT,2026-07-15
2026-07-15T04,10285.0,33360.0,4991.0,0.0,7766.0,61621,ERCOT,2026-07-15
2026-07-15T05,10137.0,33223.0,4991.0,0.0,8006.0,58565,ERCOT,2026-07-15
2026-07-15T06,10231.0,32155.0,4992.0,0.0,8554.0,55763,ERCOT,2026-07-15
2026-07-15T07,10144.0,30992.0,4992.0,0.0,8368.0,53837,ERCOT,2026-07-15
2026-07-15T08,10160.0,30860.0,4993.0,0.0,7657.0,52363,ERCOT,2026-07-15
2026-07-15T09,10034.0,30346.0,4993.0,0.0,6731.0,51673,ERCOT,2026-07-15
2026-07-15T10,10333.0,30324.0,4993.0,0.0,5867.0,51707,ERCOT,2026-07-15
2026-07-15T11,10596.0,30524.0,4993.0,0.0,5937.0,52860,ERCOT,2026-07-15
2026-07-15T12,10640.0,30414.0,4994.0,72.0,6180.0,53720,ERCOT,2026-07-15
2026-07-15T13,10128.0,29646.0,4994.0,3066.0,5875.0,54466,ERCOT,2026-07-15
2026-07-15T14,8802.0,28278.0,4994.0,9477.0,5757.0,56116,ERCOT,2026-07-15
2026-07-15T15,8002.0,27256.0,4995.0,14884.0,6181.0,58127,ERCOT,2026-07-15
2026-07-15T16,8310.0,27485.0,4995.0,16791.0,6346.0,60412,ERCOT,2026-07-15
2026-07-15T17,9657.0,27722.0,4996.0,17223.0,6515.0,62456,ERCOT,2026-07-15
2026-07-15T18,10336.0,28026.0,4997.0,18554.0,6654.0,63999,ERCOT,2026-07-15
2026-07-15T19,10120.0,27853.0,4997.0,19864.0,6584.0,65505,ERCOT,2026-07-15
2026-07-15T20,9876.0,27961.0,4996.0,19191.0,6843.0,65637,ERCOT,2026-07-15
2026-07-15T21,8756.0,27532.0,4996.0,18899.0,7848.0,64949,ERCOT,2026-07-15
2026-07-15T22,7947.0,26800.0,4997.0,18311.0,9988.0,65216,ERCOT,2026-07-15
2026-07-15T23,7640.0,25982.0,4997.0,16725.0,12278.0,65961,ERCOT,2026-07-15
2026-07-16T00,8212.0,26872.0,4997.0,12928.0,13125.0,66075,ERCOT,2026-07-16
2026-07-16T01,10377.0,28497.0,4997.0,6948.0,12741.0,65113,ERCOT,2026-07-16
2026-07-16T02,10875.0,30107.0,4997.0,949.0,11967.0,64066,ERCOT,2026-07-16
2026-07-16T03,10966.0,30630.0,4998.0,0.0,11926.0,63548,ERCOT,2026-07-16
2026-07-16T04,11009.0,29728.0,4999.0,0.0,12560.0,61050,ERCOT,2026-07-16
2026-07-16T05,10915.0,29350.0,4997.0,0.0,12580.0,58051,ERCOT,2026-07-16
2026-07-16T06,10791.0,28729.0,4998.0,0.0,11578.0,55764,ERCOT,2026-07-16
2026-07-16T07,10737.0,28333.0,4998.0,0.0,9969.0,54008,ERCOT,2026-07-16
2026-07-16T08,10867.0,28512.0,4998.0,0.0,8634.0,52823,ERCOT,2026-07-16
2026-07-16T09,10796.0,28196.0,4999.0,0.0,7948.0,52073,ERCOT,2026-07-16
2026-07-16T10,10967.0,28187.0,4999.0,0.0,7403.0,52096,ERCOT,2026-07-16
2026-07-16T11,10428.0,28762.0,4999.0,0.0,6807.0,52894,ERCOT,2026-07-16
2026-07-16T12,10310.0,29390.0,4999.0,59.0,7322.0,54408,ERCOT,2026-07-16
2026-07-16T13,10154.0,29135.0,4999.0,2054.0,7988.0,55271,ERCOT,2026-07-16
2026-07-16T14,9829.0,27712.0,5000.0,6882.0,8478.0,57038,ERCOT,2026-07-16
2026-07-16T15,9055.0,26011.0,5000.0,11654.0,10164.0,59558,ERCOT,2026-07-16
2026-07-16T16,8762.0,24986.0,4999.0,16645.0,11330.0,62918,ERCOT,2026-07-16
2026-07-16T17,8956.0,24325.0,4998.0,20510.0,11951.0,66398,ERCOT,2026-07-16
2026-07-16T18,8667.0,23620.0,4998.0,23201.0,12836.0,69542,ERCOT,2026-07-16
2026-07-16T19,8229.0,23601.0,4997.0,24993.0,14621.0,72468,ERCOT,2026-07-16
2026-07-16T20,8089.0,24317.0,4996.0,24137.0,15583.0,74457,ERCOT,2026-07-16
2026-07-16T21,8480.0,26179.0,4995.0,20296.0,16053.0,74899,ERCOT,2026-07-16
2026-07-16T22,8919.0,27812.0,4993.0,17914.0,15477.0,74039,ERCOT,2026-07-16
2026-07-16T23,9422.0,29700.0,4994.0,14573.0,15420.0,73167,ERCOT,2026-07-16
2026-07-17T00,9821.0,31184.0,4994.0,11025.0,14464.0,71615,ERCOT,2026-07-17
2026-07-17T01,9989.0,31806.0,4994.0,5025.0,15325.0,69251,ERCOT,2026-07-17
2026-07-17T02,10040.0,31718.0,4994.0,629.0,16199.0,67767,ERCOT,2026-07-17
2026-07-17T03,10027.0,30973.0,4994.0,0.0,16412.0,66352,ERCOT,2026-07-17
2026-07-17T04,9964.0,29785.0,4995.0,0.0,16012.0,63457,ERCOT,2026-07-17
2026-07-17T05,9496.0,29085.0,4995.0,0.0,16153.0,60422,ERCOT,2026-07-17
2026-07-17T06,9080.0,28100.0,4996.0,0.0,15739.0,57845,ERCOT,2026-07-17
2026-07-17T07,8761.0,27266.0,4996.0,0.0,15074.0,55833,ERCOT,2026-07-17
2026-07-17T08,8701.0,26985.0,4996.0,0.0,14471.0,54377,ERCOT,2026-07-17
2026-07-17T09,8021.0,26596.0,4997.0,0.0,14550.0,53641,ERCOT,2026-07-17
2026-07-17T10,7881.0,26335.0,4997.0,0.0,14785.0,53824,ERCOT,2026-07-17
2026-07-17T11,7864.0,26407.0,4997.0,0.0,15451.0,54638,ERCOT,2026-07-17
2026-07-17T12,7813.0,26347.0,4998.0,85.0,15970.0,55733,ERCOT,2026-07-17
2026-07-17T13,7318.0,26091.0,4998.0,3155.0,15009.0,56771,ERCOT,2026-07-17
2026-07-17T14,6232.0,25084.0,4998.0,9759.0,14379.0,58981,ERCOT,2026-07-17
2026-07-17T15,5955.0,22851.0,4998.0,15790.0,16396.0,62169,ERCOT,2026-07-17
2026-07-17T16,6402.0,23184.0,4998.0,20163.0,15472.0,65520,ERCOT,2026-07-17
2026-07-17T17,6292.0,22768.0,4997.0,25071.0,15928.0,69059,ERCOT,2026-07-17
2026-07-17T18,5967.0,21425.0,4996.0,27837.0,16595.0,72620,ERCOT,2026-07-17
2026-07-17T19,6094.0,21327.0,4993.0,28540.0,16836.0,75723,ERCOT,2026-07-17
2026-07-17T20,6292.0,22415.0,4991.0,28699.0,16865.0,78095,ERCOT,2026-07-17
2026-07-17T21,6223.0,23276.0,4990.0,27891.0,17996.0,79578,ERCOT,2026-07-17
2026-07-17T22,6227.0,24186.0,4988.0,26184.0,19559.0,80646,ERCOT,2026-07-17
2026-07-17T23,6811.0,25652.0,4987.0,23535.0,20362.0,80714,ERCOT,2026-07-17
2026-07-18T00,7338.0,26679.0,4987.0,18519.0,21613.0,79251,ERCOT,2026-07-18
2026-07-18T01,8588.0,29356.0,4987.0,8944.0,21714.0,76366,ERCOT,2026-07-18
2026-07-18T02,9403.0,31390.0,4987.0,764.0,18643.0,73276,ERCOT,2026-07-18
2026-07-18T03,9751.0,31562.0,4987.0,1.0,16234.0,71140,ERCOT,2026-07-18
2026-07-18T04,9802.0,32300.0,4989.0,1.0,15587.0,67779,ERCOT,2026-07-18
2026-07-18T05,9735.0,32424.0,4989.0,0.0,15957.0,64441,ERCOT,2026-07-18
2026-07-18T06,9767.0,30059.0,4990.0,0.0,16343.0,61443,ERCOT,2026-07-18
2026-07-18T07,8727.0,28385.0,4991.0,1.0,17014.0,58975,ERCOT,2026-07-18
2026-07-18T08,7535.0,27356.0,4991.0,1.0,17588.0,57104,ERCOT,2026-07-18
2026-07-18T09,6563.0,26682.0,4991.0,1.0,17655.0,55646,ERCOT,2026-07-18
2026-07-18T10,6381.0,26254.0,4992.0,1.0,16926.0,54765,ERCOT,2026-07-18
2026-07-18T11,6328.0,25832.0,4992.0,1.0,17231.0,54531,ERCOT,2026-07-18
2026-07-18T12,6615.0,25168.0,4992.0,62.0,16886.0,54339,ERCOT,2026-07-18
2026-07-18T13,6893.0,23903.0,4993.0,4215.0,15159.0,54631,ERCOT,2026-07-18
2026-07-18T14,6698.0,21362.0,4993.0,15142.0,13875.0,57852,ERCOT,2026-07-18
2026-07-18T15,6269.0,19005.0,4993.0,23266.0,17254.0,62152,ERCOT,2026-07-18
2026-07-18T16,5938.0,17975.0,4993.0,28694.0,16674.0,66352,ERCOT,2026-07-18
2026-07-18T17,5936.0,18430.0,4992.0,30686.0,14031.0,70248,ERCOT,2026-07-18
2026-07-18T18,6117.0,21267.0,4990.0,31094.0,12256.0,73666,ERCOT,2026-07-18
2026-07-18T19,6762.0,22862.0,4988.0,31352.0,11984.0,76598,ERCOT,2026-07-18
2026-07-18T20,7256.0,23631.0,4985.0,32074.0,12383.0,79029,ERCOT,2026-07-18
2026-07-18T21,7374.0,24275.0,4983.0,31561.0,13330.0,80698,ERCOT,2026-07-18
2026-07-18T22,7326.0,25237.0,4983.0,29542.0,15389.0,81351,ERCOT,2026-07-18
2026-07-18T23,7424.0,25684.0,4981.0,25663.0,18418.0,81505,ERCOT,2026-07-18
2026-07-19T00,8186.0,28304.0,4981.0,18657.0,20406.0,80538,ERCOT,2026-07-19
2026-07-19T01,9979.0,32086.0,4981.0,7577.0,20305.0,77831,ERCOT,2026-07-19
2026-07-19T02,10489.0,33426.0,4982.0,597.0,18260.0,74686,ERCOT,2026-07-19
2026-07-19T03,10688.0,33777.0,4982.0,1.0,16526.0,72334,ERCOT,2026-07-19
2026-07-19T04,10773.0,33871.0,4984.0,0.0,14699.0,69058,ERCOT,2026-07-19
2026-07-19T05,10655.0,34157.0,4985.0,0.0,13523.0,65509,ERCOT,2026-07-19
2026-07-19T06,10589.0,33574.0,4985.0,0.0,11654.0,62159,ERCOT,2026-07-19
2026-07-19T07,10649.0,33120.0,4987.0,0.0,9713.0,59435,ERCOT,2026-07-19
2026-07-19T08,10670.0,32630.0,4987.0,0.0,8789.0,57444,ERCOT,2026-07-19
2026-07-19T09,10432.0,31381.0,4987.0,0.0,8699.0,55915,ERCOT,2026-07-19
2026-07-19T10,9963.0,30816.0,4987.0,0.0,8821.0,54936,ERCOT,2026-07-19
2026-07-19T11,9883.0,30840.0,4988.0,0.0,8474.0,54347,ERCOT,2026-07-19
2026-07-19T12,9712.0,30605.0,4988.0,81.0,8116.0,53771,ERCOT,2026-07-19
2026-07-19T13,8460.0,28630.0,4989.0,4463.0,8159.0,53968,ERCOT,2026-07-19
2026-07-19T14,7129.0,25296.0,4989.0,16134.0,7073.0,56872,ERCOT,2026-07-19
2026-07-19T15,6716.0,23209.0,4989.0,24952.0,8911.0,60942,ERCOT,2026-07-19
2026-07-19T16,6359.0,22653.0,4989.0,29830.0,9968.0,65282,ERCOT,2026-07-19
2026-07-19T17,6323.0,22523.0,4988.0,31781.0,9240.0,69813,ERCOT,2026-07-19
2026-07-19T18,6622.0,23554.0,4988.0,32224.0,8769.0,73887,ERCOT,2026-07-19
2026-07-19T19,7792.0,25634.0,4986.0,32539.0,7986.0,77486,ERCOT,2026-07-19
2026-07-19T20,9190.0,27164.0,4983.0,31973.0,8215.0,80320,ERCOT,2026-07-19
2026-07-19T21,9751.0,28520.0,4980.0,30930.0,8760.0,81992,ERCOT,2026-07-19
2026-07-19T22,10100.0,29094.0,4978.0,28624.0,10763.0,82632,ERCOT,2026-07-19
2026-07-19T23,10069.0,31331.0,4975.0,26372.0,10712.0,82638,ERCOT,2026-07-19
2026-07-20T00,10353.0,33824.0,4973.0,20414.0,11475.0,81618,ERCOT,2026-07-20
2026-07-20T01,10986.0,37111.0,4972.0,8583.0,12302.0,79639,ERCOT,2026-07-20
2026-07-20T02,11394.0,38480.0,4972.0,629.0,12797.0,76574,ERCOT,2026-07-20
2026-07-20T03,11646.0,38049.0,4974.0,0.0,13971.0,74798,ERCOT,2026-07-20
2026-07-20T04,11815.0,36820.0,4975.0,0.0,14082.0,71176,ERCOT,2026-07-20
2026-07-20T05,11721.0,34117.0,4974.0,0.0,14764.0,66957,ERCOT,2026-07-20
2026-07-20T06,11533.0,31246.0,4975.0,0.0,14861.0,63027,ERCOT,2026-07-20
2026-07-20T07,10671.0,29481.0,4976.0,0.0,14576.0,59962,ERCOT,2026-07-20
2026-07-20T08,9902.0,28869.0,4977.0,0.0,14590.0,58085,ERCOT,2026-07-20
2026-07-20T09,9882.0,28157.0,4979.0,0.0,14116.0,56787,ERCOT,2026-07-20
2026-07-20T10,9450.0,28098.0,4979.0,0.0,13360.0,56165,ERCOT,2026-07-20
2026-07-20T11,9525.0,28336.0,4980.0,0.0,13166.0,56460,ERCOT,2026-07-20
2026-07-20T12,10087.0,28584.0,4981.0,79.0,12622.0,57244,ERCOT,2026-07-20
2026-07-20T13,9946.0,27833.0,4982.0,5614.0,10742.0,58175,ERCOT,2026-07-20
2026-07-20T14,7752.0,25125.0,4982.0,20378.0,7727.0,60966,ERCOT,2026-07-20
2026-07-20T15,7000.0,24572.0,4983.0,28984.0,7562.0,64657,ERCOT,2026-07-20
2026-07-20T16,7299.0,25277.0,4983.0,32343.0,6190.0,68957,ERCOT,2026-07-20
2026-07-20T17,7845.0,26242.0,4983.0,33067.0,4599.0,73700,ERCOT,2026-07-20
2026-07-20T18,9599.0,27839.0,4982.0,33431.0,4094.0,78097,ERCOT,2026-07-20
2026-07-20T19,9901.0,29823.0,4981.0,32938.0,5053.0,81703,ERCOT,2026-07-20
2026-07-20T20,9635.0,30429.0,4978.0,32549.0,6699.0,83316,ERCOT,2026-07-20
2026-07-20T21,9866.0,30623.0,4977.0,32255.0,7920.0,84192,ERCOT,2026-07-20
2026-07-20T22,9634.0,31490.0,4977.0,31776.0,8526.0,85213,ERCOT,2026-07-20
2026-07-20T23,9885.0,32472.0,4976.0,30222.0,9200.0,85266,ERCOT,2026-07-20
2026-07-21T00,10500.0,34984.0,4974.0,24172.0,10148.0,84916,ERCOT,2026-07-21
2026-07-21T01,11086.0,39239.0,4971.0,11004.0,11433.0,83891,ERCOT,2026-07-21
2026-07-21T02,11279.0,40640.0,4970.0,797.0,12254.0,80446,ERCOT,2026-07-21
2026-07-21T03,11250.0,40806.0,4969.0,0.0,13824.0,77975,ERCOT,2026-07-21
2026-07-21T04,11049.0,39213.0,4969.0,0.0,16488.0,74028,ERCOT,2026-07-21
2026-07-21T05,11007.0,35376.0,4966.0,0.0,17416.0,69247,ERCOT,2026-07-21
2026-07-21T06,10435.0,31974.0,4968.0,0.0,17473.0,65113,ERCOT,2026-07-21
2026-07-21T07,9496.0,30606.0,4968.0,0.0,17049.0,61771,ERCOT,2026-07-21
2026-07-21T08,8970.0,30142.0,4970.0,0.0,15679.0,59248,ERCOT,2026-07-21
2026-07-21T09,9222.0,30412.0,4968.0,0.0,13877.0,57423,ERCOT,2026-07-21
2026-07-21T10,9519.0,30461.0,4968.0,0.0,11533.0,56566,ERCOT,2026-07-21
2026-07-21T11,10164.0,31086.0,4972.0,0.0,9493.0,56874,ERCOT,2026-07-21
2026-07-21T12,11254.0,31981.0,4974.0,73.0,7287.0,57896,ERCOT,2026-07-21
2026-07-21T13,11003.0,31554.0,4974.0,5391.0,5836.0,58710,ERCOT,2026-07-21
2026-07-21T14,8150.0,29520.0,4974.0,20752.0,3726.0,61160,ERCOT,2026-07-21
2026-07-21T15,7456.0,29387.0,4974.0,30163.0,2161.0,64990,ERCOT,2026-07-21
2026-07-21T16,7153.0,28516.0,4974.0,33657.0,1554.0,69735,ERCOT,2026-07-21
2026-07-21T17,7111.0,28553.0,4974.0,34375.0,1382.0,74883,ERCOT,2026-07-21
2026-07-21T18,9520.0,30883.0,4974.0,34226.0,1288.0,79865,ERCOT,2026-07-21
2026-07-21T19,11019.0,33127.0,4973.0,34079.0,1399.0,84007,ERCOT,2026-07-21
2026-07-21T20,10968.0,34609.0,4970.0,33595.0,1950.0,85329,ERCOT,2026-07-21
2026-07-21T21,10852.0,35175.0,4967.0,32637.0,2760.0,86148,ERCOT,2026-07-21
2026-07-21T22,10583.0,36207.0,4965.0,31989.0,3502.0,87038,ERCOT,2026-07-21
2026-07-21T23,10607.0,37672.0,4964.0,30262.0,3949.0,87397,ERCOT,2026-07-21
2026-07-22T00,10948.0,41204.0,4964.0,24591.0,4317.0,86941,ERCOT,2026-07-22
2026-07-22T01,10939.0,46674.0,4962.0,11132.0,4824.0,84951,ERCOT,2026-07-22
2026-07-22T02,11123.0,47133.0,4960.0,908.0,6397.0,81485,ERCOT,2026-07-22
2026-07-22T03,11149.0,45965.0,4959.0,0.0,7883.0,78977,ERCOT,2026-07-22
2026-07-22T04,11345.0,45314.0,4960.0,1.0,8336.0,74779,ERCOT,2026-07-22
2026-07-22T05,11271.0,43756.0,4961.0,1.0,8979.0,70842,ERCOT,2026-07-22
2026-07-22T06,11166.0,41216.0,4961.0,0.0,9112.0,67441,ERCOT,2026-07-22
2026-07-22T07,11336.0,38673.0,4960.0,0.0,8889.0,64122,ERCOT,2026-07-22
2026-07-22T08,11452.0,37532.0,4959.0,0.0,8198.0,61661,ERCOT,2026-07-22
2026-07-22T09,11509.0,37137.0,4960.0,0.0,6842.0,59940,ERCOT,2026-07-22
2026-07-22T10,11535.0,36940.0,4960.0,0.0,5855.0,59202,ERCOT,2026-07-22
2026-07-22T11,11521.0,37090.0,4961.0,0.0,4659.0,59300,ERCOT,2026-07-22
2026-07-22T12,11497.0,37919.0,4963.0,68.0,3605.0,60037,ERCOT,2026-07-22
2026-07-22T13,11023.0,36882.0,4965.0,5621.0,2710.0,60671,ERCOT,2026-07-22
2026-07-22T14,10003.0,34131.0,4966.0,20866.0,1305.0,64303,ERCOT,2026-07-22
2026-07-22T15,10453.0,33566.0,4966.0,29370.0,577.0,69105,ERCOT,2026-07-22
2026-07-22T16,10835.0,33796.0,4965.0,32110.0,398.0,74926,ERCOT,2026-07-22
2026-07-22T17,10651.0,33626.0,4966.0,33072.0,555.0,80689,ERCOT,2026-07-22
2026-07-22T18,11395.0,35337.0,4967.0,33484.0,1447.0,85451,ERCOT,2026-07-22
2026-07-22T19,10909.0,37364.0,4968.0,32862.0,1635.0,87515,ERCOT,2026-07-22
2026-07-22T20,10312.0,40521.0,4967.0,31967.0,1794.0,89330,ERCOT,2026-07-22
2026-07-22T21,9957.0,41975.0,4964.0,31513.0,2550.0,90402,ERCOT,2026-07-22
2026-07-22T22,9763.0,42199.0,4959.0,30545.0,3370.0,90966,ERCOT,2026-07-22
2026-07-22T23,9444.0,43172.0,4957.0,28708.0,4654.0,91075,ERCOT,2026-07-22
2026-07-23T00,9901.0,44822.0,4954.0,22825.0,6096.0,90427,ERCOT,2026-07-23
2026-07-23T01,10295.0,46683.0,4955.0,10470.0,7385.0,88133,ERCOT,2026-07-23
2026-07-23T02,10630.0,47031.0,4955.0,1001.0,8690.0,84899,ERCOT,2026-07-23
2026-07-23T03,10773.0,46791.0,4953.0,1.0,10629.0,81593,ERCOT,2026-07-23
2026-07-23T04,10646.0,45998.0,4953.0,1.0,12500.0,77117,ERCOT,2026-07-23
2026-07-23T05,10457.0,44112.0,4952.0,1.0,12899.0,73485,ERCOT,2026-07-23
2026-07-23T06,10164.0,42134.0,4950.0,0.0,12014.0,70022,ERCOT,2026-07-23
2026-07-23T07,10065.0,40509.0,4950.0,0.0,10591.0,66775,ERCOT,2026-07-23
2026-07-23T08,10058.0,39052.0,4951.0,0.0,10268.0,64026,ERCOT,2026-07-23
2026-07-23T09,10041.0,37405.0,4952.0,0.0,9651.0,62008,ERCOT,2026-07-23
2026-07-23T10,10139.0,37010.0,4952.0,0.0,8710.0,60839,ERCOT,2026-07-23
2026-07-23T11,10212.0,36804.0,4953.0,0.0,8211.0,60698,ERCOT,2026-07-23
2026-07-23T12,10297.0,37292.0,4953.0,71.0,6651.0,60798,ERCOT,2026-07-23
2026-07-23T13,9773.0,36407.0,4953.0,5032.0,5025.0,61134,ERCOT,2026-07-23
2026-07-23T14,9058.0,32443.0,4952.0,18999.0,3619.0,64324,ERCOT,2026-07-23
2026-07-23T15,8326.0,31005.0,4954.0,27013.0,3852.0,67616,ERCOT,2026-07-23
2026-07-23T16,7932.0,30475.0,4954.0,29969.0,4153.0,71248,ERCOT,2026-07-23
2026-07-23T17,8125.0,30933.0,4953.0,30579.0,2926.0,74800,ERCOT,2026-07-23
2026-07-23T18,8751.0,32236.0,4953.0,30715.0,2185.0,77971,ERCOT,2026-07-23
2026-07-23T19,9589.0,33596.0,4952.0,30543.0,2192.0,81267,ERCOT,2026-07-23
2026-07-23T20,9868.0,35125.0,4952.0,29746.0,2973.0,83196,ERCOT,2026-07-23
2026-07-23T21,9768.0,37098.0,4953.0,27506.0,4993.0,84074,ERCOT,2026-07-23
2026-07-23T22,9124.0,37677.0,4954.0,25136.0,8544.0,84319,ERCOT,2026-07-23
2026-07-23T23,8793.0,37429.0,4954.0,22505.0,10953.0,83338,ERCOT,2026-07-23
2026-07-24T00,9706.0,37794.0,4954.0,18314.0,11638.0,81508,ERCOT,2026-07-24
2026-07-24T01,10239.0,39831.0,4955.0,8421.0,11584.0,79246,ERCOT,2026-07-24
2026-07-24T02,10284.0,40782.0,4956.0,845.0,12551.0,77027,ERCOT,2026-07-24
2026-07-24T03,10307.0,40357.0,4957.0,2.0,15155.0,75059,ERCOT,2026-07-24
2026-07-24T04,10328.0,38365.0,4958.0,2.0,16808.0,71884,ERCOT,2026-07-24
2026-07-24T05,10328.0,35834.0,4959.0,2.0,16687.0,68252,ERCOT,2026-07-24
2026-07-24T06,10272.0,34103.0,4961.0,1.0,14876.0,64900,ERCOT,2026-07-24
2026-07-24T07,10260.0,32865.0,4962.0,1.0,14262.0,62230,ERCOT,2026-07-24
2026-07-24T08,9926.0,30668.0,4963.0,1.0,15864.0,60230,ERCOT,2026-07-24
2026-07-24T09,9445.0,30076.0,4964.0,1.0,15435.0,58722,ERCOT,2026-07-24
2026-07-24T10,9308.0,29727.0,4965.0,0.0,14510.0,58285,ERCOT,2026-07-24
2026-07-24T11,9902.0,30820.0,4966.0,0.0,12659.0,58784,ERCOT,2026-07-24
2026-07-24T12,10316.0,31475.0,4967.0,24.0,10828.0,59424,ERCOT,2026-07-24
2026-07-24T13,10328.0,31260.0,4968.0,3461.0,9739.0,60339,ERCOT,2026-07-24
2026-07-24T14,9228.0,28818.0,4968.0,14501.0,8217.0,62831,ERCOT,2026-07-24
2026-07-24T15,7783.0,26214.0,4969.0,22537.0,10631.0,65664,ERCOT,2026-07-24
2026-07-24T16,7257.0,25426.0,4970.0,26694.0,9839.0,68780,ERCOT,2026-07-24
2026-07-24T17,7266.0,25429.0,4976.0,28842.0,9004.0,72420,ERCOT,2026-07-24
2026-07-24T18,8226.0,26060.0,4978.0,29570.0,8624.0,75537,ERCOT,2026-07-24
2026-07-24T19,8719.0,26805.0,4977.0,30123.0,8802.0,78618,ERCOT,2026-07-24
2026-07-24T20,8853.0,27510.0,4975.0,30360.0,9745.0,81128,ERCOT,2026-07-24
2026-07-24T21,9685.0,28377.0,4974.0,29426.0,11051.0,83113,ERCOT,2026-07-24
2026-07-24T22,9573.0,28339.0,4973.0,28911.0,13342.0,84052,ERCOT,2026-07-24
2026-07-24T23,8783.0,28383.0,4972.0,26447.0,16667.0,84099,ERCOT,2026-07-24
2026-07-25T00,9090.0,28814.0,4972.0,20815.0,19714.0,82887,ERCOT,2026-07-25
2026-07-25T01,10084.0,31877.0,4973.0,9387.0,20949.0,80569,ERCOT,2026-07-25
2026-07-25T02,10321.0,33172.0,4973.0,683.0,20572.0,77640,ERCOT,2026-07-25
2026-07-25T03,10347.0,32928.0,4975.0,0.0,20220.0,75336,ERCOT,2026-07-25
2026-07-25T04,10300.0,32325.0,4975.0,0.0,20932.0,72013,ERCOT,2026-07-25
2026-07-25T05,10485.0,31313.0,4976.0,0.0,20702.0,68460,ERCOT,2026-07-25
2026-07-25T06,10272.0,29311.0,4977.0,0.0,20169.0,65100,ERCOT,2026-07-25
2026-07-25T07,9912.0,28737.0,4978.0,0.0,18874.0,62248,ERCOT,2026-07-25
2026-07-25T08,9273.0,28164.0,4979.0,0.0,18073.0,60079,ERCOT,2026-07-25
2026-07-25T09,8966.0,27953.0,4980.0,0.0,16819.0,58481,ERCOT,2026-07-25
2026-07-25T10,8819.0,27724.0,4980.0,0.0,15764.0,57420,ERCOT,2026-07-25
2026-07-25T11,8816.0,27388.0,4981.0,0.0,15500.0,56888,ERCOT,2026-07-25
2026-07-25T12,8138.0,26528.0,4982.0,40.0,16408.0,56452,ERCOT,2026-07-25
2026-07-25T13,7587.0,24974.0,4982.0,4262.0,15676.0,56601,ERCOT,2026-07-25
2026-07-25T14,6706.0,20593.0,4983.0,18153.0,14699.0,59546,ERCOT,2026-07-25
2026-07-25T15,6162.0,18689.0,4983.0,27401.0,16088.0,63567,ERCOT,2026-07-25
2026-07-25T16,5762.0,18008.0,4982.0,31461.0,15459.0,67471,ERCOT,2026-07-25
2026-07-25T17,5508.0,18265.0,4982.0,32158.0,14246.0,71524,ERCOT,2026-07-25
2026-07-25T18,5704.0,20055.0,4979.0,33254.0,12506.0,74959,ERCOT,2026-07-25
2026-07-25T19,6260.0,22613.0,4974.0,33684.0,11539.0,78173,ERCOT,2026-07-25
2026-07-25T20,7208.0,24886.0,4969.0,33729.0,11172.0,80960,ERCOT,2026-07-25
2026-07-25T21,8565.0,26154.0,4967.0,33288.0,11274.0,83191,ERCOT,2026-07-25
2026-07-25T22,9496.0,27460.0,4965.0,31998.0,11699.0,84389,ERCOT,2026-07-25
2026-07-25T23,9760.0,28942.0,4965.0,29496.0,12158.0,84596,ERCOT,2026-07-25
2026-07-26T00,10358.0,31329.0,4965.0,23585.0,13381.0,83433,ERCOT,2026-07-26
2026-07-26T01,11048.0,33794.0,4965.0,10546.0,14776.0,80843,ERCOT,2026-07-26
2026-07-26T02,11062.0,34523.0,4965.0,783.0,15571.0,77591,ERCOT,2026-07-26
2026-07-26T03,11080.0,34964.0,4966.0,0.0,17361.0,75033,ERCOT,2026-07-26
2026-07-26T04,11034.0,34247.0,4966.0,0.0,19103.0,71495,ERCOT,2026-07-26
2026-07-26T05,10510.0,31368.0,4968.0,1.0,20367.0,67639,ERCOT,2026-07-26
2026-07-26T06,8812.0,28907.0,4969.0,1.0,21107.0,64160,ERCOT,2026-07-26
2026-07-26T07,7507.0,27490.0,4965.0,1.0,21019.0,61167,ERCOT,2026-07-26
2026-07-26T08,7280.0,26666.0,4965.0,1.0,19749.0,58788,ERCOT,2026-07-26
2026-07-26T09,7404.0,26491.0,4966.0,1.0,17968.0,57010,ERCOT,2026-07-26
2026-07-26T10,7346.0,26299.0,4967.0,1.0,17170.0,55888,ERCOT,2026-07-26
2026-07-26T11,7226.0,26239.0,4968.0,1.0,16380.0,55062,ERCOT,2026-07-26
2026-07-26T12,7194.0,25605.0,4968.0,52.0,16105.0,54376,ERCOT,2026-07-26
2026-07-26T13,7351.0,23046.0,4969.0,5662.0,14502.0,54651,ERCOT,2026-07-26
2026-07-26T14,6576.0,18298.0,4969.0,22461.0,12086.0,58192,ERCOT,2026-07-26
2026-07-26T15,6044.0,17153.0,4970.0,30437.0,13389.0,62515,ERCOT,2026-07-26
2026-07-26T16,5765.0,18276.0,4969.0,33000.0,11497.0,66896,ERCOT,2026-07-26
2026-07-26T17,5945.0,20828.0,4969.0,33729.0,9164.0,71464,ERCOT,2026-07-26
2026-07-26T18,6581.0,23582.0,4969.0,33930.0,7843.0,75564,ERCOT,2026-07-26
2026-07-26T19,7811.0,24797.0,4968.0,33869.0,8277.0,79169,ERCOT,2026-07-26
2026-07-26T20,8705.0,25309.0,4967.0,33553.0,9971.0,82041,ERCOT,2026-07-26
2026-07-26T21,9437.0,26057.0,4965.0,33617.0,11022.0,84046,ERCOT,2026-07-26
2026-07-26T22,9973.0,27619.0,4963.0,32747.0,11738.0,85536,ERCOT,2026-07-26
2026-07-26T23,10206.0,28337.0,4961.0,31522.0,12486.0,86238,ERCOT,2026-07-26
2026-07-27T00,10229.0,29480.0,4961.0,26523.0,14153.0,85434,ERCOT,2026-07-27
2026-07-27T01,10704.0,33653.0,4962.0,11875.0,16015.0,82930,ERCOT,2026-07-27
2026-07-27T02,11025.0,35328.0,4963.0,869.0,17201.0,79607,ERCOT,2026-07-27
2026-07-27T03,11007.0,34962.0,4964.0,0.0,19568.0,77043,ERCOT,2026-07-27
2026-07-27T04,10678.0,33292.0,4964.0,0.0,21831.0,72999,ERCOT,2026-07-27
2026-07-27T05,9447.0,30715.0,4965.0,0.0,22989.0,68720,ERCOT,2026-07-27
2026-07-27T06,7370.0,28552.0,4965.0,0.0,23805.0,64825,ERCOT,2026-07-27
2026-07-27T07,6711.0,26460.0,4967.0,1.0,23709.0,61714,ERCOT,2026-07-27
2026-07-27T08,6599.0,25326.0,4967.0,1.0,22658.0,59340,ERCOT,2026-07-27
2026-07-27T09,6604.0,24870.0,4968.0,1.0,21676.0,57860,ERCOT,2026-07-27
2026-07-27T10,6592.0,24811.0,4968.0,1.0,21002.0,57505,ERCOT,2026-07-27
2026-07-27T11,6992.0,26010.0,4969.0,1.0,19292.0,58078,ERCOT,2026-07-27
2026-07-27T12,7970.0,26955.0,4969.0,56.0,17683.0,58648,ERCOT,2026-07-27
2026-07-27T13,7891.0,25478.0,4969.0,6209.0,15705.0,59567,ERCOT,2026-07-27
2026-07-27T14,6403.0,21238.0,4969.0,23447.0,12453.0,62590,ERCOT,2026-07-27
2026-07-27T15,5852.0,19752.0,4970.0,31724.0,13727.0,66572,ERCOT,2026-07-27
2026-07-27T16,6043.0,20382.0,4969.0,33964.0,12568.0,70918,ERCOT,2026-07-27
2026-07-27T17,6913.0,22106.0,4968.0,34434.0,10287.0,75451,ERCOT,2026-07-27
2026-07-27T18,7879.0,24426.0,4968.0,34499.0,9169.0,79556,ERCOT,2026-07-27
2026-07-27T19,8493.0,26237.0,4966.0,34535.0,10271.0,83463,ERCOT,2026-07-27
2026-07-27T20,9053.0,27796.0,4964.0,34114.0,11419.0,86364,ERCOT,2026-07-27
2026-07-27T21,9584.0,28729.0,4960.0,33459.0,12447.0,88472,ERCOT,2026-07-27
2026-07-27T22,9711.0,30015.0,4956.0,32510.0,13527.0,89363,ERCOT,2026-07-27
2026-07-27T23,9616.0,30869.0,4955.0,30840.0,14572.0,89619,ERCOT,2026-07-27
2026-07-28T00,9861.0,31996.0,4955.0,26274.0,16244.0,88525,ERCOT,2026-07-28
2026-07-28T01,10312.0,36446.0,4955.0,11977.0,18037.0,85954,ERCOT,2026-07-28
2026-07-28T02,10345.0,37915.0,4956.0,885.0,18827.0,82132,ERCOT,2026-07-28
2026-07-28T03,10320.0,37165.0,4957.0,0.0,20853.0,79237,ERCOT,2026-07-28
2026-07-28T04,10233.0,34761.0,4958.0,0.0,22532.0,74698,ERCOT,2026-07-28
2026-07-28T05,9886.0,31671.0,4960.0,0.0,22697.0,70166,ERCOT,2026-07-28
2026-07-28T06,9181.0,29081.0,4961.0,0.0,22888.0,66101,ERCOT,2026-07-28
2026-07-28T07,7834.0,27824.0,4962.0,0.0,22714.0,62931,ERCOT,2026-07-28
2026-07-28T08,7090.0,27042.0,4964.0,0.0,21649.0,60428,ERCOT,2026-07-28
2026-07-28T09,6850.0,26640.0,4964.0,0.0,20587.0,58813,ERCOT,2026-07-28
2026-07-28T10,6818.0,26650.0,4964.0,0.0,19783.0,58216,ERCOT,2026-07-28
2026-07-28T11,8102.0,27370.0,4965.0,0.0,17680.0,58559,ERCOT,2026-07-28
2026-07-28T12,9592.0,27531.0,4966.0,46.0,15954.0,59296,ERCOT,2026-07-28
2026-07-28T13,9196.0,26782.0,4967.0,5636.0,13728.0,59777,ERCOT,2026-07-28
2026-07-28T14,7153.0,23318.0,4967.0,21863.0,9926.0,62665,ERCOT,2026-07-28
2026-07-28T15,6811.0,23297.0,4968.0,29549.0,9732.0,66476,ERCOT,2026-07-28
2026-07-28T16,7949.0,24212.0,4972.0,32141.0,8735.0,70754,ERCOT,2026-07-28
2026-07-28T17,8353.0,24861.0,4972.0,32843.0,8158.0,75255,ERCOT,2026-07-28
2026-07-28T18,8656.0,26261.0,4972.0,32803.0,8491.0,79792,ERCOT,2026-07-28
2026-07-28T19,9506.0,27727.0,4970.0,32900.0,9581.0,83811,ERCOT,2026-07-28
2026-07-28T20,9756.0,29186.0,4967.0,32827.0,10922.0,86676,ERCOT,2026-07-28
2026-07-28T21,10194.0,30733.0,4963.0,32243.0,11413.0,88640,ERCOT,2026-07-28
2026-07-28T22,10219.0,32207.0,4962.0,32073.0,11613.0,89634,ERCOT,2026-07-28
2026-07-28T23,10271.0,33058.0,4960.0,30536.0,12063.0,89354,ERCOT,2026-07-28
2026-07-29T00,10449.0,35139.0,4960.0,25236.0,12606.0,88075,ERCOT,2026-07-29
2026-07-29T01,10909.0,38444.0,4959.0,11310.0,14061.0,85422,ERCOT,2026-07-29
2026-07-29T02,11051.0,39497.0,4960.0,820.0,15327.0,82352,ERCOT,2026-07-29
2026-07-29T03,11105.0,39453.0,4961.0,0.0,18247.0,79612,ERCOT,2026-07-29
2026-07-29T04,10921.0,37638.0,4961.0,0.0,20656.0,75275,ERCOT,2026-07-29
2026-07-29T05,10770.0,34136.0,4963.0,0.0,20692.0,70660,ERCOT,2026-07-29
2026-07-29T06,10391.0,31100.0,4965.0,0.0,20333.0,66800,ERCOT,2026-07-29
2026-07-29T07,9917.0,29992.0,4966.0,0.0,19228.0,63570,ERCOT,2026-07-29
2026-07-29T08,9361.0,29602.0,4966.0,0.0,18238.0,61201,ERCOT,2026-07-29
2026-07-29T09,9122.0,29215.0,4966.0,0.0,17531.0,59645,ERCOT,2026-07-29
2026-07-29T10,9836.0,29595.0,4967.0,0.0,14837.0,59126,ERCOT,2026-07-29
2026-07-29T11,10805.0,30610.0,4968.0,0.0,12319.0,59512,ERCOT,2026-07-29
2026-07-29T12,10975.0,31726.0,4969.0,33.0,10710.0,60185,ERCOT,2026-07-29
2026-07-29T13,10746.0,31961.0,4969.0,4026.0,9145.0,60762,ERCOT,2026-07-29
2026-07-29T14,8451.0,29230.0,4969.0,18459.0,7689.0,63553,ERCOT,2026-07-29
2026-07-29T15,7416.0,27776.0,4969.0,26670.0,8223.0,67277,ERCOT,2026-07-29
2026-07-29T16,7505.0,27525.0,4969.0,30329.0,7757.0,71797,ERCOT,2026-07-29
2026-07-29T17,7530.0,27544.0,4966.0,31724.0,6771.0,76151,ERCOT,2026-07-29
2026-07-29T18,8898.0,29830.0,4966.0,31684.0,6368.0,80275,ERCOT,2026-07-29
2026-07-29T19,9017.0,31762.0,4964.0,31912.0,7418.0,84020,ERCOT,2026-07-29
2026-07-29T20,9368.0,32811.0,4962.0,31891.0,7970.0,86542,ERCOT,2026-07-29
2026-07-29T21,9712.0,33990.0,4959.0,32122.0,8257.0,87962,ERCOT,2026-07-29
2026-07-29T22,9735.0,34844.0,4957.0,31644.0,9112.0,88877,ERCOT,2026-07-29
2026-07-29T23,9725.0,35718.0,4956.0,29236.0,9998.0,88837,ERCOT,2026-07-29
2026-07-30T00,9716.0,37643.0,4956.0,23666.0,11568.0,87537,ERCOT,2026-07-30
2026-07-30T01,9828.0,40429.0,4956.0,10372.0,13338.0,85039,ERCOT,2026-07-30
2026-07-30T02,10113.0,41375.0,4958.0,728.0,14689.0,81979,ERCOT,2026-07-30
2026-07-30T03,9943.0,41082.0,4959.0,0.0,17028.0,79389,ERCOT,2026-07-30
2026-07-30T04,9532.0,39477.0,4960.0,0.0,19196.0,75167,ERCOT,2026-07-30
2026-07-30T05,9107.0,36468.0,4961.0,0.0,20032.0,70969,ERCOT,2026-07-30
2026-07-30T06,8570.0,33773.0,4963.0,0.0,19986.0,66901,ERCOT,2026-07-30
2026-07-30T07,8157.0,32205.0,4964.0,0.0,19218.0,63879,ERCOT,2026-07-30
2026-07-30T08,7640.0,31391.0,4964.0,0.0,18578.0,61587,ERCOT,2026-07-30
2026-07-30T09,7732.0,31177.0,4964.0,0.0,17166.0,60221,ERCOT,2026-07-30
2026-07-30T10,8270.0,31449.0,4965.0,0.0,15498.0,59566,ERCOT,2026-07-30
2026-07-30T11,8878.0,32255.0,4966.0,0.0,13473.0,59760,ERCOT,2026-07-30
2026-07-30T12,9225.0,33205.0,4966.0,31.0,12214.0,60483,ERCOT,2026-07-30
2026-07-30T13,9102.0,32159.0,4967.0,4273.0,10764.0,61010,ERCOT,2026-07-30
2026-07-30T14,6991.0,27950.0,4968.0,19448.0,8482.0,63536,ERCOT,2026-07-30
2026-07-30T15,5888.0,25792.0,4969.0,29774.0,8900.0,67292,ERCOT,2026-07-30
2026-07-30T16,5503.0,25008.0,4968.0,33411.0,8096.0,71966,ERCOT,2026-07-30
2026-07-30T17,5620.0,25296.0,4968.0,34582.0,7987.0,76638,ERCOT,2026-07-30
2026-07-30T18,5859.0,28294.0,4967.0,34475.0,8778.0,81121,ERCOT,2026-07-30
2026-07-30T19,6352.0,29880.0,4964.0,34797.0,10515.0,84868,ERCOT,2026-07-30
2026-07-30T20,7269.0,30874.0,4960.0,33859.0,12086.0,87760,ERCOT,2026-07-30
2026-07-30T21,8014.0,32190.0,4958.0,33275.0,12408.0,89568,ERCOT,2026-07-30
2026-07-30T22,8791.0,32760.0,4955.0,32523.0,12611.0,90106,ERCOT,2026-07-30
2026-07-30T23,8895.0,33299.0,4954.0,30701.0,12839.0,89998,ERCOT,2026-07-30
2026-07-31T00,9092.0,35971.0,4954.0,25192.0,13031.0,88762,ERCOT,2026-07-31
2026-07-31T01,9606.0,40835.0,4955.0,10520.0,14018.0,86140,ERCOT,2026-07-31
2026-07-31T02,9874.0,41708.0,4955.0,745.0,15388.0,82857,ERCOT,2026-07-31
2026-07-31T03,10098.0,41045.0,4957.0,0.0,18261.0,80079,ERCOT,2026-07-31
2026-07-31T04,9777.0,38153.0,4958.0,0.0,20841.0,76054,ERCOT,2026-07-31
2026-07-05T03,23756.0,56226.0,32388.0,56.0,899.0,114625,PJM,2026-07-05
2026-07-05T04,24005.0,52927.0,32466.0,56.0,582.0,110451,PJM,2026-07-05
2026-07-05T05,23422.0,50456.0,32451.0,56.0,478.0,106789,PJM,2026-07-05
2026-07-05T06,21346.0,49109.0,32458.0,56.0,364.0,102192,PJM,2026-07-05
2026-07-05T07,20335.0,47271.0,32470.0,56.0,407.0,98292,PJM,2026-07-05
2026-07-05T08,19091.0,45192.0,32517.0,56.0,385.0,95244,PJM,2026-07-05
2026-07-05T09,18160.0,44041.0,32541.0,56.0,395.0,93266,PJM,2026-07-05
2026-07-05T10,17704.0,43279.0,32582.0,56.0,625.0,92431,PJM,2026-07-05
2026-07-05T11,17434.0,43032.0,32589.0,277.0,733.0,91899,PJM,2026-07-05
2026-07-05T12,17218.0,42792.0,32617.0,2281.0,553.0,93114,PJM,2026-07-05
2026-07-05T13,17332.0,42680.0,32609.0,5429.0,375.0,97077,PJM,2026-07-05
2026-07-05T14,17378.0,43674.0,32591.0,8829.0,363.0,102144,PJM,2026-07-05
2026-07-05T15,17710.0,44295.0,32575.0,10818.0,286.0,106627,PJM,2026-07-05
2026-07-05T16,19105.0,47514.0,32549.0,11728.0,434.0,112360,PJM,2026-07-05
2026-07-05T17,20503.0,50010.0,32483.0,12133.0,467.0,117975,PJM,2026-07-05
2026-07-05T18,21431.0,51370.0,32425.0,11924.0,533.0,122870,PJM,2026-07-05
2026-07-05T19,22416.0,53317.0,32402.0,11353.0,600.0,126573,PJM,2026-07-05
2026-07-05T20,23288.0,55355.0,32397.0,10994.0,668.0,130008,PJM,2026-07-05
2026-07-05T21,23935.0,56655.0,32394.0,10212.0,825.0,132940,PJM,2026-07-05
2026-07-05T22,24414.0,57855.0,32362.0,7910.0,1174.0,134383,PJM,2026-07-05
2026-07-05T23,25053.0,59933.0,32338.0,5295.0,1576.0,133199,PJM,2026-07-05
2026-07-06T00,25540.0,59973.0,32346.0,2808.0,1729.0,129394,PJM,2026-07-06
2026-07-06T01,25673.0,58950.0,32353.0,610.0,1596.0,124894,PJM,2026-07-06
2026-07-06T02,25678.0,58082.0,32373.0,50.0,1572.0,120209,PJM,2026-07-06
2026-07-06T03,25479.0,55077.0,32458.0,37.0,1606.0,114359,PJM,2026-07-06
2026-07-06T04,24035.0,52428.0,32549.0,37.0,1610.0,109057,PJM,2026-07-06
2026-07-06T05,22657.0,48993.0,32569.0,37.0,1343.0,104529,PJM,2026-07-06
2026-07-06T06,21711.0,46718.0,32500.0,37.0,1070.0,100735,PJM,2026-07-06
2026-07-06T07,20836.0,45390.0,32484.0,37.0,742.0,97703,PJM,2026-07-06
2026-07-06T08,20403.0,43637.0,32471.0,37.0,731.0,95614,PJM,2026-07-06
2026-07-06T09,20110.0,43709.0,32463.0,37.0,894.0,95522,PJM,2026-07-06
2026-07-06T10,20550.0,44267.0,32513.0,37.0,1078.0,97970,PJM,2026-07-06
2026-07-06T11,21460.0,45816.0,32532.0,171.0,1156.0,101238,PJM,2026-07-06
2026-07-06T12,22427.0,47700.0,32543.0,1618.0,928.0,105460,PJM,2026-07-06
2026-07-06T13,23040.0,48524.0,32570.0,4506.0,600.0,109491,PJM,2026-07-06
2026-07-06T14,23379.0,48859.0,32593.0,7108.0,476.0,113078,PJM,2026-07-06
2026-07-06T15,24060.0,49358.0,32585.0,8991.0,435.0,115822,PJM,2026-07-06
2026-07-06T16,24324.0,49592.0,32580.0,10074.0,470.0,118760,PJM,2026-07-06
2026-07-06T17,24587.0,51887.0,32563.0,10690.0,613.0,123088,PJM,2026-07-06
2026-07-06T18,25443.0,54389.0,32562.0,10771.0,575.0,126695,PJM,2026-07-06
2026-07-06T19,25848.0,55818.0,32489.0,10150.0,475.0,129449,PJM,2026-07-06
2026-07-06T20,26925.0,56344.0,32454.0,9377.0,751.0,131315,PJM,2026-07-06
2026-07-06T21,27520.0,56896.0,32463.0,8146.0,978.0,132530,PJM,2026-07-06
2026-07-06T22,27371.0,58295.0,32479.0,6439.0,1229.0,133046,PJM,2026-07-06
2026-07-06T23,26944.0,57195.0,32488.0,5285.0,1493.0,130765,PJM,2026-07-06
2026-07-07T00,27111.0,57199.0,32484.0,2627.0,1660.0,127830,PJM,2026-07-07
2026-07-07T01,27591.0,56015.0,32508.0,736.0,1621.0,123524,PJM,2026-07-07
2026-07-07T02,27742.0,55885.0,32570.0,100.0,1407.0,118900,PJM,2026-07-07
2026-07-07T03,27511.0,53605.0,32608.0,87.0,1295.0,112771,PJM,2026-07-07
2026-07-07T04,26798.0,50214.0,32648.0,87.0,1197.0,107537,PJM,2026-07-07
2026-07-07T05,25991.0,45653.0,32677.0,87.0,1140.0,103036,PJM,2026-07-07
2026-07-07T06,23875.0,43684.0,32708.0,87.0,1089.0,98580,PJM,2026-07-07
2026-07-07T07,22539.0,43068.0,32727.0,87.0,895.0,95837,PJM,2026-07-07
2026-07-07T08,21759.0,41578.0,32730.0,87.0,772.0,93460,PJM,2026-07-07
2026-07-07T09,21561.0,40871.0,32744.0,46.0,779.0,92685,PJM,2026-07-07
2026-07-07T10,21908.0,41692.0,32741.0,38.0,732.0,94834,PJM,2026-07-07
2026-07-07T11,22950.0,43653.0,32744.0,230.0,624.0,98628,PJM,2026-07-07
2026-07-07T12,23781.0,44462.0,32739.0,2000.0,542.0,102963,PJM,2026-07-07
2026-07-07T13,23487.0,44921.0,32737.0,4710.0,252.0,106130,PJM,2026-07-07
2026-07-07T14,23766.0,46713.0,32735.0,6314.0,86.0,109356,PJM,2026-07-07
2026-07-07T15,24441.0,47301.0,32722.0,7967.0,43.0,112062,PJM,2026-07-07
2026-07-07T16,23962.0,47277.0,32714.0,9211.0,96.0,113989,PJM,2026-07-07
2026-07-07T17,24236.0,48188.0,32684.0,9937.0,126.0,117708,PJM,2026-07-07
2026-07-07T18,25575.0,49761.0,32637.0,10461.0,136.0,121306,PJM,2026-07-07
2026-07-07T19,25881.0,50942.0,32605.0,10196.0,138.0,124037,PJM,2026-07-07
2026-07-07T20,25809.0,53097.0,32585.0,10175.0,145.0,126688,PJM,2026-07-07
2026-07-07T21,26057.0,55130.0,32564.0,9102.0,140.0,129231,PJM,2026-07-07
2026-07-07T22,26424.0,57020.0,32543.0,8079.0,113.0,131066,PJM,2026-07-07
2026-07-07T23,26427.0,58644.0,32535.0,5892.0,177.0,130102,PJM,2026-07-07
2026-07-08T00,26805.0,59623.0,32527.0,3287.0,229.0,127857,PJM,2026-07-08
2026-07-08T01,26994.0,59838.0,32536.0,808.0,370.0,124504,PJM,2026-07-08
2026-07-08T02,27062.0,57850.0,32547.0,50.0,431.0,120635,PJM,2026-07-08
2026-07-08T03,26864.0,55424.0,32552.0,34.0,415.0,114190,PJM,2026-07-08
2026-07-08T04,26518.0,51621.0,32559.0,34.0,418.0,108297,PJM,2026-07-08
2026-07-08T05,25157.0,47271.0,32505.0,34.0,321.0,103657,PJM,2026-07-08
2026-07-08T06,22881.0,45854.0,32560.0,34.0,207.0,98816,PJM,2026-07-08
2026-07-08T07,21543.0,44106.0,32559.0,34.0,206.0,95339,PJM,2026-07-08
2026-07-08T08,20376.0,42618.0,32568.0,34.0,252.0,92893,PJM,2026-07-08
2026-07-08T09,19991.0,42338.0,32561.0,34.0,110.0,92450,PJM,2026-07-08
2026-07-08T10,20395.0,43345.0,32569.0,33.0,113.0,94436,PJM,2026-07-08
2026-07-08T11,20894.0,44388.0,32573.0,215.0,140.0,96971,PJM,2026-07-08
2026-07-08T12,21864.0,45967.0,32569.0,2219.0,108.0,101763,PJM,2026-07-08
2026-07-08T13,22273.0,46473.0,32554.0,5213.0,65.0,105709,PJM,2026-07-08
2026-07-08T14,22847.0,47124.0,32546.0,7772.0,39.0,109703,PJM,2026-07-08
2026-07-08T15,24010.0,49581.0,32518.0,9220.0,37.0,114438,PJM,2026-07-08
2026-07-08T16,24098.0,50787.0,32509.0,10195.0,35.0,118355,PJM,2026-07-08
2026-07-08T17,24840.0,53715.0,32468.0,10502.0,115.0,122917,PJM,2026-07-08
2026-07-08T18,25274.0,55240.0,32418.0,11012.0,128.0,126394,PJM,2026-07-08
2026-07-08T19,25300.0,57621.0,32378.0,11377.0,195.0,130124,PJM,2026-07-08
2026-07-08T20,25782.0,60127.0,32347.0,10854.0,147.0,134221,PJM,2026-07-08
2026-07-08T21,26231.0,62060.0,32330.0,9833.0,210.0,137456,PJM,2026-07-08
2026-07-08T22,26450.0,64562.0,32330.0,8706.0,292.0,139702,PJM,2026-07-08
2026-07-08T23,26810.0,66338.0,32315.0,6649.0,287.0,139375,PJM,2026-07-08
2026-07-09T00,26961.0,66402.0,32326.0,2910.0,389.0,136344,PJM,2026-07-09
2026-07-09T01,26976.0,65264.0,32322.0,606.0,437.0,131801,PJM,2026-07-09
2026-07-09T02,27131.0,64392.0,32342.0,40.0,433.0,127206,PJM,2026-07-09
2026-07-09T03,26872.0,60913.0,32376.0,31.0,624.0,120256,PJM,2026-07-09
2026-07-09T04,25588.0,55557.0,32402.0,31.0,826.0,112861,PJM,2026-07-09
2026-07-09T05,24934.0,50844.0,32427.0,31.0,901.0,107722,PJM,2026-07-09
2026-07-09T06,24506.0,47450.0,32448.0,19.0,1029.0,103490,PJM,2026-07-09
2026-07-09T07,23340.0,45760.0,32478.0,13.0,1445.0,99679,PJM,2026-07-09
2026-07-09T08,22225.0,44531.0,32500.0,13.0,1854.0,97126,PJM,2026-07-09
2026-07-09T09,21600.0,43529.0,32523.0,13.0,1952.0,96396,PJM,2026-07-09
2026-07-09T10,21640.0,44511.0,32537.0,13.0,2284.0,98414,PJM,2026-07-09
2026-07-09T11,22725.0,45981.0,32547.0,155.0,2434.0,102035,PJM,2026-07-09
2026-07-09T12,23664.0,47778.0,32526.0,1902.0,1748.0,107225,PJM,2026-07-09
2026-07-09T13,24335.0,49242.0,32474.0,5642.0,824.0,111671,PJM,2026-07-09
2026-07-09T14,24445.0,50731.0,32408.0,7876.0,424.0,116461,PJM,2026-07-09
2026-07-09T15,25188.0,53243.0,32370.0,9192.0,404.0,121236,PJM,2026-07-09
2026-07-09T16,24901.0,54950.0,32341.0,10502.0,641.0,124622,PJM,2026-07-09
2026-07-09T17,25245.0,57687.0,32295.0,11275.0,813.0,128524,PJM,2026-07-09
2026-07-09T18,25434.0,59598.0,32247.0,11636.0,921.0,132285,PJM,2026-07-09
2026-07-09T19,25961.0,60722.0,32205.0,11277.0,1145.0,135071,PJM,2026-07-09
2026-07-09T20,25988.0,61389.0,32184.0,10702.0,1212.0,136411,PJM,2026-07-09
2026-07-09T21,26049.0,62990.0,32160.0,10162.0,895.0,137222,PJM,2026-07-09
2026-07-09T22,26127.0,63794.0,32145.0,9582.0,707.0,136804,PJM,2026-07-09
2026-07-09T23,26298.0,64526.0,32152.0,7450.0,946.0,135634,PJM,2026-07-09
2026-07-10T00,26557.0,64986.0,32153.0,3473.0,1149.0,133060,PJM,2026-07-10
2026-07-10T01,26585.0,65089.0,32152.0,607.0,1414.0,129211,PJM,2026-07-10
2026-07-10T02,26605.0,64813.0,32170.0,88.0,1375.0,125374,PJM,2026-07-10
2026-07-10T03,26556.0,61499.0,32189.0,65.0,1393.0,118969,PJM,2026-07-10
2026-07-10T04,26185.0,56336.0,32196.0,65.0,1299.0,112455,PJM,2026-07-10
2026-07-10T05,25491.0,51700.0,32264.0,65.0,1242.0,108226,PJM,2026-07-10
2026-07-10T06,24376.0,49654.0,32337.0,65.0,1438.0,103831,PJM,2026-07-10
2026-07-10T07,23430.0,47559.0,32387.0,65.0,1435.0,99949,PJM,2026-07-10
2026-07-10T08,22256.0,46294.0,32456.0,65.0,1367.0,97702,PJM,2026-07-10
2026-07-10T09,21301.0,46196.0,32521.0,65.0,1188.0,97048,PJM,2026-07-10
2026-07-10T10,21357.0,46582.0,32569.0,65.0,1172.0,98377,PJM,2026-07-10
2026-07-10T11,22522.0,48042.0,32590.0,356.0,1352.0,101495,PJM,2026-07-10
2026-07-10T12,23330.0,49734.0,32596.0,2808.0,1052.0,106641,PJM,2026-07-10
2026-07-10T13,23084.0,50411.0,32598.0,6506.0,728.0,110834,PJM,2026-07-10
2026-07-10T14,22731.0,52343.0,32554.0,9158.0,421.0,115624,PJM,2026-07-10
2026-07-10T15,24288.0,54259.0,32522.0,10351.0,296.0,119925,PJM,2026-07-10
2026-07-10T16,24702.0,56401.0,32508.0,11162.0,242.0,124338,PJM,2026-07-10
2026-07-10T17,25440.0,59423.0,32473.0,11778.0,215.0,129330,PJM,2026-07-10
2026-07-10T18,25691.0,61339.0,32430.0,11023.0,345.0,132669,PJM,2026-07-10
2026-07-10T19,25583.0,62135.0,32402.0,10420.0,594.0,134223,PJM,2026-07-10
2026-07-10T20,25737.0,62393.0,32380.0,9604.0,764.0,134573,PJM,2026-07-10
2026-07-10T21,25770.0,63310.0,32389.0,7960.0,974.0,134358,PJM,2026-07-10
2026-07-10T22,25854.0,64257.0,32400.0,6451.0,710.0,133620,PJM,2026-07-10
2026-07-10T23,26190.0,63530.0,32400.0,4550.0,740.0,131175,PJM,2026-07-10
2026-07-11T00,26435.0,63417.0,32393.0,1781.0,961.0,127715,PJM,2026-07-11
2026-07-11T01,26097.0,62043.0,32397.0,374.0,1160.0,123178,PJM,2026-07-11
2026-07-11T02,25851.0,60533.0,32436.0,62.0,1240.0,119652,PJM,2026-07-11
2026-07-11T03,25620.0,57214.0,32479.0,60.0,1171.0,113692,PJM,2026-07-11
2026-07-11T04,23943.0,52636.0,32502.0,60.0,1378.0,107370,PJM,2026-07-11
2026-07-11T05,22965.0,48063.0,32520.0,60.0,1476.0,103095,PJM,2026-07-11
2026-07-11T06,22158.0,45576.0,32557.0,60.0,1894.0,99520,PJM,2026-07-11
2026-07-11T07,20818.0,44734.0,32601.0,60.0,1676.0,96358,PJM,2026-07-11
2026-07-11T08,20008.0,43354.0,32622.0,60.0,1159.0,93747,PJM,2026-07-11
2026-07-11T09,19742.0,42143.0,32637.0,51.0,1058.0,92309,PJM,2026-07-11
2026-07-11T10,19617.0,41400.0,32654.0,48.0,891.0,91980,PJM,2026-07-11
2026-07-11T11,19719.0,41774.0,32659.0,197.0,889.0,92610,PJM,2026-07-11
2026-07-11T12,19684.0,42053.0,32660.0,1324.0,862.0,94815,PJM,2026-07-11
2026-07-11T13,19947.0,43009.0,32644.0,3779.0,627.0,99116,PJM,2026-07-11
2026-07-11T14,20634.0,45247.0,32626.0,6206.0,415.0,104428,PJM,2026-07-11
2026-07-11T15,21888.0,47238.0,32567.0,8163.0,374.0,109767,PJM,2026-07-11
2026-07-11T16,22090.0,48382.0,32527.0,9519.0,502.0,112822,PJM,2026-07-11
2026-07-11T17,22742.0,50882.0,32508.0,9084.0,716.0,116373,PJM,2026-07-11
2026-07-11T18,23759.0,52713.0,32482.0,8485.0,919.0,119640,PJM,2026-07-11
2026-07-11T19,23094.0,52564.0,32461.0,8589.0,1114.0,121361,PJM,2026-07-11
2026-07-11T20,23204.0,52861.0,32442.0,7685.0,1341.0,122559,PJM,2026-07-11
2026-07-11T21,24040.0,53274.0,32406.0,7044.0,1533.0,123870,PJM,2026-07-11
2026-07-11T22,24848.0,53903.0,32355.0,5555.0,1506.0,124911,PJM,2026-07-11
2026-07-11T23,25127.0,55393.0,32366.0,3604.0,1485.0,123560,PJM,2026-07-11
2026-07-12T00,25285.0,55463.0,32408.0,1714.0,1558.0,120425,PJM,2026-07-12
2026-07-12T01,25560.0,54052.0,32425.0,347.0,1578.0,117265,PJM,2026-07-12
2026-07-12T02,25729.0,53084.0,32439.0,76.0,1870.0,113801,PJM,2026-07-12
2026-07-12T03,25146.0,50480.0,32393.0,67.0,2257.0,108402,PJM,2026-07-12
2026-07-12T04,24300.0,47004.0,32332.0,68.0,2388.0,103260,PJM,2026-07-12
2026-07-12T05,22622.0,44104.0,32304.0,68.0,2518.0,99346,PJM,2026-07-12
2026-07-12T06,20690.0,42597.0,32390.0,72.0,2525.0,95485,PJM,2026-07-12
2026-07-12T07,19922.0,41825.0,32371.0,75.0,2263.0,92670,PJM,2026-07-12
2026-07-12T08,19020.0,40473.0,32436.0,75.0,2130.0,90394,PJM,2026-07-12
2026-07-12T09,18388.0,38793.0,32665.0,75.0,2094.0,88968,PJM,2026-07-12
2026-07-12T10,17942.0,38568.0,32764.0,63.0,1943.0,88164,PJM,2026-07-12
2026-07-12T11,17945.0,38310.0,32814.0,173.0,1954.0,88085,PJM,2026-07-12
2026-07-12T12,17822.0,37545.0,32823.0,1845.0,1921.0,89739,PJM,2026-07-12
2026-07-12T13,17922.0,38544.0,32815.0,4996.0,1309.0,94146,PJM,2026-07-12
2026-07-12T14,18616.0,41431.0,32801.0,6954.0,691.0,99318,PJM,2026-07-12
2026-07-12T15,19417.0,43069.0,32765.0,8592.0,700.0,103882,PJM,2026-07-12
2026-07-12T16,20166.0,44610.0,32719.0,9759.0,868.0,107476,PJM,2026-07-12
2026-07-12T17,21592.0,46462.0,32683.0,10552.0,1191.0,112346,PJM,2026-07-12
2026-07-12T18,22988.0,48885.0,32645.0,10604.0,1555.0,116909,PJM,2026-07-12
2026-07-12T19,23436.0,50991.0,32609.0,10560.0,1733.0,120466,PJM,2026-07-12
2026-07-12T20,23797.0,52237.0,32594.0,9802.0,1691.0,122663,PJM,2026-07-12
2026-07-12T21,24830.0,53365.0,32598.0,9234.0,1710.0,124989,PJM,2026-07-12
2026-07-12T22,25594.0,54458.0,32607.0,8377.0,1541.0,126711,PJM,2026-07-12
2026-07-12T23,26593.0,55850.0,32629.0,6337.0,1410.0,126205,PJM,2026-07-12
2026-07-13T00,27118.0,56670.0,32637.0,3731.0,1300.0,123672,PJM,2026-07-13
2026-07-13T01,27734.0,55863.0,32665.0,962.0,1526.0,119732,PJM,2026-07-13
2026-07-13T02,27051.0,53970.0,32476.0,81.0,1849.0,115407,PJM,2026-07-13
2026-07-13T03,25943.0,51061.0,32529.0,71.0,2262.0,109111,PJM,2026-07-13
2026-07-13T04,24745.0,47481.0,32699.0,71.0,2316.0,102778,PJM,2026-07-13
2026-07-13T05,22854.0,44692.0,32744.0,71.0,1938.0,98747,PJM,2026-07-13
2026-07-13T06,20891.0,42950.0,32767.0,71.0,1497.0,94418,PJM,2026-07-13
2026-07-13T07,19679.0,41688.0,32774.0,71.0,1250.0,91071,PJM,2026-07-13
2026-07-13T08,19164.0,40355.0,32795.0,71.0,1133.0,89183,PJM,2026-07-13
2026-07-13T09,18866.0,39946.0,32805.0,71.0,956.0,89091,PJM,2026-07-13
2026-07-13T10,18943.0,41576.0,32825.0,71.0,913.0,91146,PJM,2026-07-13
2026-07-13T11,19518.0,43014.0,32822.0,304.0,973.0,94299,PJM,2026-07-13
2026-07-13T12,19443.0,43079.0,32820.0,2776.0,1143.0,98708,PJM,2026-07-13
2026-07-13T13,19416.0,42693.0,32789.0,7275.0,883.0,102148,PJM,2026-07-13
2026-07-13T14,19362.0,44946.0,32771.0,9726.0,531.0,106803,PJM,2026-07-13
2026-07-13T15,20333.0,47463.0,32746.0,10675.0,428.0,112088,PJM,2026-07-13
2026-07-13T16,21739.0,49802.0,32730.0,11704.0,487.0,117155,PJM,2026-07-13
2026-07-13T17,22983.0,52014.0,32719.0,12341.0,650.0,122370,PJM,2026-07-13
2026-07-13T18,24860.0,54807.0,32706.0,12389.0,736.0,127462,PJM,2026-07-13
2026-07-13T19,25561.0,57386.0,32677.0,12418.0,683.0,132047,PJM,2026-07-13
2026-07-13T20,26663.0,59227.0,32651.0,11907.0,575.0,135819,PJM,2026-07-13
2026-07-13T21,27373.0,60932.0,32640.0,10834.0,567.0,139081,PJM,2026-07-13
2026-07-13T22,28049.0,63470.0,32625.0,9922.0,521.0,141765,PJM,2026-07-13
2026-07-13T23,28640.0,64949.0,32598.0,8174.0,456.0,141250,PJM,2026-07-13
2026-07-14T00,29287.0,65442.0,32602.0,4287.0,356.0,138224,PJM,2026-07-14
2026-07-14T01,29411.0,65353.0,32599.0,905.0,414.0,132922,PJM,2026-07-14
2026-07-14T02,28767.0,63220.0,32622.0,81.0,453.0,127141,PJM,2026-07-14
2026-07-14T03,28099.0,58404.0,32630.0,71.0,510.0,118996,PJM,2026-07-14
2026-07-14T04,26904.0,53735.0,32637.0,71.0,504.0,111291,PJM,2026-07-14
2026-07-14T05,25154.0,49863.0,32654.0,72.0,521.0,106214,PJM,2026-07-14
2026-07-14T06,23547.0,46852.0,32684.0,72.0,531.0,100989,PJM,2026-07-14
2026-07-14T07,21950.0,44932.0,32705.0,72.0,535.0,96919,PJM,2026-07-14
2026-07-14T08,20623.0,43329.0,32717.0,72.0,599.0,94204,PJM,2026-07-14
2026-07-14T09,19986.0,42347.0,32733.0,72.0,718.0,93140,PJM,2026-07-14
2026-07-14T10,19932.0,43357.0,32750.0,72.0,882.0,94701,PJM,2026-07-14
2026-07-14T11,20641.0,45538.0,32761.0,381.0,965.0,98172,PJM,2026-07-14
2026-07-14T12,21169.0,45267.0,32764.0,4047.0,887.0,103338,PJM,2026-07-14
2026-07-14T13,20636.0,44677.0,32726.0,9787.0,647.0,108237,PJM,2026-07-14
2026-07-14T14,21103.0,46463.0,32643.0,12407.0,414.0,113103,PJM,2026-07-14
2026-07-14T15,22471.0,49056.0,32565.0,13405.0,282.0,118718,PJM,2026-07-14
2026-07-14T16,24305.0,52722.0,32522.0,13822.0,229.0,125652,PJM,2026-07-14
2026-07-14T17,26574.0,56339.0,32470.0,13835.0,205.0,132694,PJM,2026-07-14
2026-07-14T18,28707.0,59745.0,32406.0,13829.0,173.0,139002,PJM,2026-07-14
2026-07-14T19,28972.0,62009.0,32326.0,13327.0,173.0,143760,PJM,2026-07-14
2026-07-14T20,29253.0,63655.0,32265.0,13171.0,250.0,147168,PJM,2026-07-14
2026-07-14T21,29711.0,66203.0,32194.0,12674.0,339.0,149430,PJM,2026-07-14
2026-07-14T22,29960.0,67791.0,32147.0,11500.0,444.0,151116,PJM,2026-07-14
2026-07-14T23,30494.0,69060.0,32047.0,8680.0,547.0,150959,PJM,2026-07-14
2026-07-15T00,30978.0,70818.0,32033.0,4055.0,706.0,149360,PJM,2026-07-15
2026-07-15T01,31230.0,70715.0,32026.0,665.0,1053.0,144655,PJM,2026-07-15
2026-07-15T02,30917.0,68665.0,32056.0,78.0,1288.0,139372,PJM,2026-07-15
2026-07-15T03,30454.0,64094.0,32107.0,71.0,1408.0,130907,PJM,2026-07-15
2026-07-15T04,30154.0,58780.0,32202.0,71.0,1495.0,122578,PJM,2026-07-15
2026-07-15T05,28806.0,54710.0,32252.0,71.0,1587.0,116937,PJM,2026-07-15
2026-07-15T06,27412.0,52185.0,32273.0,72.0,1652.0,111422,PJM,2026-07-15
2026-07-15T07,25271.0,49965.0,32306.0,72.0,1669.0,106798,PJM,2026-07-15
2026-07-15T08,23427.0,48006.0,32358.0,72.0,1748.0,103202,PJM,2026-07-15
2026-07-15T09,22594.0,47101.0,32403.0,72.0,1872.0,101940,PJM,2026-07-15
2026-07-15T10,22628.0,47587.0,32428.0,72.0,1830.0,103048,PJM,2026-07-15
2026-07-15T11,23698.0,48946.0,32443.0,268.0,1700.0,106005,PJM,2026-07-15
2026-07-15T12,24476.0,50050.0,32453.0,2519.0,1659.0,111006,PJM,2026-07-15
2026-07-15T13,24698.0,50535.0,32436.0,6837.0,1310.0,116632,PJM,2026-07-15
2026-07-15T14,24751.0,52522.0,32378.0,10247.0,951.0,122401,PJM,2026-07-15
2026-07-15T15,24929.0,54336.0,32297.0,12242.0,815.0,128821,PJM,2026-07-15
2026-07-15T16,26784.0,58661.0,32214.0,13198.0,833.0,136300,PJM,2026-07-15
2026-07-15T17,28592.0,63032.0,32100.0,13196.0,827.0,143588,PJM,2026-07-15
2026-07-15T18,29867.0,66444.0,32001.0,12704.0,827.0,149626,PJM,2026-07-15
2026-07-15T19,30215.0,68908.0,31878.0,12822.0,889.0,153952,PJM,2026-07-15
2026-07-15T20,31027.0,71140.0,31779.0,12327.0,921.0,157297,PJM,2026-07-15
2026-07-15T21,31293.0,71641.0,31665.0,11477.0,963.0,158786,PJM,2026-07-15
2026-07-15T22,31316.0,72646.0,31625.0,9924.0,1033.0,159046,PJM,2026-07-15
2026-07-15T23,31390.0,74135.0,31622.0,7261.0,1096.0,157237,PJM,2026-07-15
2026-07-16T00,31471.0,73983.0,31625.0,3723.0,1038.0,154690,PJM,2026-07-16
2026-07-16T01,31396.0,73529.0,31758.0,821.0,1148.0,150082,PJM,2026-07-16
2026-07-16T02,31136.0,72908.0,31857.0,83.0,1241.0,144597,PJM,2026-07-16
2026-07-16T03,30712.0,68053.0,31948.0,68.0,1223.0,135991,PJM,2026-07-16
2026-07-16T04,30297.0,63706.0,31997.0,68.0,1160.0,127508,PJM,2026-07-16
2026-07-16T05,29961.0,58745.0,32041.0,68.0,1056.0,121597,PJM,2026-07-16
2026-07-16T06,29271.0,55978.0,32119.0,62.0,1042.0,116566,PJM,2026-07-16
2026-07-16T07,26907.0,53635.0,32185.0,61.0,1126.0,111832,PJM,2026-07-16
2026-07-16T08,24972.0,51815.0,32270.0,61.0,1116.0,108276,PJM,2026-07-16
2026-07-16T09,23774.0,51369.0,32318.0,61.0,1116.0,106770,PJM,2026-07-16
2026-07-16T10,23522.0,51650.0,32339.0,61.0,987.0,107714,PJM,2026-07-16
2026-07-16T11,24490.0,52694.0,32356.0,185.0,994.0,110118,PJM,2026-07-16
2026-07-16T12,25562.0,53824.0,32369.0,2091.0,974.0,114441,PJM,2026-07-16
2026-07-16T13,25635.0,53480.0,32375.0,6307.0,728.0,118679,PJM,2026-07-16
2026-07-16T14,25773.0,53956.0,32379.0,9725.0,517.0,123870,PJM,2026-07-16
2026-07-16T15,25966.0,54664.0,32362.0,11438.0,516.0,128711,PJM,2026-07-16
2026-07-16T16,26657.0,57225.0,32282.0,12095.0,590.0,134523,PJM,2026-07-16
2026-07-16T17,28218.0,60808.0,32215.0,12304.0,643.0,140927,PJM,2026-07-16
2026-07-16T18,29305.0,63181.0,32150.0,12398.0,663.0,146552,PJM,2026-07-16
2026-07-16T19,29806.0,65147.0,32080.0,12345.0,683.0,150269,PJM,2026-07-16
2026-07-16T20,30278.0,67132.0,32037.0,11983.0,765.0,152570,PJM,2026-07-16
2026-07-16T21,30587.0,67515.0,31952.0,11095.0,820.0,153711,PJM,2026-07-16
2026-07-16T22,30502.0,69419.0,31916.0,9437.0,841.0,154213,PJM,2026-07-16
2026-07-16T23,30398.0,69552.0,31896.0,6935.0,863.0,152675,PJM,2026-07-16
2026-07-17T00,30547.0,70824.0,31895.0,3347.0,830.0,149871,PJM,2026-07-17
2026-07-17T01,30688.0,70343.0,31953.0,636.0,858.0,144856,PJM,2026-07-17
2026-07-17T02,30697.0,67391.0,32054.0,155.0,971.0,139038,PJM,2026-07-17
2026-07-17T03,30441.0,64332.0,32140.0,151.0,1082.0,130590,PJM,2026-07-17
2026-07-17T04,29819.0,59152.0,32193.0,151.0,1322.0,122464,PJM,2026-07-17
2026-07-17T05,28531.0,55249.0,32208.0,128.0,1115.0,116108,PJM,2026-07-17
2026-07-17T06,27511.0,51571.0,32233.0,67.0,1116.0,110486,PJM,2026-07-17
2026-07-17T07,26574.0,49856.0,32285.0,67.0,833.0,105765,PJM,2026-07-17
2026-07-17T08,24509.0,48350.0,32332.0,67.0,625.0,102327,PJM,2026-07-17
2026-07-17T09,23456.0,47530.0,32358.0,67.0,535.0,100757,PJM,2026-07-17
2026-07-17T10,23073.0,47853.0,32399.0,67.0,497.0,101488,PJM,2026-07-17
2026-07-17T11,23536.0,48822.0,32429.0,111.0,578.0,102887,PJM,2026-07-17
2026-07-17T12,23688.0,49883.0,32306.0,1685.0,525.0,105975,PJM,2026-07-17
2026-07-17T13,24524.0,50675.0,32267.0,4829.0,473.0,110430,PJM,2026-07-17
2026-07-17T14,24795.0,50961.0,32245.0,7659.0,223.0,115083,PJM,2026-07-17
2026-07-17T15,26263.0,52056.0,32231.0,9640.0,110.0,120469,PJM,2026-07-17
2026-07-17T16,26322.0,54937.0,32179.0,11182.0,128.0,125782,PJM,2026-07-17
2026-07-17T17,27524.0,57365.0,32142.0,12002.0,249.0,130600,PJM,2026-07-17
2026-07-17T18,28001.0,59881.0,32119.0,12082.0,449.0,135502,PJM,2026-07-17
2026-07-17T19,28050.0,61381.0,32088.0,11422.0,734.0,139318,PJM,2026-07-17
2026-07-17T20,28342.0,62945.0,32065.0,10437.0,1092.0,141830,PJM,2026-07-17
2026-07-17T21,28642.0,65306.0,32026.0,8319.0,1126.0,143477,PJM,2026-07-17
2026-07-17T22,29118.0,67048.0,32012.0,5730.0,1369.0,143764,PJM,2026-07-17
2026-07-17T23,29252.0,66947.0,32008.0,3594.0,1512.0,141424,PJM,2026-07-17
2026-07-18T00,29210.0,66723.0,32043.0,1360.0,1051.0,137173,PJM,2026-07-18
2026-07-18T01,29023.0,65606.0,32089.0,336.0,639.0,132227,PJM,2026-07-18
2026-07-18T02,28752.0,63864.0,32128.0,137.0,747.0,127393,PJM,2026-07-18
2026-07-18T03,27833.0,61091.0,32009.0,131.0,1099.0,120584,PJM,2026-07-18
2026-07-18T04,27057.0,56849.0,31748.0,132.0,1430.0,114767,PJM,2026-07-18
2026-07-18T05,26102.0,50877.0,31706.0,132.0,1862.0,109789,PJM,2026-07-18
2026-07-18T06,24166.0,47927.0,31611.0,132.0,2540.0,105449,PJM,2026-07-18
2026-07-18T07,21832.0,46283.0,31545.0,132.0,3660.0,101765,PJM,2026-07-18
2026-07-18T08,20049.0,44909.0,31712.0,132.0,4328.0,99144,PJM,2026-07-18
2026-07-18T09,19427.0,44011.0,31754.0,132.0,4597.0,97714,PJM,2026-07-18
2026-07-18T10,18993.0,43831.0,31790.0,132.0,4765.0,97686,PJM,2026-07-18
2026-07-18T11,19371.0,44083.0,31782.0,240.0,4614.0,98134,PJM,2026-07-18
2026-07-18T12,19152.0,43698.0,31808.0,1953.0,4554.0,100078,PJM,2026-07-18
2026-07-18T13,18910.0,44589.0,31813.0,5911.0,4339.0,104921,PJM,2026-07-18
2026-07-18T14,19530.0,46838.0,31810.0,8696.0,3934.0,111101,PJM,2026-07-18
2026-07-18T15,20497.0,49481.0,31806.0,10524.0,4007.0,116906,PJM,2026-07-18
2026-07-18T16,21824.0,53043.0,31795.0,11505.0,3961.0,122030,PJM,2026-07-18
2026-07-18T17,22943.0,54308.0,31773.0,11661.0,4287.0,126791,PJM,2026-07-18
2026-07-18T18,23753.0,56437.0,31765.0,10457.0,4347.0,130328,PJM,2026-07-18
2026-07-18T19,24309.0,58022.0,31762.0,8871.0,4707.0,132607,PJM,2026-07-18
2026-07-18T20,24665.0,58765.0,31698.0,7508.0,5083.0,133072,PJM,2026-07-18
2026-07-18T21,24414.0,60033.0,31667.0,5369.0,5192.0,132275,PJM,2026-07-18
2026-07-18T22,24041.0,60402.0,31660.0,4258.0,4531.0,130622,PJM,2026-07-18
2026-07-18T23,23872.0,60596.0,31658.0,2712.0,3787.0,127974,PJM,2026-07-18
2026-07-19T00,24066.0,59471.0,31753.0,1942.0,3114.0,124754,PJM,2026-07-19
2026-07-19T01,24062.0,58444.0,31841.0,477.0,2991.0,121023,PJM,2026-07-19
2026-07-19T02,24102.0,57732.0,31888.0,127.0,2873.0,117745,PJM,2026-07-19
2026-07-19T03,24087.0,54562.0,32035.0,115.0,2926.0,112861,PJM,2026-07-19
2026-07-19T04,23228.0,50409.0,32240.0,115.0,3513.0,107846,PJM,2026-07-19
2026-07-19T05,21247.0,46251.0,32394.0,115.0,3695.0,102690,PJM,2026-07-19
2026-07-19T06,19246.0,44336.0,32451.0,115.0,3494.0,98582,PJM,2026-07-19
2026-07-19T07,18005.0,43950.0,32497.0,115.0,3173.0,95986,PJM,2026-07-19
2026-07-19T08,17486.0,43590.0,32557.0,115.0,3215.0,94550,PJM,2026-07-19
2026-07-19T09,16662.0,42092.0,32609.0,115.0,2935.0,92373,PJM,2026-07-19
2026-07-19T10,16269.0,40758.0,32643.0,115.0,2789.0,90661,PJM,2026-07-19
2026-07-19T11,16004.0,40927.0,32663.0,229.0,2414.0,90315,PJM,2026-07-19
2026-07-19T12,15847.0,40863.0,32702.0,2081.0,2269.0,92214,PJM,2026-07-19
2026-07-19T13,15882.0,41273.0,32724.0,5899.0,1704.0,96278,PJM,2026-07-19
2026-07-19T14,16038.0,41891.0,32751.0,8744.0,1103.0,100723,PJM,2026-07-19
2026-07-19T15,16951.0,44167.0,32802.0,10238.0,817.0,104844,PJM,2026-07-19
2026-07-19T16,17961.0,44957.0,32789.0,11051.0,568.0,107283,PJM,2026-07-19
2026-07-19T17,18825.0,46870.0,32734.0,11352.0,549.0,110764,PJM,2026-07-19
2026-07-19T18,20060.0,48573.0,32687.0,11307.0,640.0,114169,PJM,2026-07-19
2026-07-19T19,20390.0,50248.0,32659.0,10833.0,650.0,117127,PJM,2026-07-19
2026-07-19T20,20728.0,51588.0,32623.0,10022.0,683.0,119743,PJM,2026-07-19
2026-07-19T21,21410.0,52091.0,32614.0,9750.0,659.0,122166,PJM,2026-07-19
2026-07-19T22,21944.0,52509.0,32609.0,8988.0,639.0,123695,PJM,2026-07-19
2026-07-19T23,22166.0,53266.0,32610.0,6956.0,792.0,123585,PJM,2026-07-19
2026-07-20T00,23201.0,54026.0,32610.0,3553.0,599.0,120930,PJM,2026-07-20
2026-07-20T01,23646.0,53621.0,32645.0,713.0,549.0,116169,PJM,2026-07-20
2026-07-20T02,23633.0,52148.0,32684.0,123.0,739.0,112023,PJM,2026-07-20
2026-07-20T03,22144.0,49413.0,32722.0,120.0,1050.0,105385,PJM,2026-07-20
2026-07-20T04,20493.0,46742.0,32767.0,120.0,1185.0,99577,PJM,2026-07-20
2026-07-20T05,19119.0,43781.0,32801.0,120.0,1243.0,95451,PJM,2026-07-20
2026-07-20T06,17500.0,42415.0,32825.0,120.0,1178.0,91669,PJM,2026-07-20
2026-07-20T07,16578.0,41734.0,32846.0,120.0,1065.0,88725,PJM,2026-07-20
2026-07-20T08,16123.0,40796.0,32861.0,120.0,948.0,86963,PJM,2026-07-20
2026-07-20T09,15905.0,40269.0,32878.0,120.0,828.0,86973,PJM,2026-07-20
2026-07-20T10,16598.0,40860.0,32923.0,120.0,805.0,89167,PJM,2026-07-20
2026-07-20T11,17631.0,42211.0,32927.0,251.0,926.0,92278,PJM,2026-07-20
2026-07-20T12,18834.0,43540.0,32929.0,2202.0,940.0,96444,PJM,2026-07-20
2026-07-20T13,18677.0,43149.0,32910.0,6274.0,762.0,100316,PJM,2026-07-20
2026-07-20T14,18034.0,42944.0,32866.0,9062.0,373.0,101796,PJM,2026-07-20
2026-07-20T15,18020.0,44049.0,32796.0,10468.0,237.0,104812,PJM,2026-07-20
2026-07-20T16,18518.0,45333.0,32747.0,11483.0,304.0,108544,PJM,2026-07-20
2026-07-20T17,20476.0,48127.0,32767.0,11577.0,255.0,113564,PJM,2026-07-20
2026-07-20T18,22103.0,50467.0,32733.0,11364.0,331.0,118293,PJM,2026-07-20
2026-07-20T19,22603.0,53386.0,32718.0,10714.0,922.0,121968,PJM,2026-07-20
2026-07-20T20,22592.0,55161.0,32691.0,10434.0,1526.0,125204,PJM,2026-07-20
2026-07-20T21,22544.0,56562.0,32664.0,9808.0,1910.0,128854,PJM,2026-07-20
2026-07-20T22,22901.0,58468.0,32642.0,8559.0,2488.0,132259,PJM,2026-07-20
2026-07-20T23,23507.0,61358.0,32653.0,5818.0,2082.0,132834,PJM,2026-07-20
2026-07-21T00,23559.0,62055.0,32662.0,3035.0,1414.0,129331,PJM,2026-07-21
2026-07-21T01,23201.0,60534.0,32667.0,608.0,1661.0,125114,PJM,2026-07-21
2026-07-21T02,23217.0,57704.0,32677.0,171.0,3401.0,121097,PJM,2026-07-21
2026-07-21T03,22860.0,53812.0,32652.0,167.0,4755.0,114524,PJM,2026-07-21
2026-07-21T04,22697.0,49779.0,32659.0,167.0,5189.0,108460,PJM,2026-07-21
2026-07-21T05,22339.0,45705.0,32672.0,167.0,4817.0,104312,PJM,2026-07-21
2026-07-21T06,20506.0,43837.0,32679.0,142.0,4679.0,101224,PJM,2026-07-21
2026-07-21T07,18581.0,42961.0,32679.0,108.0,4659.0,98531,PJM,2026-07-21
2026-07-21T08,17341.0,42314.0,32680.0,108.0,5047.0,96851,PJM,2026-07-21
2026-07-21T09,17048.0,42143.0,32683.0,108.0,5311.0,97122,PJM,2026-07-21
2026-07-21T10,17572.0,43595.0,32676.0,104.0,4979.0,99651,PJM,2026-07-21
2026-07-21T11,19148.0,45360.0,32663.0,157.0,5220.0,103886,PJM,2026-07-21
2026-07-21T12,20617.0,47147.0,32652.0,1102.0,4751.0,108299,PJM,2026-07-21
2026-07-21T13,21934.0,48085.0,32641.0,3139.0,3783.0,111614,PJM,2026-07-21
2026-07-21T14,22347.0,47894.0,32629.0,5281.0,3578.0,114723,PJM,2026-07-21
2026-07-21T15,22701.0,50448.0,32619.0,6259.0,3450.0,119076,PJM,2026-07-21
2026-07-21T16,22397.0,52745.0,32617.0,7906.0,3556.0,122508,PJM,2026-07-21
2026-07-21T17,21569.0,54175.0,32590.0,9194.0,3959.0,127122,PJM,2026-07-21
2026-07-21T18,22194.0,56315.0,32529.0,9568.0,4492.0,131705,PJM,2026-07-21
2026-07-21T19,22436.0,56581.0,32480.0,9462.0,5300.0,133920,PJM,2026-07-21
2026-07-21T20,23073.0,57440.0,32461.0,6949.0,6095.0,134749,PJM,2026-07-21
2026-07-21T21,22639.0,57055.0,32449.0,6773.0,6380.0,134552,PJM,2026-07-21
2026-07-21T22,21741.0,57041.0,32440.0,5935.0,6584.0,133631,PJM,2026-07-21
2026-07-21T23,21541.0,56303.0,32467.0,3794.0,6664.0,130349,PJM,2026-07-21
2026-07-22T00,21541.0,55738.0,32480.0,2165.0,6235.0,126569,PJM,2026-07-22
2026-07-22T01,21918.0,55700.0,32552.0,489.0,5154.0,122390,PJM,2026-07-22
2026-07-22T02,22010.0,54379.0,32632.0,36.0,4314.0,117749,PJM,2026-07-22
2026-07-22T03,21229.0,51611.0,32659.0,33.0,4485.0,111378,PJM,2026-07-22
2026-07-22T04,19750.0,48458.0,32689.0,33.0,5375.0,105745,PJM,2026-07-22
2026-07-22T05,19557.0,45378.0,32691.0,33.0,4794.0,101728,PJM,2026-07-22
2026-07-22T06,19023.0,42616.0,32709.0,33.0,4058.0,98425,PJM,2026-07-22
2026-07-22T07,17691.0,42029.0,32738.0,33.0,3627.0,95650,PJM,2026-07-22
2026-07-22T08,16555.0,41093.0,32787.0,33.0,3425.0,93729,PJM,2026-07-22
2026-07-22T09,15973.0,40592.0,32865.0,33.0,3393.0,93159,PJM,2026-07-22
2026-07-22T10,16394.0,41597.0,32901.0,33.0,2957.0,95198,PJM,2026-07-22
2026-07-22T11,17577.0,42951.0,32920.0,100.0,2800.0,97919,PJM,2026-07-22
2026-07-22T12,17579.0,43494.0,32924.0,1758.0,2483.0,100604,PJM,2026-07-22
2026-07-22T13,17011.0,43720.0,32930.0,4835.0,1752.0,102605,PJM,2026-07-22
2026-07-22T14,16854.0,43845.0,32892.0,7797.0,1445.0,105194,PJM,2026-07-22
2026-07-22T15,16691.0,45220.0,32896.0,9082.0,1339.0,108199,PJM,2026-07-22
2026-07-22T16,17941.0,46566.0,32900.0,10234.0,1431.0,111402,PJM,2026-07-22
2026-07-22T17,18551.0,48463.0,32894.0,11168.0,1560.0,115273,PJM,2026-07-22
2026-07-22T18,19278.0,51049.0,32887.0,10831.0,1571.0,118826,PJM,2026-07-22
2026-07-22T19,19877.0,53120.0,32861.0,9979.0,1697.0,121286,PJM,2026-07-22
2026-07-22T20,20285.0,53414.0,32833.0,10061.0,1645.0,123199,PJM,2026-07-22
2026-07-22T21,20811.0,54985.0,32838.0,8762.0,1615.0,125196,PJM,2026-07-22
2026-07-22T22,20893.0,56089.0,32844.0,7392.0,1564.0,126409,PJM,2026-07-22
2026-07-22T23,20708.0,56388.0,32848.0,5371.0,1555.0,124839,PJM,2026-07-22
2026-07-23T00,20622.0,55766.0,32864.0,3072.0,1376.0,120796,PJM,2026-07-23
2026-07-23T01,20955.0,54537.0,32887.0,737.0,1379.0,116586,PJM,2026-07-23
2026-07-23T02,20909.0,53032.0,32908.0,33.0,1328.0,112340,PJM,2026-07-23
2026-07-23T03,20461.0,49465.0,32926.0,28.0,1151.0,105377,PJM,2026-07-23
2026-07-23T04,19296.0,45977.0,32958.0,28.0,1183.0,99156,PJM,2026-07-23
2026-07-23T05,17757.0,42688.0,32977.0,26.0,1330.0,94159,PJM,2026-07-23
2026-07-23T06,16533.0,41330.0,33000.0,12.0,1113.0,90971,PJM,2026-07-23
2026-07-23T07,15870.0,40686.0,33019.0,12.0,873.0,88436,PJM,2026-07-23
2026-07-23T08,15160.0,39288.0,33041.0,12.0,735.0,86417,PJM,2026-07-23
2026-07-23T09,14741.0,39120.0,33055.0,12.0,532.0,85850,PJM,2026-07-23
2026-07-23T10,14784.0,39791.0,33073.0,12.0,445.0,87343,PJM,2026-07-23
2026-07-23T11,15843.0,41176.0,33086.0,124.0,461.0,90330,PJM,2026-07-23
2026-07-23T12,15736.0,41782.0,33093.0,2457.0,561.0,93198,PJM,2026-07-23
2026-07-23T13,14613.0,40800.0,33078.0,7042.0,468.0,95367,PJM,2026-07-23
2026-07-23T14,15468.0,39602.0,33047.0,9575.0,285.0,96892,PJM,2026-07-23
2026-07-23T15,15800.0,39122.0,33053.0,10628.0,243.0,98525,PJM,2026-07-23
2026-07-23T16,15571.0,40118.0,33030.0,11053.0,239.0,100022,PJM,2026-07-23
2026-07-23T17,16629.0,40966.0,33008.0,11098.0,280.0,102421,PJM,2026-07-23
2026-07-23T18,17519.0,42209.0,32992.0,11246.0,248.0,105344,PJM,2026-07-23
2026-07-23T19,17742.0,43640.0,32955.0,11218.0,187.0,108270,PJM,2026-07-23
2026-07-23T20,17688.0,45870.0,32929.0,10798.0,206.0,111431,PJM,2026-07-23
2026-07-23T21,17701.0,47572.0,32907.0,10560.0,174.0,114846,PJM,2026-07-23
2026-07-23T22,17933.0,49810.0,32895.0,10284.0,144.0,117381,PJM,2026-07-23
2026-07-23T23,18258.0,51826.0,32894.0,8305.0,140.0,117504,PJM,2026-07-23
2026-07-24T00,18630.0,52694.0,32896.0,4309.0,212.0,114890,PJM,2026-07-24
2026-07-24T01,19264.0,53190.0,32916.0,743.0,288.0,110500,PJM,2026-07-24
2026-07-24T02,19348.0,51381.0,32933.0,66.0,307.0,106609,PJM,2026-07-24
2026-07-24T03,19166.0,46988.0,32954.0,47.0,439.0,100397,PJM,2026-07-24
2026-07-24T04,18629.0,43791.0,32960.0,44.0,622.0,94392,PJM,2026-07-24
2026-07-24T05,17209.0,41536.0,32968.0,44.0,685.0,91237,PJM,2026-07-24
2026-07-24T06,15311.0,40380.0,32985.0,31.0,665.0,88185,PJM,2026-07-24
2026-07-24T07,13746.0,39507.0,32999.0,25.0,669.0,85540,PJM,2026-07-24
2026-07-24T08,13061.0,38320.0,33012.0,25.0,762.0,83760,PJM,2026-07-24
2026-07-24T09,12853.0,38238.0,33013.0,25.0,753.0,83682,PJM,2026-07-24
2026-07-24T10,13446.0,39066.0,33025.0,25.0,678.0,85607,PJM,2026-07-24
2026-07-24T11,14487.0,40690.0,33034.0,141.0,848.0,88712,PJM,2026-07-24
2026-07-24T12,15154.0,41400.0,33034.0,2078.0,1006.0,92258,PJM,2026-07-24
2026-07-24T13,14883.0,41293.0,33021.0,6543.0,865.0,96018,PJM,2026-07-24
2026-07-24T14,14177.0,40887.0,32987.0,9732.0,686.0,98454,PJM,2026-07-24
2026-07-24T15,14124.0,40881.0,32957.0,11285.0,636.0,100021,PJM,2026-07-24
2026-07-24T16,13802.0,41583.0,32927.0,12082.0,606.0,101861,PJM,2026-07-24
2026-07-24T17,14398.0,42919.0,32880.0,12305.0,633.0,105371,PJM,2026-07-24
2026-07-24T18,15203.0,45828.0,32881.0,11539.0,626.0,109031,PJM,2026-07-24
2026-07-24T19,16111.0,47979.0,32858.0,10943.0,607.0,112032,PJM,2026-07-24
2026-07-24T20,16469.0,49324.0,32832.0,9722.0,630.0,114585,PJM,2026-07-24
2026-07-24T21,17358.0,50924.0,32817.0,7845.0,597.0,116432,PJM,2026-07-24
2026-07-24T22,17930.0,51560.0,32808.0,5871.0,617.0,116710,PJM,2026-07-24
2026-07-24T23,17991.0,51620.0,32815.0,3725.0,633.0,114640,PJM,2026-07-24
2026-07-25T00,17478.0,50961.0,32827.0,1915.0,652.0,111456,PJM,2026-07-25
2026-07-25T01,17749.0,51232.0,32839.0,402.0,765.0,108556,PJM,2026-07-25
2026-07-25T02,18166.0,50538.0,32854.0,27.0,805.0,105927,PJM,2026-07-25
2026-07-25T03,17527.0,48172.0,32875.0,25.0,1002.0,100705,PJM,2026-07-25
2026-07-25T04,17162.0,44488.0,32892.0,25.0,1147.0,95670,PJM,2026-07-25
2026-07-25T05,16367.0,41161.0,32910.0,25.0,1115.0,90977,PJM,2026-07-25
2026-07-25T06,14863.0,39363.0,32903.0,25.0,1155.0,87831,PJM,2026-07-25
2026-07-25T07,13575.0,38189.0,32879.0,25.0,1231.0,85370,PJM,2026-07-25
2026-07-25T08,13085.0,37650.0,32888.0,25.0,1112.0,84121,PJM,2026-07-25
2026-07-25T09,12737.0,37451.0,32909.0,25.0,994.0,83124,PJM,2026-07-25
2026-07-25T10,12619.0,37290.0,32919.0,25.0,994.0,83153,PJM,2026-07-25
2026-07-25T11,12621.0,37720.0,32923.0,58.0,1092.0,83633,PJM,2026-07-25
2026-07-25T12,12765.0,37989.0,32942.0,1447.0,945.0,85380,PJM,2026-07-25
2026-07-25T13,12665.0,37507.0,32955.0,4835.0,736.0,88029,PJM,2026-07-25
2026-07-25T14,12649.0,38784.0,32933.0,7630.0,623.0,90781,PJM,2026-07-25
2026-07-25T15,12668.0,39590.0,32926.0,9112.0,555.0,93168,PJM,2026-07-25
2026-07-25T16,13287.0,40691.0,32913.0,10240.0,674.0,96001,PJM,2026-07-25
2026-07-25T17,14372.0,42159.0,32901.0,10637.0,745.0,99520,PJM,2026-07-25
2026-07-25T18,15387.0,43375.0,32883.0,10318.0,494.0,102134,PJM,2026-07-25
2026-07-25T19,16506.0,43926.0,32873.0,9802.0,303.0,105024,PJM,2026-07-25
2026-07-25T20,16236.0,44946.0,32841.0,9337.0,250.0,108368,PJM,2026-07-25
2026-07-25T21,16882.0,46970.0,32815.0,9085.0,278.0,111893,PJM,2026-07-25
2026-07-25T22,17684.0,48960.0,32804.0,7430.0,375.0,113985,PJM,2026-07-25
2026-07-25T23,18503.0,50850.0,32796.0,5302.0,395.0,113875,PJM,2026-07-25
2026-07-26T00,18935.0,51584.0,32799.0,2317.0,347.0,111058,PJM,2026-07-26
2026-07-26T01,18751.0,50543.0,32811.0,346.0,400.0,107349,PJM,2026-07-26
2026-07-26T02,18993.0,49421.0,32744.0,60.0,496.0,104473,PJM,2026-07-26
2026-07-26T03,18637.0,47130.0,32802.0,59.0,713.0,99412,PJM,2026-07-26
2026-07-26T04,17372.0,44066.0,32814.0,52.0,890.0,93952,PJM,2026-07-26
2026-07-26T05,16222.0,40831.0,32762.0,49.0,842.0,89325,PJM,2026-07-26
2026-07-26T06,15262.0,40263.0,32719.0,49.0,783.0,87644,PJM,2026-07-26
2026-07-26T07,14690.0,39522.0,32729.0,49.0,848.0,85755,PJM,2026-07-26
2026-07-26T08,13579.0,38618.0,32796.0,49.0,752.0,83767,PJM,2026-07-26
2026-07-26T09,13362.0,38118.0,32893.0,27.0,604.0,82776,PJM,2026-07-26
2026-07-26T10,13263.0,37748.0,32923.0,25.0,373.0,82354,PJM,2026-07-26
2026-07-26T11,13169.0,37734.0,32947.0,165.0,399.0,82503,PJM,2026-07-26
2026-07-26T12,12855.0,37222.0,32952.0,1881.0,652.0,83998,PJM,2026-07-26
2026-07-26T13,12756.0,37440.0,32950.0,5210.0,597.0,87801,PJM,2026-07-26
2026-07-26T14,13265.0,38776.0,32931.0,7708.0,343.0,91883,PJM,2026-07-26
2026-07-26T15,14037.0,39824.0,32898.0,8774.0,298.0,94758,PJM,2026-07-26
2026-07-26T16,15023.0,41545.0,32868.0,9970.0,255.0,99026,PJM,2026-07-26
2026-07-26T17,16953.0,44781.0,32823.0,10314.0,370.0,104498,PJM,2026-07-26
2026-07-26T18,18435.0,47754.0,32790.0,10290.0,225.0,109523,PJM,2026-07-26
2026-07-26T19,19776.0,50260.0,32740.0,9890.0,219.0,113852,PJM,2026-07-26
2026-07-26T20,20334.0,52947.0,32693.0,9483.0,351.0,117849,PJM,2026-07-26
2026-07-26T21,20827.0,55992.0,32667.0,8593.0,367.0,121754,PJM,2026-07-26
2026-07-26T22,20981.0,58813.0,32653.0,6954.0,318.0,124583,PJM,2026-07-26
2026-07-26T23,21113.0,60158.0,32631.0,5085.0,330.0,124778,PJM,2026-07-26
2026-07-27T00,21355.0,61913.0,32625.0,2260.0,354.0,122932,PJM,2026-07-27
2026-07-27T01,21229.0,61620.0,32631.0,474.0,325.0,120067,PJM,2026-07-27
2026-07-27T02,20832.0,60699.0,32648.0,33.0,389.0,116734,PJM,2026-07-27
2026-07-27T03,20549.0,57885.0,32664.0,44.0,443.0,110654,PJM,2026-07-27
2026-07-27T04,19786.0,53738.0,32658.0,30.0,584.0,104156,PJM,2026-07-27
2026-07-27T05,19357.0,49168.0,32655.0,30.0,906.0,100139,PJM,2026-07-27
2026-07-27T06,19111.0,46591.0,32672.0,30.0,946.0,97446,PJM,2026-07-27
2026-07-27T07,18094.0,44561.0,32690.0,30.0,1338.0,94591,PJM,2026-07-27
2026-07-27T08,17059.0,43840.0,32699.0,30.0,1334.0,92744,PJM,2026-07-27
2026-07-27T09,16906.0,43931.0,32705.0,30.0,1136.0,92754,PJM,2026-07-27
2026-07-27T10,17667.0,44976.0,32698.0,30.0,1385.0,95063,PJM,2026-07-27
2026-07-27T11,18446.0,46301.0,32693.0,114.0,2057.0,98505,PJM,2026-07-27
2026-07-27T12,18809.0,48100.0,32681.0,1623.0,2352.0,102873,PJM,2026-07-27
2026-07-27T13,19313.0,49066.0,32671.0,5135.0,2051.0,106990,PJM,2026-07-27
2026-07-27T14,19004.0,49841.0,32651.0,7939.0,2040.0,110557,PJM,2026-07-27
2026-07-27T15,19064.0,52935.0,32591.0,9233.0,2427.0,115977,PJM,2026-07-27
2026-07-27T16,19524.0,54395.0,32559.0,10484.0,2919.0,120880,PJM,2026-07-27
2026-07-27T17,20282.0,58117.0,32516.0,10909.0,3670.0,126174,PJM,2026-07-27
2026-07-27T18,20770.0,60924.0,32479.0,10931.0,3981.0,129858,PJM,2026-07-27
2026-07-27T19,20703.0,61738.0,32445.0,10668.0,3474.0,131423,PJM,2026-07-27
2026-07-27T20,21373.0,63517.0,32421.0,8789.0,2904.0,132853,PJM,2026-07-27
2026-07-27T21,21762.0,64018.0,32405.0,7057.0,2409.0,133716,PJM,2026-07-27
2026-07-27T22,21962.0,64834.0,32380.0,5520.0,2214.0,133926,PJM,2026-07-27
2026-07-27T23,21799.0,64171.0,32356.0,3318.0,2760.0,131870,PJM,2026-07-27
2026-07-28T00,21692.0,64161.0,32382.0,1087.0,3095.0,128371,PJM,2026-07-28
2026-07-28T01,21285.0,62679.0,32408.0,199.0,3649.0,124192,PJM,2026-07-28
2026-07-28T02,20879.0,61244.0,32456.0,28.0,3994.0,120087,PJM,2026-07-28
2026-07-28T03,19833.0,57866.0,32481.0,25.0,4158.0,113194,PJM,2026-07-28
2026-07-28T04,18792.0,53733.0,32503.0,25.0,4359.0,106301,PJM,2026-07-28
2026-07-28T05,17935.0,49145.0,32523.0,25.0,4340.0,101428,PJM,2026-07-28
2026-07-28T06,17070.0,46365.0,32541.0,25.0,4542.0,98099,PJM,2026-07-28
2026-07-28T07,16260.0,45662.0,32557.0,25.0,4512.0,96000,PJM,2026-07-28
2026-07-28T08,15823.0,44906.0,32585.0,25.0,3895.0,94208,PJM,2026-07-28
2026-07-28T09,15913.0,44687.0,32597.0,25.0,3648.0,94411,PJM,2026-07-28
2026-07-28T10,16733.0,46604.0,32628.0,25.0,2942.0,96728,PJM,2026-07-28
2026-07-28T11,18027.0,48672.0,32648.0,86.0,2702.0,100143,PJM,2026-07-28
2026-07-28T12,18542.0,50415.0,32662.0,1288.0,2939.0,104278,PJM,2026-07-28
2026-07-28T13,18500.0,51365.0,32670.0,3346.0,3296.0,107655,PJM,2026-07-28
2026-07-28T14,19425.0,52877.0,32680.0,4083.0,2910.0,111148,PJM,2026-07-28
2026-07-28T15,20616.0,53713.0,32671.0,4714.0,2467.0,114336,PJM,2026-07-28
2026-07-28T16,20062.0,53907.0,32656.0,6610.0,2027.0,116450,PJM,2026-07-28
2026-07-28T17,19106.0,54427.0,32634.0,8495.0,2034.0,118872,PJM,2026-07-28
2026-07-28T18,19226.0,56220.0,32595.0,9897.0,2278.0,122730,PJM,2026-07-28
2026-07-28T19,20233.0,58803.0,32571.0,9912.0,2158.0,126344,PJM,2026-07-28
2026-07-28T20,20322.0,60602.0,32556.0,9401.0,2043.0,128534,PJM,2026-07-28
2026-07-28T21,20898.0,60830.0,32540.0,7984.0,2013.0,129410,PJM,2026-07-28
2026-07-28T22,21038.0,61324.0,32521.0,7050.0,2272.0,129088,PJM,2026-07-28
2026-07-28T23,21025.0,61754.0,32518.0,5552.0,2550.0,126348,PJM,2026-07-28
2026-07-29T00,21056.0,61575.0,32518.0,2862.0,2261.0,122577,PJM,2026-07-29
2026-07-29T01,21137.0,61461.0,32579.0,462.0,1885.0,118597,PJM,2026-07-29
2026-07-29T02,21053.0,59442.0,32578.0,43.0,2187.0,114334,PJM,2026-07-29
2026-07-29T03,20406.0,55841.0,32487.0,38.0,2667.0,108022,PJM,2026-07-29
2026-07-29T04,19248.0,52026.0,32436.0,37.0,2651.0,102518,PJM,2026-07-29
2026-07-29T05,18799.0,47370.0,32498.0,37.0,2653.0,97955,PJM,2026-07-29
2026-07-29T06,17295.0,44844.0,32572.0,37.0,2711.0,94603,PJM,2026-07-29
2026-07-29T07,16084.0,43289.0,32660.0,36.0,2481.0,91579,PJM,2026-07-29
2026-07-29T08,15361.0,42176.0,32731.0,35.0,2481.0,89574,PJM,2026-07-29
2026-07-29T09,14986.0,41913.0,32787.0,35.0,2489.0,89339,PJM,2026-07-29
2026-07-29T10,15229.0,42862.0,32845.0,31.0,2327.0,91542,PJM,2026-07-29
2026-07-29T11,16226.0,45165.0,32903.0,119.0,1944.0,94645,PJM,2026-07-29
2026-07-29T12,16394.0,45617.0,32938.0,2515.0,2213.0,98743,PJM,2026-07-29
2026-07-29T13,16055.0,44745.0,32933.0,7868.0,2147.0,102028,PJM,2026-07-29
2026-07-29T14,15707.0,44478.0,32901.0,11512.0,1660.0,105047,PJM,2026-07-29
2026-07-29T15,16368.0,46399.0,32881.0,12222.0,1475.0,108302,PJM,2026-07-29
2026-07-29T16,17154.0,47487.0,32852.0,12112.0,1679.0,110207,PJM,2026-07-29
2026-07-29T17,17856.0,49282.0,32818.0,11876.0,1736.0,113317,PJM,2026-07-29
2026-07-29T18,18773.0,51313.0,32787.0,11670.0,1855.0,116664,PJM,2026-07-29
2026-07-29T19,18965.0,52563.0,32761.0,11339.0,1923.0,119319,PJM,2026-07-29
2026-07-29T20,19522.0,53397.0,32760.0,11391.0,1881.0,121968,PJM,2026-07-29
2026-07-29T21,20027.0,53847.0,32746.0,10606.0,1863.0,123985,PJM,2026-07-29
2026-07-29T22,20484.0,54673.0,32747.0,9824.0,1835.0,125239,PJM,2026-07-29
2026-07-29T23,21121.0,55730.0,32744.0,7689.0,1675.0,123952,PJM,2026-07-29
2026-07-30T00,21944.0,56821.0,32759.0,3719.0,1688.0,120692,PJM,2026-07-30
2026-07-30T01,22273.0,57114.0,32775.0,573.0,1853.0,117076,PJM,2026-07-30
2026-07-30T02,21995.0,55717.0,32786.0,25.0,1947.0,112794,PJM,2026-07-30
2026-07-30T03,20440.0,52396.0,32808.0,24.0,1975.0,106261,PJM,2026-07-30
2026-07-30T04,18873.0,48309.0,32834.0,24.0,1970.0,99549,PJM,2026-07-30
2026-07-30T05,17191.0,44597.0,32851.0,23.0,1655.0,94704,PJM,2026-07-30
2026-07-30T06,16004.0,42762.0,32873.0,16.0,1630.0,91568,PJM,2026-07-30
2026-07-30T07,15037.0,41573.0,32876.0,16.0,1672.0,89266,PJM,2026-07-30
2026-07-30T08,14453.0,40520.0,32893.0,16.0,1632.0,87388,PJM,2026-07-30
2026-07-30T09,14103.0,40339.0,32938.0,16.0,1652.0,87222,PJM,2026-07-30
2026-07-30T10,14208.0,41542.0,32968.0,16.0,1729.0,89423,PJM,2026-07-30
2026-07-30T11,14962.0,43202.0,32981.0,132.0,1651.0,92354,PJM,2026-07-30
2026-07-30T12,15131.0,43427.0,32979.0,3121.0,1556.0,96048,PJM,2026-07-30
2026-07-30T13,14596.0,41877.0,32977.0,9227.0,1369.0,99771,PJM,2026-07-30
2026-07-30T14,14183.0,41833.0,32958.0,12743.0,1048.0,102051,PJM,2026-07-30
2026-07-30T15,14350.0,42749.0,32934.0,13705.0,839.0,104563,PJM,2026-07-30
2026-07-30T16,14624.0,44674.0,32909.0,13936.0,869.0,108024,PJM,2026-07-30
2026-07-30T17,15859.0,47437.0,32887.0,13667.0,1027.0,112880,PJM,2026-07-30
2026-07-30T18,16581.0,51243.0,32861.0,13204.0,1061.0,117770,PJM,2026-07-30
2026-07-30T19,17689.0,53644.0,32832.0,12495.0,877.0,121211,PJM,2026-07-30
2026-07-30T20,17653.0,55200.0,32820.0,12234.0,739.0,124066,PJM,2026-07-30
2026-07-30T21,18117.0,56287.0,32811.0,11895.0,635.0,126398,PJM,2026-07-30
2026-07-30T22,18535.0,57748.0,32808.0,11082.0,681.0,128005,PJM,2026-07-30
2026-07-30T23,19313.0,58534.0,32802.0,8708.0,704.0,127530,PJM,2026-07-30
2026-07-31T00,20261.0,60148.0,32802.0,3811.0,700.0,124905,PJM,2026-07-31
2026-07-31T01,20663.0,60862.0,32808.0,477.0,676.0,120828,PJM,2026-07-31
2026-07-31T02,20255.0,59824.0,32821.0,23.0,728.0,116452,PJM,2026-07-31
2026-07-31T03,19267.0,56050.0,32829.0,49.0,832.0,109601,PJM,2026-07-31
2026-07-05T04,27084.0,37166.0,10593.0,4.0,3150.0,81989,MISO,2026-07-05
2026-07-05T05,26384.0,34711.0,10600.0,4.0,3602.0,79681,MISO,2026-07-05
2026-07-05T06,25063.0,32093.0,10603.0,4.0,3588.0,76474,MISO,2026-07-05
2026-07-05T07,21878.0,29846.0,10602.0,3.0,4565.0,73162,MISO,2026-07-05
2026-07-05T08,19423.0,29073.0,10602.0,4.0,5340.0,70537,MISO,2026-07-05
2026-07-05T09,19347.0,28928.0,10601.0,4.0,3725.0,68733,MISO,2026-07-05
2026-07-05T10,19345.0,28218.0,10602.0,5.0,3988.0,67884,MISO,2026-07-05
2026-07-05T11,19531.0,28239.0,10607.0,7.0,3472.0,67493,MISO,2026-07-05
2026-07-05T12,19551.0,27990.0,10603.0,884.0,2485.0,67522,MISO,2026-07-05
2026-07-05T13,19808.0,26879.0,10603.0,5193.0,2053.0,68896,MISO,2026-07-05
2026-07-05T14,20642.0,27023.0,10594.0,9135.0,1634.0,72744,MISO,2026-07-05
2026-07-05T15,22253.0,28351.0,10595.0,11498.0,1106.0,76576,MISO,2026-07-05
2026-07-05T16,23351.0,29200.0,10587.0,13275.0,900.0,80118,MISO,2026-07-05
2026-07-05T17,24272.0,30747.0,10576.0,15188.0,1252.0,84253,MISO,2026-07-05
2026-07-05T18,25477.0,33388.0,10568.0,15909.0,1634.0,88346,MISO,2026-07-05
2026-07-05T19,26805.0,35548.0,10567.0,16208.0,1956.0,91951,MISO,2026-07-05
2026-07-05T20,27399.0,37084.0,10562.0,15482.0,2405.0,94195,MISO,2026-07-05
2026-07-05T21,28066.0,38040.0,10558.0,14314.0,3003.0,95729,MISO,2026-07-05
2026-07-05T22,28460.0,38958.0,10560.0,13541.0,3668.0,97037,MISO,2026-07-05
2026-07-05T23,28698.0,39477.0,10569.0,11667.0,4031.0,97675,MISO,2026-07-05
2026-07-06T00,29201.0,39914.0,10573.0,8322.0,4218.0,97241,MISO,2026-07-06
2026-07-06T01,29597.0,40686.0,10570.0,3208.0,4365.0,95445,MISO,2026-07-06
2026-07-06T02,29764.0,39767.0,10573.0,257.0,4680.0,92452,MISO,2026-07-06
2026-07-06T03,29084.0,37661.0,10570.0,1.0,5280.0,89400,MISO,2026-07-06
2026-07-06T04,28220.0,34811.0,10578.0,2.0,5280.0,84908,MISO,2026-07-06
2026-07-06T05,27176.0,31937.0,10579.0,3.0,5269.0,80321,MISO,2026-07-06
2026-07-06T06,24960.0,30468.0,10583.0,6.0,5627.0,76665,MISO,2026-07-06
2026-07-06T07,23209.0,29207.0,10580.0,10.0,5554.0,73886,MISO,2026-07-06
2026-07-06T08,21562.0,28285.0,10584.0,7.0,5602.0,71581,MISO,2026-07-06
2026-07-06T09,20223.0,27436.0,10586.0,5.0,5887.0,69932,MISO,2026-07-06
2026-07-06T10,20848.0,28064.0,10582.0,5.0,5929.0,70289,MISO,2026-07-06
2026-07-06T11,21739.0,28698.0,10587.0,28.0,6174.0,72184,MISO,2026-07-06
2026-07-06T12,22667.0,29322.0,10592.0,1653.0,5614.0,75079,MISO,2026-07-06
2026-07-06T13,23413.0,28852.0,10591.0,7508.0,4429.0,78933,MISO,2026-07-06
2026-07-06T14,24689.0,28943.0,10586.0,12328.0,3215.0,83137,MISO,2026-07-06
2026-07-06T15,25961.0,29286.0,10577.0,14687.0,3075.0,87248,MISO,2026-07-06
2026-07-06T16,26910.0,31486.0,10571.0,15756.0,3824.0,91855,MISO,2026-07-06
2026-07-06T17,27759.0,34383.0,10561.0,16352.0,4110.0,96349,MISO,2026-07-06
2026-07-06T18,28629.0,37556.0,10556.0,17064.0,3818.0,100718,MISO,2026-07-06
2026-07-06T19,29003.0,41074.0,10549.0,17252.0,4019.0,104221,MISO,2026-07-06
2026-07-06T20,29054.0,42801.0,10547.0,17284.0,4256.0,106508,MISO,2026-07-06
2026-07-06T21,29233.0,43787.0,10534.0,16418.0,4830.0,107968,MISO,2026-07-06
2026-07-06T22,29097.0,45322.0,10531.0,14727.0,5327.0,108600,MISO,2026-07-06
2026-07-06T23,28434.0,45815.0,10531.0,14146.0,5267.0,108832,MISO,2026-07-06
2026-07-07T00,29103.0,47012.0,10536.0,10304.0,5466.0,107952,MISO,2026-07-07
2026-07-07T01,29597.0,48322.0,10529.0,3630.0,5585.0,104710,MISO,2026-07-07
2026-07-07T02,29208.0,46112.0,10529.0,205.0,5605.0,100981,MISO,2026-07-07
2026-07-07T03,28650.0,42675.0,10535.0,1.0,6855.0,97278,MISO,2026-07-07
2026-07-07T04,27632.0,39008.0,10538.0,3.0,8048.0,91483,MISO,2026-07-07
2026-07-07T05,26468.0,35771.0,10558.0,4.0,7969.0,85791,MISO,2026-07-07
2026-07-07T06,25129.0,32915.0,10566.0,6.0,6767.0,81034,MISO,2026-07-07
2026-07-07T07,23410.0,31189.0,10573.0,4.0,5193.0,76711,MISO,2026-07-07
2026-07-07T08,22151.0,30298.0,10571.0,10.0,4676.0,74248,MISO,2026-07-07
2026-07-07T09,20567.0,29974.0,10574.0,11.0,5185.0,72756,MISO,2026-07-07
2026-07-07T10,20487.0,30021.0,10576.0,10.0,5456.0,72947,MISO,2026-07-07
2026-07-07T11,21493.0,30218.0,10583.0,62.0,5814.0,74355,MISO,2026-07-07
2026-07-07T12,21256.0,30516.0,10587.0,2440.0,7056.0,77037,MISO,2026-07-07
2026-07-07T13,20395.0,29899.0,10588.0,9741.0,6059.0,80723,MISO,2026-07-07
2026-07-07T14,20693.0,29677.0,10587.0,15371.0,4383.0,84633,MISO,2026-07-07
2026-07-07T15,21732.0,31889.0,10579.0,17888.0,3775.0,88953,MISO,2026-07-07
2026-07-07T16,23046.0,35373.0,10571.0,18188.0,4336.0,93530,MISO,2026-07-07
2026-07-07T17,24118.0,38792.0,10570.0,17716.0,4115.0,97628,MISO,2026-07-07
2026-07-07T18,25501.0,42108.0,10569.0,17361.0,3830.0,101632,MISO,2026-07-07
2026-07-07T19,26388.0,44606.0,10560.0,16928.0,3505.0,105002,MISO,2026-07-07
2026-07-07T20,27174.0,46007.0,10545.0,16172.0,2923.0,107139,MISO,2026-07-07
2026-07-07T21,27236.0,47617.0,10541.0,15845.0,2344.0,108431,MISO,2026-07-07
2026-07-07T22,26501.0,47450.0,10542.0,15467.0,2248.0,109041,MISO,2026-07-07
2026-07-07T23,26041.0,47865.0,10548.0,13591.0,2287.0,108788,MISO,2026-07-07
2026-07-08T00,26020.0,47927.0,10550.0,9383.0,2967.0,107628,MISO,2026-07-08
2026-07-08T01,25919.0,48582.0,10555.0,3306.0,3816.0,104962,MISO,2026-07-08
2026-07-08T02,26119.0,47985.0,10563.0,189.0,4820.0,101370,MISO,2026-07-08
2026-07-08T03,26064.0,45776.0,10576.0,2.0,6082.0,97758,MISO,2026-07-08
2026-07-08T04,25180.0,41620.0,10584.0,2.0,8082.0,92367,MISO,2026-07-08
2026-07-08T05,24492.0,37340.0,10591.0,2.0,8390.0,86673,MISO,2026-07-08
2026-07-08T06,22777.0,33333.0,10591.0,4.0,9076.0,82188,MISO,2026-07-08
2026-07-08T07,21024.0,31415.0,10596.0,3.0,9628.0,78760,MISO,2026-07-08
2026-07-08T08,19487.0,30551.0,10600.0,3.0,9130.0,76141,MISO,2026-07-08
2026-07-08T09,19227.0,30157.0,10599.0,3.0,8793.0,74932,MISO,2026-07-08
2026-07-08T10,20079.0,29990.0,10601.0,3.0,8045.0,74862,MISO,2026-07-08
2026-07-08T11,21322.0,31243.0,10604.0,47.0,7228.0,76484,MISO,2026-07-08
2026-07-08T12,22130.0,31514.0,10608.0,2016.0,6861.0,79253,MISO,2026-07-08
2026-07-08T13,21889.0,31732.0,10605.0,8283.0,5331.0,83155,MISO,2026-07-08
2026-07-08T14,21993.0,32976.0,10602.0,13466.0,3119.0,87279,MISO,2026-07-08
2026-07-08T15,22828.0,35453.0,10588.0,15625.0,2572.0,91604,MISO,2026-07-08
2026-07-08T16,23748.0,38119.0,10578.0,16308.0,3717.0,96246,MISO,2026-07-08
2026-07-08T17,24561.0,40889.0,10579.0,16345.0,4554.0,100751,MISO,2026-07-08
2026-07-08T18,25307.0,43194.0,10575.0,16611.0,5043.0,104815,MISO,2026-07-08
2026-07-08T19,25241.0,45161.0,10576.0,16934.0,5236.0,107725,MISO,2026-07-08
2026-07-08T20,25574.0,46779.0,10567.0,15824.0,5727.0,109625,MISO,2026-07-08
2026-07-08T21,25659.0,48802.0,10569.0,14293.0,6060.0,110563,MISO,2026-07-08
2026-07-08T22,25669.0,50370.0,10579.0,12514.0,5988.0,111137,MISO,2026-07-08
2026-07-08T23,25380.0,50330.0,10571.0,10361.0,6075.0,110779,MISO,2026-07-08
2026-07-09T00,25403.0,49998.0,10573.0,7991.0,6191.0,109356,MISO,2026-07-09
2026-07-09T01,25856.0,50836.0,10569.0,3300.0,5494.0,106691,MISO,2026-07-09
2026-07-09T02,26066.0,49702.0,10570.0,211.0,5724.0,103055,MISO,2026-07-09
2026-07-09T03,26011.0,47750.0,10570.0,67.0,5501.0,99208,MISO,2026-07-09
2026-07-09T04,24749.0,44657.0,10574.0,67.0,6028.0,93418,MISO,2026-07-09
2026-07-09T05,23441.0,41659.0,10582.0,16.0,6714.0,88523,MISO,2026-07-09
2026-07-09T06,22465.0,38781.0,10580.0,5.0,5533.0,84003,MISO,2026-07-09
2026-07-09T07,21736.0,35771.0,10583.0,3.0,4488.0,80500,MISO,2026-07-09
2026-07-09T08,20463.0,33697.0,10585.0,3.0,4864.0,77864,MISO,2026-07-09
2026-07-09T09,19996.0,33357.0,10591.0,3.0,4980.0,76493,MISO,2026-07-09
2026-07-09T10,20535.0,33622.0,10596.0,4.0,4867.0,76560,MISO,2026-07-09
2026-07-09T11,20872.0,33871.0,10599.0,31.0,5144.0,77508,MISO,2026-07-09
2026-07-09T12,21749.0,34949.0,10592.0,1723.0,4334.0,80147,MISO,2026-07-09
2026-07-09T13,21901.0,34793.0,10585.0,7629.0,2558.0,84244,MISO,2026-07-09
2026-07-09T14,22134.0,36132.0,10578.0,12092.0,1322.0,88269,MISO,2026-07-09
2026-07-09T15,22805.0,38766.0,10572.0,14049.0,927.0,92955,MISO,2026-07-09
2026-07-09T16,23506.0,42138.0,10564.0,15209.0,1020.0,97478,MISO,2026-07-09
2026-07-09T17,23557.0,43786.0,10565.0,15234.0,1565.0,101299,MISO,2026-07-09
2026-07-09T18,24643.0,46316.0,10561.0,15668.0,1798.0,104963,MISO,2026-07-09
2026-07-09T19,25400.0,48167.0,10559.0,15573.0,1638.0,107524,MISO,2026-07-09
2026-07-09T20,25096.0,49161.0,10557.0,15078.0,2027.0,108951,MISO,2026-07-09
2026-07-09T21,25010.0,50639.0,10548.0,14214.0,2209.0,109700,MISO,2026-07-09
2026-07-09T22,25023.0,51089.0,10544.0,12541.0,2084.0,110049,MISO,2026-07-09
2026-07-09T23,25208.0,51308.0,10547.0,10839.0,1707.0,109770,MISO,2026-07-09
2026-07-10T00,25541.0,51868.0,10541.0,7906.0,1743.0,108377,MISO,2026-07-10
2026-07-10T01,25983.0,52304.0,10544.0,2990.0,1580.0,105940,MISO,2026-07-10
2026-07-10T02,26124.0,51490.0,10548.0,246.0,2026.0,102683,MISO,2026-07-10
2026-07-10T03,25829.0,50242.0,10537.0,3.0,2459.0,98910,MISO,2026-07-10
2026-07-10T04,25247.0,46721.0,10532.0,2.0,2763.0,93653,MISO,2026-07-10
2026-07-10T05,24162.0,43409.0,10550.0,3.0,2829.0,88593,MISO,2026-07-10
2026-07-10T06,22911.0,38975.0,10561.0,5.0,2819.0,83831,MISO,2026-07-10
2026-07-10T07,22320.0,35353.0,10566.0,3.0,3178.0,80672,MISO,2026-07-10
2026-07-10T08,21252.0,33987.0,10568.0,2.0,3437.0,78140,MISO,2026-07-10
2026-07-10T09,20212.0,33577.0,10575.0,3.0,3195.0,76199,MISO,2026-07-10
2026-07-10T10,20604.0,33745.0,10575.0,2.0,2527.0,75683,MISO,2026-07-10
2026-07-10T11,21654.0,34392.0,10576.0,18.0,2245.0,77150,MISO,2026-07-10
2026-07-10T12,22058.0,34849.0,10580.0,1581.0,2789.0,79437,MISO,2026-07-10
2026-07-10T13,21853.0,34954.0,10579.0,6746.0,2872.0,83233,MISO,2026-07-10
2026-07-10T14,22357.0,36712.0,10566.0,10260.0,2279.0,87406,MISO,2026-07-10
2026-07-10T15,23413.0,38346.0,10561.0,12976.0,1437.0,91480,MISO,2026-07-10
2026-07-10T16,24948.0,41012.0,10554.0,14021.0,941.0,95943,MISO,2026-07-10
2026-07-10T17,25712.0,43271.0,10552.0,14891.0,500.0,100032,MISO,2026-07-10
2026-07-10T18,25836.0,46039.0,10549.0,15772.0,414.0,103641,MISO,2026-07-10
2026-07-10T19,25804.0,47790.0,10544.0,16088.0,521.0,106157,MISO,2026-07-10
2026-07-10T20,25134.0,49611.0,10539.0,15521.0,680.0,107489,MISO,2026-07-10
2026-07-10T21,25223.0,49772.0,10536.0,14885.0,864.0,108809,MISO,2026-07-10
2026-07-10T22,25420.0,50778.0,10536.0,13104.0,1260.0,109498,MISO,2026-07-10
2026-07-10T23,25433.0,50090.0,10533.0,11084.0,1806.0,108806,MISO,2026-07-10
2026-07-11T00,25785.0,49589.0,10536.0,7256.0,1867.0,106571,MISO,2026-07-11
2026-07-11T01,26956.0,49155.0,10542.0,2391.0,2233.0,103715,MISO,2026-07-11
2026-07-11T02,27046.0,48247.0,10557.0,153.0,2237.0,99924,MISO,2026-07-11
2026-07-11T03,27192.0,45668.0,10559.0,2.0,2762.0,96140,MISO,2026-07-11
2026-07-11T04,26767.0,42515.0,10562.0,2.0,3541.0,91270,MISO,2026-07-11
2026-07-11T05,25721.0,39112.0,10565.0,3.0,4280.0,86298,MISO,2026-07-11
2026-07-11T06,24545.0,34685.0,10563.0,3.0,4893.0,81809,MISO,2026-07-11
2026-07-11T07,23311.0,31288.0,10567.0,2.0,5214.0,78219,MISO,2026-07-11
2026-07-11T08,21790.0,30288.0,10569.0,2.0,5108.0,75234,MISO,2026-07-11
2026-07-11T09,21087.0,29774.0,10570.0,2.0,4697.0,73620,MISO,2026-07-11
2026-07-11T10,20683.0,29863.0,10574.0,3.0,4600.0,72672,MISO,2026-07-11
2026-07-11T11,20040.0,29639.0,10575.0,47.0,4611.0,71905,MISO,2026-07-11
2026-07-11T12,20013.0,29616.0,10578.0,1344.0,4392.0,72242,MISO,2026-07-11
2026-07-11T13,19951.0,29105.0,10572.0,5956.0,3724.0,74900,MISO,2026-07-11
2026-07-11T14,21427.0,30344.0,10568.0,9746.0,2620.0,79515,MISO,2026-07-11
2026-07-11T15,23916.0,32158.0,10565.0,11559.0,1668.0,84235,MISO,2026-07-11
2026-07-11T16,25660.0,35223.0,10554.0,12665.0,1513.0,88745,MISO,2026-07-11
2026-07-11T17,26222.0,37498.0,10549.0,13394.0,1956.0,92637,MISO,2026-07-11
2026-07-11T18,26615.0,39077.0,10547.0,14090.0,2611.0,95455,MISO,2026-07-11
2026-07-11T19,26488.0,39994.0,10542.0,14738.0,3348.0,97506,MISO,2026-07-11
2026-07-11T20,26410.0,40948.0,10537.0,14371.0,3951.0,98756,MISO,2026-07-11
2026-07-11T21,26894.0,41463.0,10542.0,14196.0,4415.0,100043,MISO,2026-07-11
2026-07-11T22,26608.0,42865.0,10541.0,13278.0,4506.0,100768,MISO,2026-07-11
2026-07-11T23,27207.0,43402.0,10544.0,12152.0,4201.0,100827,MISO,2026-07-11
2026-07-12T00,26995.0,43057.0,10551.0,9182.0,3984.0,99714,MISO,2026-07-12
2026-07-12T01,27002.0,44390.0,10553.0,3465.0,4240.0,97635,MISO,2026-07-12
2026-07-12T02,27074.0,42925.0,10561.0,234.0,4945.0,94564,MISO,2026-07-12
2026-07-12T03,26768.0,39387.0,10561.0,1.0,6640.0,91280,MISO,2026-07-12
2026-07-12T04,25013.0,36119.0,10564.0,3.0,8545.0,86447,MISO,2026-07-12
2026-07-12T05,23358.0,33182.0,10565.0,2.0,9779.0,82206,MISO,2026-07-12
2026-07-12T06,21675.0,30665.0,10569.0,3.0,9995.0,78173,MISO,2026-07-12
2026-07-12T07,19449.0,28877.0,10573.0,3.0,9360.0,74703,MISO,2026-07-12
2026-07-12T08,18215.0,27901.0,10572.0,4.0,8802.0,72076,MISO,2026-07-12
2026-07-12T09,17701.0,27608.0,10574.0,4.0,8592.0,70537,MISO,2026-07-12
2026-07-12T10,17440.0,26859.0,10576.0,4.0,8235.0,69555,MISO,2026-07-12
2026-07-12T11,16988.0,26546.0,10582.0,41.0,7869.0,68432,MISO,2026-07-12
2026-07-12T12,16702.0,26113.0,10587.0,2209.0,7323.0,68654,MISO,2026-07-12
2026-07-12T13,15784.0,24737.0,10587.0,8966.0,6394.0,71506,MISO,2026-07-12
2026-07-12T14,16322.0,26228.0,10578.0,13582.0,4635.0,76101,MISO,2026-07-12
2026-07-12T15,19370.0,28512.0,10567.0,15413.0,3817.0,81211,MISO,2026-07-12
2026-07-12T16,21760.0,30153.0,10561.0,16777.0,3662.0,86130,MISO,2026-07-12
2026-07-12T17,23455.0,32804.0,10552.0,17669.0,3671.0,90901,MISO,2026-07-12
2026-07-12T18,24844.0,35294.0,10544.0,18045.0,4114.0,95228,MISO,2026-07-12
2026-07-12T19,25804.0,37287.0,10544.0,18109.0,4734.0,98792,MISO,2026-07-12
2026-07-12T20,25959.0,38968.0,10543.0,18296.0,5044.0,101355,MISO,2026-07-12
2026-07-12T21,26448.0,40921.0,10533.0,18020.0,4771.0,103386,MISO,2026-07-12
2026-07-12T22,26698.0,42122.0,10592.0,17316.0,4582.0,105056,MISO,2026-07-12
2026-07-12T23,26910.0,42695.0,10630.0,15685.0,4331.0,105684,MISO,2026-07-12
2026-07-13T00,27093.0,44084.0,10638.0,11436.0,3983.0,105037,MISO,2026-07-13
2026-07-13T01,28006.0,46554.0,10695.0,4136.0,3994.0,102880,MISO,2026-07-13
2026-07-13T02,27682.0,46335.0,10708.0,234.0,5108.0,99382,MISO,2026-07-13
2026-07-13T03,27402.0,41902.0,10739.0,1.0,7394.0,95507,MISO,2026-07-13
2026-07-13T04,25941.0,37062.0,10810.0,2.0,9095.0,90115,MISO,2026-07-13
2026-07-13T05,24554.0,34268.0,10816.0,6.0,9974.0,85168,MISO,2026-07-13
2026-07-13T06,23159.0,30955.0,10804.0,4.0,9526.0,80746,MISO,2026-07-13
2026-07-13T07,20943.0,28546.0,10841.0,4.0,9343.0,76819,MISO,2026-07-13
2026-07-13T08,19164.0,27631.0,10880.0,4.0,9578.0,74615,MISO,2026-07-13
2026-07-13T09,18176.0,27159.0,10882.0,3.0,9681.0,72835,MISO,2026-07-13
2026-07-13T10,18105.0,27165.0,10943.0,3.0,10009.0,73145,MISO,2026-07-13
2026-07-13T11,19223.0,28591.0,11062.0,19.0,10067.0,75120,MISO,2026-07-13
2026-07-13T12,20357.0,29273.0,11063.0,2323.0,9836.0,78054,MISO,2026-07-13
2026-07-13T13,19501.0,28184.0,11059.0,10195.0,8922.0,82466,MISO,2026-07-13
2026-07-13T14,19055.0,29224.0,11073.0,16166.0,6547.0,86673,MISO,2026-07-13
2026-07-13T15,21195.0,31447.0,11144.0,18157.0,5442.0,91194,MISO,2026-07-13
2026-07-13T16,23687.0,33885.0,11158.0,18686.0,5386.0,95579,MISO,2026-07-13
2026-07-13T17,25214.0,37271.0,11230.0,18794.0,5074.0,100198,MISO,2026-07-13
2026-07-13T18,26585.0,40223.0,11324.0,18481.0,4845.0,104375,MISO,2026-07-13
2026-07-13T19,27046.0,41046.0,11343.0,18543.0,4885.0,107616,MISO,2026-07-13
2026-07-13T20,27286.0,42367.0,11439.0,18471.0,4995.0,110086,MISO,2026-07-13
2026-07-13T21,27450.0,43771.0,11484.0,18309.0,5181.0,111990,MISO,2026-07-13
2026-07-13T22,27698.0,44653.0,11501.0,17494.0,5408.0,112984,MISO,2026-07-13
2026-07-13T23,27769.0,45779.0,11573.0,15723.0,5533.0,113706,MISO,2026-07-13
2026-07-14T00,27706.0,46642.0,11578.0,11777.0,5346.0,112961,MISO,2026-07-14
2026-07-14T01,28399.0,49077.0,11577.0,4353.0,5110.0,110551,MISO,2026-07-14
2026-07-14T02,28857.0,48422.0,11584.0,352.0,5761.0,107100,MISO,2026-07-14
2026-07-14T03,28492.0,45115.0,11579.0,104.0,7521.0,102997,MISO,2026-07-14
2026-07-14T04,27481.0,40892.0,11561.0,102.0,8607.0,96620,MISO,2026-07-14
2026-07-14T05,26975.0,37349.0,11540.0,102.0,9403.0,91581,MISO,2026-07-14
2026-07-14T06,25603.0,34235.0,11528.0,105.0,9224.0,86839,MISO,2026-07-14
2026-07-14T07,23347.0,31737.0,11511.0,108.0,9384.0,82798,MISO,2026-07-14
2026-07-14T08,21056.0,30857.0,11505.0,105.0,9376.0,79757,MISO,2026-07-14
2026-07-14T09,20059.0,30297.0,11445.0,34.0,8840.0,77692,MISO,2026-07-14
2026-07-14T10,20117.0,30146.0,11470.0,19.0,8761.0,77400,MISO,2026-07-14
2026-07-14T11,21367.0,31091.0,11480.0,34.0,8281.0,78944,MISO,2026-07-14
2026-07-14T12,23499.0,31582.0,11517.0,2095.0,7327.0,81875,MISO,2026-07-14
2026-07-14T13,22733.0,30868.0,11549.0,9855.0,5916.0,85933,MISO,2026-07-14
2026-07-14T14,23049.0,31830.0,11551.0,15432.0,4167.0,90476,MISO,2026-07-14
2026-07-14T15,24330.0,33981.0,11546.0,17696.0,3104.0,94509,MISO,2026-07-14
2026-07-14T16,26022.0,37540.0,11546.0,18300.0,2249.0,99304,MISO,2026-07-14
2026-07-14T17,27144.0,41177.0,11541.0,18377.0,1658.0,103891,MISO,2026-07-14
2026-07-14T18,28120.0,43685.0,11535.0,17789.0,1654.0,108343,MISO,2026-07-14
2026-07-14T19,28551.0,45410.0,11538.0,17584.0,2066.0,111914,MISO,2026-07-14
2026-07-14T20,29081.0,47004.0,11543.0,17256.0,2422.0,114435,MISO,2026-07-14
2026-07-14T21,29139.0,47602.0,11544.0,17040.0,2799.0,116452,MISO,2026-07-14
2026-07-14T22,29243.0,48779.0,11560.0,15488.0,3287.0,117248,MISO,2026-07-14
2026-07-14T23,29431.0,49461.0,11568.0,13812.0,3707.0,117514,MISO,2026-07-14
2026-07-15T00,28844.0,50500.0,11565.0,9774.0,4059.0,116429,MISO,2026-07-15
2026-07-15T01,28854.0,51656.0,11569.0,3429.0,4139.0,114003,MISO,2026-07-15
2026-07-15T02,29045.0,51623.0,11587.0,200.0,4183.0,110532,MISO,2026-07-15
2026-07-15T03,29238.0,49904.0,11599.0,2.0,4617.0,106531,MISO,2026-07-15
2026-07-15T04,29160.0,45544.0,11610.0,2.0,5414.0,100680,MISO,2026-07-15
2026-07-15T05,28265.0,41739.0,11612.0,2.0,5901.0,95052,MISO,2026-07-15
2026-07-15T06,27083.0,37885.0,11610.0,5.0,6228.0,90241,MISO,2026-07-15
2026-07-15T07,26015.0,34385.0,11605.0,3.0,6139.0,85903,MISO,2026-07-15
2026-07-15T08,24600.0,33024.0,11600.0,4.0,5921.0,82711,MISO,2026-07-15
2026-07-15T09,23655.0,32422.0,11604.0,3.0,5537.0,80634,MISO,2026-07-15
2026-07-15T10,23783.0,32826.0,11602.0,3.0,4858.0,80125,MISO,2026-07-15
2026-07-15T11,24999.0,33552.0,11605.0,19.0,4262.0,81602,MISO,2026-07-15
2026-07-15T12,25690.0,34766.0,11611.0,1618.0,3936.0,84338,MISO,2026-07-15
2026-07-15T13,25809.0,34281.0,11607.0,7984.0,2802.0,88221,MISO,2026-07-15
2026-07-15T14,26008.0,35149.0,11597.0,13349.0,1553.0,92257,MISO,2026-07-15
2026-07-15T15,26622.0,38039.0,11584.0,15956.0,1119.0,97104,MISO,2026-07-15
2026-07-15T16,27057.0,40898.0,11562.0,16894.0,1187.0,102433,MISO,2026-07-15
2026-07-15T17,27683.0,44229.0,11536.0,16805.0,1288.0,107361,MISO,2026-07-15
2026-07-15T18,27863.0,47054.0,11517.0,16693.0,1443.0,111474,MISO,2026-07-15
2026-07-15T19,27928.0,48019.0,11503.0,16507.0,1650.0,115129,MISO,2026-07-15
2026-07-15T20,27650.0,47479.0,11494.0,16241.0,1703.0,116895,MISO,2026-07-15
2026-07-15T21,27169.0,48099.0,11500.0,15866.0,1732.0,116840,MISO,2026-07-15
2026-07-15T22,27273.0,46167.0,11510.0,15174.0,1820.0,115678,MISO,2026-07-15
2026-07-15T23,27232.0,47604.0,11508.0,12986.0,1911.0,115735,MISO,2026-07-15
2026-07-16T00,27718.0,47696.0,11499.0,8351.0,1793.0,114038,MISO,2026-07-16
2026-07-16T01,28125.0,49204.0,11505.0,2731.0,1744.0,111444,MISO,2026-07-16
2026-07-16T02,28289.0,48745.0,11509.0,114.0,1937.0,109007,MISO,2026-07-16
2026-07-16T03,28441.0,47884.0,11525.0,2.0,2309.0,105647,MISO,2026-07-16
2026-07-16T04,28453.0,44509.0,11534.0,2.0,2779.0,99702,MISO,2026-07-16
2026-07-16T05,28225.0,42367.0,11539.0,2.0,2964.0,93881,MISO,2026-07-16
2026-07-16T06,27699.0,39347.0,11533.0,2.0,3027.0,89031,MISO,2026-07-16
2026-07-16T07,26007.0,36486.0,11536.0,2.0,3116.0,85128,MISO,2026-07-16
2026-07-16T08,25011.0,35212.0,11541.0,3.0,2939.0,82070,MISO,2026-07-16
2026-07-16T09,24066.0,34273.0,11544.0,4.0,2988.0,80018,MISO,2026-07-16
2026-07-16T10,24320.0,34335.0,11547.0,4.0,3144.0,79934,MISO,2026-07-16
2026-07-16T11,24695.0,34579.0,11552.0,8.0,3211.0,80708,MISO,2026-07-16
2026-07-16T12,25556.0,35549.0,11561.0,1118.0,2983.0,83082,MISO,2026-07-16
2026-07-16T13,25706.0,35929.0,11568.0,6313.0,2417.0,86897,MISO,2026-07-16
2026-07-16T14,25658.0,36328.0,11570.0,11616.0,1465.0,90709,MISO,2026-07-16
2026-07-16T15,26831.0,37713.0,11555.0,14532.0,1101.0,94584,MISO,2026-07-16
2026-07-16T16,27452.0,40053.0,11556.0,16268.0,1169.0,99567,MISO,2026-07-16
2026-07-16T17,28513.0,44032.0,11565.0,15599.0,1441.0,104451,MISO,2026-07-16
2026-07-16T18,29086.0,46095.0,11557.0,15582.0,1676.0,108754,MISO,2026-07-16
2026-07-16T19,29672.0,47694.0,11548.0,15829.0,1878.0,112136,MISO,2026-07-16
2026-07-16T20,30411.0,47965.0,11544.0,15431.0,2060.0,114013,MISO,2026-07-16
2026-07-16T21,30786.0,49390.0,11542.0,14665.0,2055.0,115052,MISO,2026-07-16
2026-07-16T22,30670.0,49815.0,11541.0,13421.0,2053.0,115311,MISO,2026-07-16
2026-07-16T23,30537.0,51110.0,11552.0,10852.0,2132.0,114625,MISO,2026-07-16
2026-07-17T00,30549.0,51070.0,11550.0,6902.0,2187.0,112687,MISO,2026-07-17
2026-07-17T01,31253.0,50223.0,11551.0,2116.0,2307.0,109731,MISO,2026-07-17
2026-07-17T02,31033.0,49022.0,11553.0,144.0,2755.0,106599,MISO,2026-07-17
2026-07-17T03,30238.0,46489.0,11553.0,19.0,3895.0,102872,MISO,2026-07-17
2026-07-17T04,28870.0,43266.0,11550.0,19.0,5235.0,97135,MISO,2026-07-17
2026-07-17T05,27836.0,40600.0,11556.0,13.0,5924.0,91958,MISO,2026-07-17
2026-07-17T06,26460.0,37089.0,11560.0,2.0,6104.0,87821,MISO,2026-07-17
2026-07-17T07,24740.0,34076.0,11567.0,2.0,6086.0,84228,MISO,2026-07-17
2026-07-17T08,23182.0,32944.0,11567.0,1.0,6460.0,81672,MISO,2026-07-17
2026-07-17T09,21853.0,32281.0,11573.0,2.0,6909.0,79737,MISO,2026-07-17
2026-07-17T10,21360.0,32083.0,11574.0,2.0,6854.0,79103,MISO,2026-07-17
2026-07-17T11,22173.0,32461.0,11582.0,7.0,6657.0,80702,MISO,2026-07-17
2026-07-17T12,24058.0,33104.0,11592.0,1066.0,6233.0,82925,MISO,2026-07-17
2026-07-17T13,23739.0,32633.0,11594.0,7031.0,4900.0,86293,MISO,2026-07-17
2026-07-17T14,23809.0,33534.0,11586.0,13364.0,2803.0,90278,MISO,2026-07-17
2026-07-17T15,25207.0,36011.0,11556.0,16323.0,1893.0,95322,MISO,2026-07-17
2026-07-17T16,27373.0,38801.0,11544.0,17381.0,1827.0,100581,MISO,2026-07-17
2026-07-17T17,28715.0,41751.0,11536.0,17594.0,2282.0,105950,MISO,2026-07-17
2026-07-17T18,29572.0,44382.0,11525.0,17411.0,3112.0,110543,MISO,2026-07-17
2026-07-17T19,30373.0,46671.0,11455.0,16370.0,4665.0,113604,MISO,2026-07-17
2026-07-17T20,30756.0,47294.0,11366.0,16100.0,6304.0,115610,MISO,2026-07-17
2026-07-17T21,30793.0,48027.0,11263.0,15230.0,7186.0,117000,MISO,2026-07-17
2026-07-17T22,30337.0,48337.0,11166.0,14575.0,7691.0,117406,MISO,2026-07-17
2026-07-17T23,30383.0,49181.0,11094.0,12655.0,7814.0,116880,MISO,2026-07-17
2026-07-18T00,30266.0,48709.0,11079.0,9298.0,7201.0,115107,MISO,2026-07-18
2026-07-18T01,30715.0,49353.0,11081.0,3353.0,6121.0,111992,MISO,2026-07-18
2026-07-18T02,30858.0,48170.0,11084.0,149.0,7343.0,108314,MISO,2026-07-18
2026-07-18T03,30204.0,44689.0,11093.0,2.0,10042.0,104689,MISO,2026-07-18
2026-07-18T04,28786.0,40606.0,11110.0,3.0,12183.0,99052,MISO,2026-07-18
2026-07-18T05,27376.0,37014.0,11113.0,2.0,13492.0,93879,MISO,2026-07-18
2026-07-18T06,26576.0,33888.0,11072.0,4.0,13512.0,89684,MISO,2026-07-18
2026-07-18T07,25396.0,30719.0,11057.0,4.0,13303.0,85632,MISO,2026-07-18
2026-07-18T08,23719.0,29279.0,11039.0,4.0,13134.0,82544,MISO,2026-07-18
2026-07-18T09,23366.0,28644.0,10968.0,6.0,11953.0,80636,MISO,2026-07-18
2026-07-18T10,23139.0,28552.0,10893.0,4.0,11202.0,79526,MISO,2026-07-18
2026-07-18T11,23226.0,28452.0,10883.0,14.0,10727.0,79427,MISO,2026-07-18
2026-07-18T12,23214.0,28349.0,10886.0,1323.0,9841.0,79164,MISO,2026-07-18
2026-07-18T13,21626.0,27777.0,10883.0,8000.0,8410.0,81854,MISO,2026-07-18
2026-07-18T14,22714.0,28171.0,10875.0,14141.0,6915.0,86973,MISO,2026-07-18
2026-07-18T15,25565.0,29932.0,10831.0,16471.0,6120.0,92511,MISO,2026-07-18
2026-07-18T16,27286.0,32790.0,10784.0,18009.0,5180.0,97786,MISO,2026-07-18
2026-07-18T17,28593.0,35759.0,10782.0,18357.0,5209.0,101976,MISO,2026-07-18
2026-07-18T18,29261.0,38356.0,10778.0,18197.0,5744.0,105406,MISO,2026-07-18
2026-07-18T19,30052.0,40093.0,10770.0,17814.0,6336.0,108119,MISO,2026-07-18
2026-07-18T20,30325.0,42190.0,10758.0,17241.0,6562.0,109653,MISO,2026-07-18
2026-07-18T21,30521.0,43902.0,10756.0,16490.0,6816.0,111314,MISO,2026-07-18
2026-07-18T22,30343.0,45362.0,10761.0,15259.0,6532.0,112184,MISO,2026-07-18
2026-07-18T23,30515.0,45865.0,10763.0,13097.0,6190.0,111979,MISO,2026-07-18
2026-07-19T00,30049.0,46424.0,10759.0,9467.0,5508.0,109586,MISO,2026-07-19
2026-07-19T01,30983.0,47031.0,10765.0,3180.0,4856.0,105596,MISO,2026-07-19
2026-07-19T02,31071.0,46504.0,10776.0,146.0,4752.0,101595,MISO,2026-07-19
2026-07-19T03,30927.0,43245.0,10770.0,2.0,5231.0,97406,MISO,2026-07-19
2026-07-19T04,29751.0,39557.0,10763.0,2.0,5549.0,91638,MISO,2026-07-19
2026-07-19T05,28098.0,36907.0,10773.0,2.0,5675.0,86636,MISO,2026-07-19
2026-07-19T06,26736.0,34530.0,10781.0,3.0,5823.0,82290,MISO,2026-07-19
2026-07-19T07,24580.0,32116.0,10782.0,3.0,6000.0,78352,MISO,2026-07-19
2026-07-19T08,23008.0,30791.0,10794.0,3.0,6413.0,76047,MISO,2026-07-19
2026-07-19T09,22360.0,29749.0,10827.0,4.0,6121.0,73865,MISO,2026-07-19
2026-07-19T10,21632.0,29590.0,10842.0,5.0,5835.0,72233,MISO,2026-07-19
2026-07-19T11,21057.0,29140.0,10856.0,24.0,5665.0,71430,MISO,2026-07-19
2026-07-19T12,19982.0,28376.0,10865.0,1265.0,5892.0,71076,MISO,2026-07-19
2026-07-19T13,18297.0,27486.0,10864.0,6673.0,5699.0,73264,MISO,2026-07-19
2026-07-19T14,18738.0,27746.0,10852.0,12559.0,4304.0,77421,MISO,2026-07-19
2026-07-19T15,20870.0,29279.0,10845.0,15500.0,3665.0,82361,MISO,2026-07-19
2026-07-19T16,23109.0,30799.0,10835.0,17388.0,3491.0,87179,MISO,2026-07-19
2026-07-19T17,25378.0,33428.0,10829.0,17542.0,3682.0,92001,MISO,2026-07-19
2026-07-19T18,27021.0,36304.0,10829.0,17410.0,3612.0,96353,MISO,2026-07-19
2026-07-19T19,28114.0,38972.0,10826.0,17421.0,3504.0,99634,MISO,2026-07-19
2026-07-19T20,28546.0,40964.0,10827.0,17255.0,3544.0,102276,MISO,2026-07-19
2026-07-19T21,28515.0,42603.0,10828.0,17116.0,3664.0,104671,MISO,2026-07-19
2026-07-19T22,28966.0,44320.0,10829.0,16105.0,3785.0,106243,MISO,2026-07-19
2026-07-19T23,29568.0,45444.0,10831.0,14429.0,4002.0,107290,MISO,2026-07-19
2026-07-20T00,30263.0,47483.0,10832.0,9497.0,3997.0,106819,MISO,2026-07-20
2026-07-20T01,31369.0,47812.0,10835.0,2828.0,4117.0,103772,MISO,2026-07-20
2026-07-20T02,31129.0,45902.0,10836.0,114.0,5879.0,100211,MISO,2026-07-20
2026-07-20T03,30173.0,41784.0,10837.0,2.0,8887.0,96288,MISO,2026-07-20
2026-07-20T04,27952.0,36466.0,10839.0,2.0,11478.0,90787,MISO,2026-07-20
2026-07-20T05,24793.0,33131.0,10892.0,3.0,13050.0,85452,MISO,2026-07-20
2026-07-20T06,22645.0,30360.0,10970.0,6.0,13793.0,81840,MISO,2026-07-20
2026-07-20T07,19971.0,27954.0,11050.0,4.0,13795.0,78681,MISO,2026-07-20
2026-07-20T08,18773.0,27135.0,11146.0,4.0,12888.0,76255,MISO,2026-07-20
2026-07-20T09,17961.0,26918.0,11193.0,5.0,13106.0,75031,MISO,2026-07-20
2026-07-20T10,18554.0,27233.0,11223.0,6.0,12291.0,74809,MISO,2026-07-20
2026-07-20T11,20915.0,28759.0,11228.0,17.0,10874.0,76898,MISO,2026-07-20
2026-07-20T12,22069.0,29574.0,11232.0,1141.0,10135.0,79641,MISO,2026-07-20
2026-07-20T13,21082.0,28982.0,11235.0,6432.0,9912.0,82677,MISO,2026-07-20
2026-07-20T14,21306.0,29365.0,11249.0,12074.0,8443.0,86578,MISO,2026-07-20
2026-07-20T15,22418.0,31238.0,11289.0,14715.0,8406.0,91100,MISO,2026-07-20
2026-07-20T16,24230.0,33619.0,11315.0,16176.0,8411.0,96458,MISO,2026-07-20
2026-07-20T17,25264.0,37030.0,11359.0,16616.0,8575.0,101606,MISO,2026-07-20
2026-07-20T18,26603.0,40877.0,11392.0,16392.0,9053.0,106533,MISO,2026-07-20
2026-07-20T19,27617.0,43341.0,11432.0,16267.0,9022.0,109951,MISO,2026-07-20
2026-07-20T20,28178.0,44213.0,11476.0,16118.0,8868.0,111908,MISO,2026-07-20
2026-07-20T21,28565.0,44523.0,11510.0,14719.0,10839.0,113538,MISO,2026-07-20
2026-07-20T22,28607.0,44828.0,11543.0,13028.0,13392.0,114636,MISO,2026-07-20
2026-07-20T23,28864.0,45650.0,11553.0,12114.0,12309.0,114803,MISO,2026-07-20
2026-07-21T00,28662.0,45957.0,11551.0,8659.0,12276.0,113863,MISO,2026-07-21
2026-07-21T01,29417.0,47831.0,11552.0,2723.0,11961.0,110665,MISO,2026-07-21
2026-07-21T02,29098.0,45902.0,11566.0,126.0,13591.0,107010,MISO,2026-07-21
2026-07-21T03,27670.0,42604.0,11577.0,5.0,15569.0,102755,MISO,2026-07-21
2026-07-21T04,25783.0,38325.0,11582.0,5.0,16734.0,97024,MISO,2026-07-21
2026-07-21T05,25002.0,35752.0,11589.0,5.0,15883.0,92091,MISO,2026-07-21
2026-07-21T06,24749.0,32249.0,11593.0,6.0,16053.0,87976,MISO,2026-07-21
2026-07-21T07,24014.0,30194.0,11592.0,7.0,15810.0,84917,MISO,2026-07-21
2026-07-21T08,22226.0,29177.0,11596.0,7.0,16040.0,82607,MISO,2026-07-21
2026-07-21T09,21417.0,29018.0,11596.0,7.0,15505.0,81165,MISO,2026-07-21
2026-07-21T10,21934.0,29703.0,11600.0,7.0,14805.0,81411,MISO,2026-07-21
2026-07-21T11,23102.0,30454.0,11599.0,10.0,14516.0,82793,MISO,2026-07-21
2026-07-21T12,24559.0,31095.0,11610.0,756.0,14360.0,85456,MISO,2026-07-21
2026-07-21T13,24413.0,30088.0,11608.0,4976.0,14606.0,88057,MISO,2026-07-21
2026-07-21T14,23427.0,29246.0,11604.0,11083.0,14946.0,91318,MISO,2026-07-21
2026-07-21T15,23189.0,29710.0,11600.0,14504.0,15793.0,95371,MISO,2026-07-21
2026-07-21T16,23814.0,31712.0,11595.0,16460.0,16213.0,99986,MISO,2026-07-21
2026-07-21T17,25006.0,33855.0,11586.0,16864.0,16828.0,104132,MISO,2026-07-21
2026-07-21T18,25656.0,35731.0,11575.0,17223.0,17740.0,107568,MISO,2026-07-21
2026-07-21T19,26398.0,37417.0,11575.0,16345.0,18678.0,109815,MISO,2026-07-21
2026-07-21T20,26478.0,38468.0,11587.0,15415.0,18638.0,110394,MISO,2026-07-21
2026-07-21T21,26416.0,38379.0,11588.0,15332.0,18767.0,110693,MISO,2026-07-21
2026-07-21T22,25516.0,38319.0,11588.0,15148.0,18812.0,110667,MISO,2026-07-21
2026-07-21T23,25099.0,39942.0,11593.0,13412.0,17568.0,109649,MISO,2026-07-21
2026-07-22T00,25360.0,41626.0,11602.0,9294.0,15925.0,107661,MISO,2026-07-22
2026-07-22T01,27816.0,43818.0,11606.0,3081.0,12739.0,104329,MISO,2026-07-22
2026-07-22T02,29450.0,44018.0,11613.0,113.0,10823.0,100563,MISO,2026-07-22
2026-07-22T03,28874.0,41316.0,11618.0,5.0,11394.0,96502,MISO,2026-07-22
2026-07-22T04,26807.0,37500.0,11624.0,6.0,11805.0,90381,MISO,2026-07-22
2026-07-22T05,25150.0,34340.0,11630.0,5.0,10537.0,85274,MISO,2026-07-22
2026-07-22T06,24089.0,32599.0,11646.0,7.0,9567.0,81359,MISO,2026-07-22
2026-07-22T07,22534.0,31281.0,11656.0,6.0,8600.0,78103,MISO,2026-07-22
2026-07-22T08,21774.0,30374.0,11665.0,4.0,7828.0,75755,MISO,2026-07-22
2026-07-22T09,20734.0,29628.0,11673.0,4.0,7257.0,73667,MISO,2026-07-22
2026-07-22T10,20301.0,29627.0,11679.0,4.0,6882.0,72887,MISO,2026-07-22
2026-07-22T11,21190.0,30343.0,11684.0,17.0,6054.0,73898,MISO,2026-07-22
2026-07-22T12,22435.0,30278.0,11688.0,1599.0,5381.0,75682,MISO,2026-07-22
2026-07-22T13,21178.0,28722.0,11692.0,8630.0,3921.0,78178,MISO,2026-07-22
2026-07-22T14,19823.0,27808.0,11689.0,15213.0,2461.0,80436,MISO,2026-07-22
2026-07-22T15,19610.0,29084.0,11679.0,17995.0,2093.0,83342,MISO,2026-07-22
2026-07-22T16,21352.0,30310.0,11669.0,18223.0,2191.0,86189,MISO,2026-07-22
2026-07-22T17,23577.0,31491.0,11664.0,17831.0,2428.0,89340,MISO,2026-07-22
2026-07-22T18,24445.0,33024.0,11664.0,17531.0,2700.0,91799,MISO,2026-07-22
2026-07-22T19,25261.0,34680.0,11656.0,17028.0,2763.0,94075,MISO,2026-07-22
2026-07-22T20,26005.0,35526.0,11652.0,16741.0,2842.0,95436,MISO,2026-07-22
2026-07-22T21,25744.0,35729.0,11651.0,16626.0,2801.0,96269,MISO,2026-07-22
2026-07-22T22,25821.0,37035.0,11650.0,15418.0,2814.0,96657,MISO,2026-07-22
2026-07-22T23,25997.0,38178.0,11654.0,13715.0,2791.0,96363,MISO,2026-07-22
2026-07-23T00,26160.0,39489.0,11650.0,9944.0,2450.0,95309,MISO,2026-07-23
2026-07-23T01,27693.0,41369.0,11655.0,3224.0,2207.0,93443,MISO,2026-07-23
2026-07-23T02,28286.0,41836.0,11662.0,123.0,2587.0,91085,MISO,2026-07-23
2026-07-23T03,27553.0,40160.0,11663.0,3.0,3421.0,88464,MISO,2026-07-23
2026-07-23T04,26097.0,37110.0,11670.0,4.0,4130.0,83550,MISO,2026-07-23
2026-07-23T05,24571.0,33845.0,11676.0,5.0,4175.0,78628,MISO,2026-07-23
2026-07-23T06,23241.0,32149.0,11677.0,4.0,3998.0,75973,MISO,2026-07-23
2026-07-23T07,21887.0,30761.0,11683.0,9.0,3830.0,73905,MISO,2026-07-23
2026-07-23T08,20659.0,29779.0,11690.0,4.0,4209.0,72005,MISO,2026-07-23
2026-07-23T09,20419.0,29140.0,11700.0,4.0,4164.0,71024,MISO,2026-07-23
2026-07-23T10,21090.0,29238.0,11704.0,4.0,4047.0,71144,MISO,2026-07-23
2026-07-23T11,22056.0,29752.0,11707.0,18.0,4036.0,72770,MISO,2026-07-23
2026-07-23T12,22315.0,29446.0,11710.0,1972.0,4280.0,74359,MISO,2026-07-23
2026-07-23T13,19996.0,27704.0,11712.0,9254.0,4153.0,76649,MISO,2026-07-23
2026-07-23T14,18145.0,27088.0,11710.0,15532.0,2809.0,78945,MISO,2026-07-23
2026-07-23T15,18581.0,28436.0,11705.0,17799.0,2501.0,81731,MISO,2026-07-23
2026-07-23T16,19692.0,29303.0,11693.0,18364.0,3088.0,84476,MISO,2026-07-23
2026-07-23T17,21530.0,30000.0,11668.0,17970.0,3362.0,86905,MISO,2026-07-23
2026-07-23T18,23117.0,31272.0,11660.0,17518.0,3374.0,89501,MISO,2026-07-23
2026-07-23T19,24314.0,32825.0,11653.0,17390.0,3046.0,91786,MISO,2026-07-23
2026-07-23T20,25060.0,34297.0,11644.0,17119.0,2979.0,93749,MISO,2026-07-23
2026-07-23T21,25665.0,35579.0,11638.0,16837.0,2857.0,95395,MISO,2026-07-23
2026-07-23T22,25288.0,36437.0,11635.0,16073.0,2794.0,96286,MISO,2026-07-23
2026-07-23T23,25996.0,37844.0,11640.0,14121.0,2421.0,97280,MISO,2026-07-23
2026-07-24T00,26919.0,39188.0,11630.0,9272.0,2264.0,96477,MISO,2026-07-24
2026-07-24T01,27679.0,40291.0,11632.0,2659.0,2630.0,94045,MISO,2026-07-24
2026-07-24T02,28117.0,39243.0,11638.0,87.0,3850.0,91456,MISO,2026-07-24
2026-07-24T03,27945.0,36478.0,11641.0,3.0,5895.0,88460,MISO,2026-07-24
2026-07-24T04,26298.0,32825.0,11640.0,4.0,7733.0,83563,MISO,2026-07-24
2026-07-24T05,23986.0,30631.0,11655.0,4.0,8456.0,79431,MISO,2026-07-24
2026-07-24T06,22114.0,29072.0,11665.0,4.0,9060.0,76411,MISO,2026-07-24
2026-07-24T07,20680.0,27996.0,11672.0,10.0,9491.0,74118,MISO,2026-07-24
2026-07-24T08,19520.0,27171.0,11677.0,10.0,9230.0,72279,MISO,2026-07-24
2026-07-24T09,18979.0,26978.0,11679.0,9.0,8871.0,71241,MISO,2026-07-24
2026-07-24T10,19773.0,27424.0,11684.0,5.0,8009.0,71280,MISO,2026-07-24
2026-07-24T11,21521.0,27820.0,11685.0,17.0,7382.0,72946,MISO,2026-07-24
2026-07-24T12,22891.0,28033.0,11685.0,1083.0,7092.0,75125,MISO,2026-07-24
2026-07-24T13,22491.0,28016.0,11684.0,5317.0,6680.0,77796,MISO,2026-07-24
2026-07-24T14,21456.0,28362.0,11674.0,9965.0,6220.0,80543,MISO,2026-07-24
2026-07-24T15,22260.0,28721.0,11672.0,12038.0,6165.0,83267,MISO,2026-07-24
2026-07-24T16,22756.0,29222.0,11664.0,13353.0,7114.0,85900,MISO,2026-07-24
2026-07-24T17,23316.0,30779.0,11659.0,14657.0,7396.0,89156,MISO,2026-07-24
2026-07-24T18,24366.0,32334.0,11655.0,14890.0,7577.0,91986,MISO,2026-07-24
2026-07-24T19,25518.0,34276.0,11651.0,14367.0,7496.0,94569,MISO,2026-07-24
2026-07-24T20,26427.0,35315.0,11647.0,14068.0,7464.0,96102,MISO,2026-07-24
2026-07-24T21,27187.0,36577.0,11643.0,13376.0,7190.0,97294,MISO,2026-07-24
2026-07-24T22,27834.0,37670.0,11639.0,11791.0,7262.0,97944,MISO,2026-07-24
2026-07-24T23,28393.0,38281.0,11638.0,9622.0,7026.0,97933,MISO,2026-07-24
2026-07-25T00,28598.0,38543.0,11636.0,6283.0,6874.0,96469,MISO,2026-07-25
2026-07-25T01,28486.0,38418.0,11641.0,1748.0,7437.0,93745,MISO,2026-07-25
2026-07-25T02,28212.0,38219.0,11642.0,25.0,7615.0,91175,MISO,2026-07-25
2026-07-25T03,28376.0,37536.0,11651.0,1.0,7024.0,88533,MISO,2026-07-25
2026-07-25T04,27772.0,35078.0,11658.0,1.0,6603.0,84190,MISO,2026-07-25
2026-07-25T05,25664.0,31724.0,11663.0,3.0,7493.0,79742,MISO,2026-07-25
2026-07-25T06,23183.0,29925.0,11666.0,2.0,7918.0,77041,MISO,2026-07-25
2026-07-25T07,21517.0,28756.0,11670.0,1.0,7894.0,74329,MISO,2026-07-25
2026-07-25T08,20585.0,28095.0,11666.0,1.0,7649.0,72560,MISO,2026-07-25
2026-07-25T09,19477.0,27478.0,11671.0,6.0,7517.0,71143,MISO,2026-07-25
2026-07-25T10,19045.0,27328.0,11669.0,1.0,7544.0,70472,MISO,2026-07-25
2026-07-25T11,19577.0,27666.0,11669.0,11.0,6786.0,70331,MISO,2026-07-25
2026-07-25T12,19902.0,27547.0,11669.0,633.0,5762.0,70627,MISO,2026-07-25
2026-07-25T13,19858.0,28014.0,11670.0,3069.0,5074.0,72805,MISO,2026-07-25
2026-07-25T14,21874.0,28040.0,11662.0,6027.0,3805.0,76574,MISO,2026-07-25
2026-07-25T15,23405.0,29202.0,11653.0,7710.0,2846.0,79845,MISO,2026-07-25
2026-07-25T16,24071.0,30795.0,11639.0,9992.0,2131.0,83392,MISO,2026-07-25
2026-07-25T17,25330.0,32923.0,11626.0,11345.0,1934.0,86855,MISO,2026-07-25
2026-07-25T18,25188.0,35933.0,11622.0,12720.0,1919.0,90347,MISO,2026-07-25
2026-07-25T19,25724.0,38018.0,11618.0,13702.0,1926.0,93549,MISO,2026-07-25
2026-07-25T20,26241.0,40344.0,11616.0,13851.0,1899.0,96513,MISO,2026-07-25
2026-07-25T21,26638.0,43125.0,11609.0,13134.0,1728.0,99402,MISO,2026-07-25
2026-07-25T22,27359.0,45336.0,11610.0,10851.0,1876.0,101199,MISO,2026-07-25
2026-07-25T23,27542.0,46095.0,11610.0,8652.0,2102.0,101675,MISO,2026-07-25
2026-07-26T00,27639.0,46606.0,11608.0,5701.0,2225.0,101388,MISO,2026-07-26
2026-07-26T01,28508.0,46431.0,11609.0,1699.0,2667.0,99483,MISO,2026-07-26
2026-07-26T02,28750.0,44241.0,11613.0,53.0,3922.0,97316,MISO,2026-07-26
2026-07-26T03,28381.0,41444.0,11618.0,1.0,5802.0,94380,MISO,2026-07-26
2026-07-26T04,27257.0,37098.0,11617.0,1.0,8536.0,89922,MISO,2026-07-26
2026-07-26T05,25943.0,33879.0,11622.0,1.0,9789.0,85612,MISO,2026-07-26
2026-07-26T06,24304.0,31425.0,11628.0,1.0,9857.0,82488,MISO,2026-07-26
2026-07-26T07,23434.0,30810.0,11628.0,3.0,7876.0,79649,MISO,2026-07-26
2026-07-26T08,23249.0,29693.0,11627.0,2.0,6833.0,77429,MISO,2026-07-26
2026-07-26T09,22805.0,29007.0,11628.0,1.0,6379.0,75702,MISO,2026-07-26
2026-07-26T10,22825.0,29023.0,11626.0,1.0,5311.0,74821,MISO,2026-07-26
2026-07-26T11,22659.0,28807.0,11627.0,2.0,5750.0,74523,MISO,2026-07-26
2026-07-26T12,20960.0,28020.0,11629.0,470.0,6916.0,73699,MISO,2026-07-26
2026-07-26T13,20808.0,28270.0,11628.0,3924.0,6139.0,75986,MISO,2026-07-26
2026-07-26T14,22398.0,28608.0,11621.0,8512.0,4454.0,80399,MISO,2026-07-26
2026-07-26T15,23710.0,31030.0,11615.0,12099.0,3467.0,86012,MISO,2026-07-26
2026-07-26T16,26109.0,33957.0,11608.0,14194.0,2727.0,92229,MISO,2026-07-26
2026-07-26T17,27593.0,37768.0,11599.0,15469.0,2285.0,97910,MISO,2026-07-26
2026-07-26T18,27931.0,41147.0,11586.0,16610.0,2343.0,102876,MISO,2026-07-26
2026-07-26T19,28225.0,44240.0,11583.0,16338.0,2642.0,107222,MISO,2026-07-26
2026-07-26T20,28704.0,46209.0,11580.0,15812.0,2671.0,110665,MISO,2026-07-26
2026-07-26T21,28810.0,47683.0,11574.0,15092.0,2929.0,113187,MISO,2026-07-26
2026-07-26T22,29430.0,49022.0,11571.0,13763.0,3511.0,115014,MISO,2026-07-26
2026-07-26T23,29618.0,50755.0,11565.0,11634.0,3586.0,115990,MISO,2026-07-26
2026-07-27T00,29308.0,51339.0,11567.0,7571.0,4169.0,114781,MISO,2026-07-27
2026-07-27T01,29585.0,52064.0,11571.0,2255.0,5007.0,112187,MISO,2026-07-27
2026-07-27T02,29635.0,49997.0,11573.0,82.0,6660.0,109008,MISO,2026-07-27
2026-07-27T03,29627.0,46857.0,11582.0,5.0,8770.0,105850,MISO,2026-07-27
2026-07-27T04,29600.0,42407.0,11585.0,2.0,10246.0,100134,MISO,2026-07-27
2026-07-27T05,29013.0,38303.0,11589.0,1.0,11243.0,95291,MISO,2026-07-27
2026-07-27T06,27447.0,35891.0,11595.0,1.0,11298.0,91003,MISO,2026-07-27
2026-07-27T07,25844.0,34197.0,11599.0,1.0,11196.0,87548,MISO,2026-07-27
2026-07-27T08,24921.0,33656.0,11593.0,1.0,10170.0,84894,MISO,2026-07-27
2026-07-27T09,24728.0,33285.0,11563.0,1.0,9321.0,83595,MISO,2026-07-27
2026-07-27T10,24791.0,33084.0,11562.0,1.0,9380.0,83778,MISO,2026-07-27
2026-07-27T11,25594.0,33073.0,11561.0,3.0,9793.0,85292,MISO,2026-07-27
2026-07-27T12,26397.0,34392.0,11563.0,488.0,10163.0,87905,MISO,2026-07-27
2026-07-27T13,26492.0,34703.0,11554.0,4247.0,9936.0,91387,MISO,2026-07-27
2026-07-27T14,25466.0,35242.0,11541.0,10369.0,8773.0,95600,MISO,2026-07-27
2026-07-27T15,25695.0,37244.0,11528.0,14330.0,7703.0,100286,MISO,2026-07-27
2026-07-27T16,26845.0,41115.0,11523.0,16339.0,6817.0,106016,MISO,2026-07-27
2026-07-27T17,26820.0,44113.0,11518.0,17006.0,6700.0,110673,MISO,2026-07-27
2026-07-27T18,27295.0,47340.0,11512.0,16711.0,5681.0,114490,MISO,2026-07-27
2026-07-27T19,28219.0,50051.0,11515.0,15417.0,5901.0,117250,MISO,2026-07-27
2026-07-27T20,28381.0,50866.0,11504.0,14275.0,6291.0,118325,MISO,2026-07-27
2026-07-27T21,29311.0,51647.0,11496.0,13072.0,6008.0,118111,MISO,2026-07-27
2026-07-27T22,29684.0,51836.0,11494.0,13051.0,5557.0,117897,MISO,2026-07-27
2026-07-27T23,29636.0,52317.0,11492.0,11249.0,5872.0,117251,MISO,2026-07-27
2026-07-28T00,29795.0,52755.0,11496.0,7856.0,5447.0,115561,MISO,2026-07-28
2026-07-28T01,30476.0,52569.0,11502.0,2362.0,5376.0,112408,MISO,2026-07-28
2026-07-28T02,30759.0,51011.0,11506.0,60.0,6732.0,109142,MISO,2026-07-28
2026-07-28T03,30674.0,47536.0,11515.0,1.0,8329.0,105403,MISO,2026-07-28
2026-07-28T04,29503.0,43487.0,11524.0,4.0,9566.0,99163,MISO,2026-07-28
2026-07-28T05,27877.0,40083.0,11530.0,6.0,10013.0,93538,MISO,2026-07-28
2026-07-28T06,25643.0,37585.0,11531.0,5.0,10624.0,89568,MISO,2026-07-28
2026-07-28T07,24216.0,35413.0,11538.0,11.0,10629.0,86627,MISO,2026-07-28
2026-07-28T08,23061.0,34250.0,11542.0,9.0,10022.0,83709,MISO,2026-07-28
2026-07-28T09,22684.0,34337.0,11547.0,8.0,8714.0,82132,MISO,2026-07-28
2026-07-28T10,23680.0,34895.0,11556.0,4.0,6984.0,82289,MISO,2026-07-28
2026-07-28T11,26399.0,35423.0,11565.0,4.0,5561.0,84238,MISO,2026-07-28
2026-07-28T12,28127.0,35850.0,11556.0,721.0,4539.0,86093,MISO,2026-07-28
2026-07-28T13,27707.0,34920.0,11557.0,5519.0,3669.0,88055,MISO,2026-07-28
2026-07-28T14,26876.0,35454.0,11557.0,10898.0,3016.0,91368,MISO,2026-07-28
2026-07-28T15,27807.0,37103.0,11543.0,13967.0,2391.0,94949,MISO,2026-07-28
2026-07-28T16,29496.0,38892.0,11541.0,15697.0,2372.0,99167,MISO,2026-07-28
2026-07-28T17,29433.0,41942.0,11537.0,16420.0,2557.0,102648,MISO,2026-07-28
2026-07-28T18,29698.0,44153.0,11537.0,16569.0,2655.0,106325,MISO,2026-07-28
2026-07-28T19,29619.0,45922.0,11501.0,16603.0,2410.0,109082,MISO,2026-07-28
2026-07-28T20,29896.0,47612.0,11384.0,16443.0,2165.0,110972,MISO,2026-07-28
2026-07-28T21,30345.0,49101.0,11315.0,15748.0,2220.0,112214,MISO,2026-07-28
2026-07-28T22,30677.0,49708.0,11285.0,14536.0,2469.0,112864,MISO,2026-07-28
2026-07-28T23,30799.0,49859.0,11276.0,12149.0,2789.0,112864,MISO,2026-07-28
2026-07-29T00,31271.0,50997.0,11273.0,7180.0,2617.0,111159,MISO,2026-07-29
2026-07-29T01,31727.0,51196.0,11275.0,1965.0,2458.0,108069,MISO,2026-07-29
2026-07-29T02,31482.0,50005.0,11278.0,54.0,3200.0,104442,MISO,2026-07-29
2026-07-29T03,31164.0,47696.0,11282.0,2.0,3895.0,100631,MISO,2026-07-29
2026-07-29T04,30319.0,43316.0,11290.0,2.0,4723.0,94596,MISO,2026-07-29
2026-07-29T05,28624.0,39087.0,11293.0,2.0,5398.0,88743,MISO,2026-07-29
2026-07-29T06,26968.0,36516.0,11298.0,3.0,5826.0,84767,MISO,2026-07-29
2026-07-29T07,25262.0,34567.0,11308.0,4.0,5730.0,81193,MISO,2026-07-29
2026-07-29T08,23390.0,33434.0,11313.0,5.0,5300.0,78418,MISO,2026-07-29
2026-07-29T09,22399.0,33159.0,11317.0,5.0,5364.0,77123,MISO,2026-07-29
2026-07-29T10,23362.0,32978.0,11321.0,4.0,5381.0,77196,MISO,2026-07-29
2026-07-29T11,24954.0,33336.0,11326.0,8.0,5111.0,78524,MISO,2026-07-29
2026-07-29T12,26337.0,33243.0,11328.0,1126.0,5026.0,80294,MISO,2026-07-29
2026-07-29T13,25455.0,31895.0,11331.0,6547.0,4242.0,82757,MISO,2026-07-29
2026-07-29T14,24529.0,32331.0,11330.0,12694.0,2504.0,85786,MISO,2026-07-29
2026-07-29T15,25738.0,33343.0,11327.0,16197.0,1680.0,89982,MISO,2026-07-29
2026-07-29T16,26780.0,34458.0,11320.0,17999.0,2140.0,94048,MISO,2026-07-29
2026-07-29T17,27887.0,37221.0,11306.0,18738.0,2594.0,98819,MISO,2026-07-29
2026-07-29T18,29365.0,39826.0,11299.0,18638.0,3329.0,103049,MISO,2026-07-29
2026-07-29T19,30407.0,41812.0,11298.0,18824.0,3754.0,106678,MISO,2026-07-29
2026-07-29T20,30835.0,42660.0,11293.0,18852.0,4196.0,109056,MISO,2026-07-29
2026-07-29T21,30802.0,43813.0,11292.0,18366.0,4267.0,110447,MISO,2026-07-29
2026-07-29T22,30758.0,45697.0,11293.0,17760.0,4278.0,111788,MISO,2026-07-29
2026-07-29T23,30616.0,46100.0,11296.0,15974.0,4571.0,111833,MISO,2026-07-29
2026-07-30T00,30753.0,48262.0,11304.0,10440.0,4612.0,110386,MISO,2026-07-30
2026-07-30T01,31648.0,49818.0,11308.0,2825.0,4994.0,107245,MISO,2026-07-30
2026-07-30T02,31962.0,47669.0,11299.0,60.0,6186.0,103532,MISO,2026-07-30
2026-07-30T03,31235.0,43719.0,11301.0,9.0,8116.0,99164,MISO,2026-07-30
2026-07-30T04,28967.0,39177.0,11303.0,9.0,9878.0,92789,MISO,2026-07-30
2026-07-30T05,26996.0,36121.0,11312.0,10.0,10942.0,87903,MISO,2026-07-30
2026-07-30T06,24841.0,32803.0,11325.0,10.0,11528.0,83907,MISO,2026-07-30
2026-07-30T07,22962.0,31046.0,11330.0,10.0,11325.0,80512,MISO,2026-07-30
2026-07-30T08,21371.0,30348.0,11335.0,10.0,10679.0,77970,MISO,2026-07-30
2026-07-30T09,20535.0,29947.0,11340.0,11.0,10331.0,76666,MISO,2026-07-30
2026-07-30T10,19959.0,29795.0,11338.0,11.0,9914.0,75862,MISO,2026-07-30
2026-07-30T11,22388.0,31137.0,11340.0,15.0,9082.0,77873,MISO,2026-07-30
2026-07-30T12,24308.0,30896.0,11340.0,1391.0,8838.0,80287,MISO,2026-07-30
2026-07-30T13,22958.0,29384.0,11343.0,8339.0,7907.0,82838,MISO,2026-07-30
2026-07-30T14,22216.0,29639.0,11336.0,14969.0,5317.0,86587,MISO,2026-07-30
2026-07-30T15,23568.0,31554.0,11329.0,17988.0,4255.0,90916,MISO,2026-07-30
2026-07-30T16,24793.0,32976.0,11323.0,19616.0,4826.0,95250,MISO,2026-07-30
2026-07-30T17,26418.0,36045.0,11317.0,19879.0,5076.0,99930,MISO,2026-07-30
2026-07-30T18,28051.0,39785.0,11313.0,19382.0,5267.0,104616,MISO,2026-07-30
2026-07-30T19,29514.0,42709.0,11312.0,19023.0,5609.0,108807,MISO,2026-07-30
2026-07-30T20,30286.0,44679.0,11303.0,18198.0,5588.0,111335,MISO,2026-07-30
2026-07-30T21,31028.0,45679.0,11296.0,17003.0,5809.0,113220,MISO,2026-07-30
2026-07-30T22,31077.0,45776.0,11298.0,16051.0,6223.0,113542,MISO,2026-07-30
2026-07-30T23,30981.0,46445.0,11311.0,13979.0,6594.0,112633,MISO,2026-07-30
2026-07-31T00,31332.0,48068.0,11310.0,8112.0,6528.0,110992,MISO,2026-07-31
2026-07-31T01,31956.0,48112.0,11313.0,1883.0,6399.0,107315,MISO,2026-07-31
2026-07-31T02,32131.0,46669.0,11315.0,28.0,7229.0,103944,MISO,2026-07-31
2026-07-31T03,30833.0,43813.0,11316.0,2.0,8743.0,99619,MISO,2026-07-31
2026-07-31T04,28768.0,39819.0,11319.0,2.0,10500.0,93959,MISO,2026-07-31
2026-07-08T01,15574.0,20995.0,1958.0,,,49560,SPP,2026-07-08
2026-07-08T02,14802.0,18556.0,1957.0,144.0,12648.0,47606,SPP,2026-07-08
2026-07-08T03,13616.0,14276.0,1956.0,0.0,16469.0,45782,SPP,2026-07-08
2026-07-08T04,12182.0,11163.0,1957.0,0.0,18850.0,43323,SPP,2026-07-08
2026-07-08T05,10711.0,9015.0,1957.0,0.0,19599.0,40551,SPP,2026-07-08
2026-07-08T06,9504.0,8128.0,1959.0,0.0,19502.0,38225,SPP,2026-07-08
2026-07-08T07,8470.0,7437.0,1959.0,0.0,19232.0,36503,SPP,2026-07-08
2026-07-08T08,7793.0,7202.0,1960.0,0.0,18907.0,35162,SPP,2026-07-08
2026-07-08T09,7241.0,7230.0,1961.0,0.0,18362.0,34288,SPP,2026-07-08
2026-07-08T10,7444.0,7517.0,1962.0,0.0,17481.0,33927,SPP,2026-07-08
2026-07-08T11,7816.0,8049.0,1963.0,0.0,16684.0,34369,SPP,2026-07-08
2026-07-08T12,8583.0,8218.0,1964.0,35.0,16201.0,35200,SPP,2026-07-08
2026-07-08T13,9830.0,9416.0,1964.0,537.0,14379.0,36869,SPP,2026-07-08
2026-07-08T14,11639.0,11452.0,1964.0,1231.0,11308.0,39065,SPP,2026-07-08
2026-07-08T15,13142.0,13009.0,1963.0,1863.0,10185.0,41445,SPP,2026-07-08
2026-07-08T16,13735.0,14560.0,1962.0,1931.0,9896.0,44014,SPP,2026-07-08
2026-07-08T17,14368.0,17229.0,1961.0,2013.0,8977.0,46635,SPP,2026-07-08
2026-07-08T18,14719.0,19026.0,1959.0,1899.0,8748.0,48860,SPP,2026-07-08
2026-07-08T19,14652.0,19918.0,1957.0,2013.0,9591.0,50837,SPP,2026-07-08
2026-07-08T20,14516.0,20510.0,1956.0,2056.0,10353.0,52287,SPP,2026-07-08
2026-07-08T21,14673.0,21397.0,1954.0,1916.0,10617.0,53222,SPP,2026-07-08
2026-07-08T22,14731.0,21310.0,1953.0,1763.0,11819.0,53691,SPP,2026-07-08
2026-07-08T23,14505.0,21821.0,1952.0,1743.0,12692.0,53701,SPP,2026-07-08
2026-07-09T00,14285.0,20096.0,1953.0,1586.0,14480.0,53287,SPP,2026-07-09
2026-07-09T01,14022.0,18569.0,1952.0,865.0,16026.0,52001,SPP,2026-07-09
2026-07-09T02,13494.0,17205.0,1954.0,109.0,17033.0,49966,SPP,2026-07-09
2026-07-09T03,13216.0,13957.0,1954.0,1.0,19038.0,47975,SPP,2026-07-09
2026-07-09T04,12495.0,11665.0,1955.0,0.0,19873.0,45355,SPP,2026-07-09
2026-07-09T05,11053.0,9409.0,1955.0,0.0,20852.0,42461,SPP,2026-07-09
2026-07-09T06,9901.0,8360.0,1956.0,0.0,20820.0,40142,SPP,2026-07-09
2026-07-09T07,9028.0,7980.0,1956.0,0.0,20370.0,38498,SPP,2026-07-09
2026-07-09T08,9227.0,8107.0,1958.0,0.0,18945.0,37209,SPP,2026-07-09
2026-07-09T09,8839.0,7790.0,1959.0,0.0,17916.0,36155,SPP,2026-07-09
2026-07-09T10,8843.0,7979.0,1960.0,0.0,16895.0,35565,SPP,2026-07-09
2026-07-09T11,9774.0,8618.0,1954.0,0.0,15594.0,35849,SPP,2026-07-09
2026-07-09T12,10903.0,9052.0,1954.0,22.0,14647.0,36596,SPP,2026-07-09
2026-07-09T13,11527.0,9748.0,1953.0,408.0,13730.0,37675,SPP,2026-07-09
2026-07-09T14,12162.0,11666.0,1952.0,1099.0,11228.0,39055,SPP,2026-07-09
2026-07-09T15,13046.0,13239.0,1952.0,1543.0,9382.0,40794,SPP,2026-07-09
2026-07-09T16,13759.0,15080.0,1951.0,1797.0,8519.0,42998,SPP,2026-07-09
2026-07-09T17,14706.0,16662.0,1950.0,1888.0,8042.0,45291,SPP,2026-07-09
2026-07-09T18,15286.0,18480.0,1949.0,1770.0,7614.0,47631,SPP,2026-07-09
2026-07-09T19,15609.0,20036.0,1948.0,1896.0,7598.0,49739,SPP,2026-07-09
2026-07-09T20,15491.0,20270.0,1947.0,1915.0,8469.0,51167,SPP,2026-07-09
2026-07-09T21,15352.0,20473.0,1944.0,1883.0,9107.0,52013,SPP,2026-07-09
2026-07-09T22,15039.0,20779.0,1944.0,1729.0,9827.0,52385,SPP,2026-07-09
2026-07-09T23,14939.0,20245.0,1943.0,1580.0,11263.0,52450,SPP,2026-07-09
2026-07-10T00,14915.0,18736.0,1943.0,1410.0,12631.0,51913,SPP,2026-07-10
2026-07-10T01,14762.0,18141.0,1942.0,853.0,13778.0,50776,SPP,2026-07-10
2026-07-10T02,14747.0,16954.0,1880.0,122.0,14226.0,48892,SPP,2026-07-10
2026-07-10T03,14753.0,15536.0,1733.0,2.0,14456.0,47189,SPP,2026-07-10
2026-07-10T04,14528.0,14008.0,1704.0,0.0,14930.0,44771,SPP,2026-07-10
2026-07-10T05,14207.0,11555.0,1753.0,0.0,14989.0,41934,SPP,2026-07-10
2026-07-10T06,13140.0,9748.0,1883.0,0.0,15514.0,39594,SPP,2026-07-10
2026-07-10T07,11476.0,8788.0,1938.0,0.0,15978.0,37866,SPP,2026-07-10
2026-07-10T08,11288.0,8618.0,1946.0,0.0,14996.0,36534,SPP,2026-07-10
2026-07-10T09,11204.0,9210.0,1948.0,0.0,13321.0,35532,SPP,2026-07-10
2026-07-10T10,11428.0,9797.0,1949.0,0.0,11799.0,35060,SPP,2026-07-10
2026-07-10T11,12920.0,11731.0,1951.0,0.0,8413.0,35330,SPP,2026-07-10
2026-07-10T12,14256.0,12593.0,1952.0,26.0,6587.0,36009,SPP,2026-07-10
2026-07-10T13,14222.0,12707.0,1951.0,484.0,6789.0,37106,SPP,2026-07-10
2026-07-10T14,13529.0,13124.0,1951.0,1367.0,6870.0,38921,SPP,2026-07-10
2026-07-10T15,14025.0,14227.0,1950.0,1700.0,6492.0,40992,SPP,2026-07-10
2026-07-10T16,14765.0,16052.0,1950.0,1957.0,6104.0,43222,SPP,2026-07-10
2026-07-10T17,14822.0,17478.0,1950.0,2055.0,6059.0,45361,SPP,2026-07-10
2026-07-10T18,15157.0,18301.0,1948.0,1851.0,6462.0,47234,SPP,2026-07-10
2026-07-10T19,15671.0,19270.0,1948.0,1970.0,6581.0,49002,SPP,2026-07-10
2026-07-10T20,15899.0,19906.0,1948.0,2031.0,6436.0,50157,SPP,2026-07-10
2026-07-10T21,15824.0,20684.0,1946.0,2048.0,6583.0,50766,SPP,2026-07-10
2026-07-10T22,15849.0,20546.0,1948.0,1941.0,7016.0,50963,SPP,2026-07-10
2026-07-10T23,15754.0,20799.0,1954.0,1892.0,8097.0,50872,SPP,2026-07-10
2026-07-11T00,15515.0,19572.0,1954.0,1608.0,9548.0,50351,SPP,2026-07-11
2026-07-11T01,15656.0,18824.0,1954.0,950.0,10381.0,49128,SPP,2026-07-11
2026-07-11T02,15589.0,17129.0,1955.0,148.0,11537.0,47205,SPP,2026-07-11
2026-07-11T03,14252.0,14249.0,1956.0,3.0,14310.0,45427,SPP,2026-07-11
2026-07-11T04,13069.0,11421.0,1924.0,0.0,16495.0,43168,SPP,2026-07-11
2026-07-11T05,12327.0,9420.0,1791.0,0.0,17179.0,40659,SPP,2026-07-11
2026-07-11T06,11908.0,8099.0,1712.0,0.0,17084.0,38346,SPP,2026-07-11
2026-07-11T07,11242.0,8429.0,1719.0,0.0,15433.0,36502,SPP,2026-07-11
2026-07-11T08,11279.0,8584.0,1766.0,0.0,13824.0,35199,SPP,2026-07-11
2026-07-11T09,11851.0,9736.0,1810.0,0.0,10834.0,34304,SPP,2026-07-11
2026-07-11T10,12775.0,10442.0,1850.0,0.0,8499.0,33765,SPP,2026-07-11
2026-07-11T11,12950.0,10096.0,1906.0,0.0,8149.0,33522,SPP,2026-07-11
2026-07-11T12,12579.0,9990.0,1939.0,25.0,8386.0,33435,SPP,2026-07-11
2026-07-11T13,13097.0,11115.0,1949.0,481.0,6776.0,34513,SPP,2026-07-11
2026-07-11T14,13734.0,13091.0,1957.0,1360.0,4868.0,36777,SPP,2026-07-11
2026-07-11T15,14053.0,14708.0,1962.0,1847.0,4545.0,39205,SPP,2026-07-11
2026-07-11T16,14468.0,16847.0,1959.0,2101.0,3870.0,41642,SPP,2026-07-11
2026-07-11T17,15009.0,19143.0,1961.0,2094.0,3384.0,43973,SPP,2026-07-11
2026-07-11T18,15084.0,20250.0,1961.0,2072.0,3664.0,46051,SPP,2026-07-11
2026-07-11T19,15409.0,21782.0,1959.0,2057.0,3531.0,47777,SPP,2026-07-11
2026-07-11T20,15658.0,22757.0,1958.0,2041.0,3442.0,49099,SPP,2026-07-11
2026-07-11T21,15749.0,23391.0,1956.0,1901.0,3634.0,50140,SPP,2026-07-11
2026-07-11T22,15643.0,23428.0,1954.0,1885.0,4327.0,50683,SPP,2026-07-11
2026-07-11T23,15519.0,22932.0,1953.0,1670.0,5634.0,50799,SPP,2026-07-11
2026-07-12T00,15244.0,21559.0,1953.0,1573.0,6935.0,49949,SPP,2026-07-12
2026-07-12T01,15119.0,20809.0,1952.0,980.0,7605.0,48487,SPP,2026-07-12
2026-07-12T02,14997.0,19616.0,1952.0,176.0,8147.0,46412,SPP,2026-07-12
2026-07-12T03,14286.0,16975.0,1952.0,3.0,10292.0,44381,SPP,2026-07-12
2026-07-12T04,13366.0,14367.0,1951.0,0.0,12300.0,42146,SPP,2026-07-12
2026-07-12T05,12379.0,12110.0,1952.0,0.0,13296.0,39942,SPP,2026-07-12
2026-07-12T06,11789.0,10300.0,1954.0,0.0,13758.0,37769,SPP,2026-07-12
2026-07-12T07,10524.0,9419.0,1956.0,0.0,14184.0,35925,SPP,2026-07-12
2026-07-12T08,9347.0,9111.0,1957.0,0.0,14150.0,34424,SPP,2026-07-12
2026-07-12T09,8916.0,9099.0,1958.0,0.0,13515.0,33484,SPP,2026-07-12
2026-07-12T10,9359.0,9209.0,1958.0,0.0,12004.0,32869,SPP,2026-07-12
2026-07-12T11,9776.0,9204.0,1960.0,0.0,11037.0,32567,SPP,2026-07-12
2026-07-12T12,9925.0,9745.0,1961.0,24.0,9887.0,32336,SPP,2026-07-12
2026-07-12T13,10690.0,11433.0,1961.0,397.0,7322.0,33199,SPP,2026-07-12
2026-07-12T14,11521.0,13817.0,1960.0,1199.0,4948.0,35118,SPP,2026-07-12
2026-07-12T15,13026.0,14900.0,1960.0,1718.0,3746.0,37326,SPP,2026-07-12
2026-07-12T16,14247.0,16819.0,1960.0,1871.0,2773.0,39620,SPP,2026-07-12
2026-07-12T17,14726.0,18333.0,1958.0,1896.0,2385.0,41695,SPP,2026-07-12
2026-07-12T18,15047.0,19556.0,1957.0,1895.0,2586.0,43587,SPP,2026-07-12
2026-07-12T19,14992.0,19744.0,1955.0,1914.0,3719.0,45050,SPP,2026-07-12
2026-07-12T20,14660.0,19637.0,1955.0,1733.0,5064.0,46125,SPP,2026-07-12
2026-07-12T21,14415.0,19840.0,1953.0,1549.0,6179.0,46847,SPP,2026-07-12
2026-07-12T22,14044.0,18985.0,1952.0,1581.0,7789.0,47458,SPP,2026-07-12
2026-07-12T23,14128.0,18894.0,1951.0,1514.0,8741.0,47802,SPP,2026-07-12
2026-07-13T00,14201.0,18962.0,1951.0,1104.0,9345.0,47451,SPP,2026-07-13
2026-07-13T01,13827.0,18594.0,1952.0,749.0,9689.0,46579,SPP,2026-07-13
2026-07-13T02,13566.0,18087.0,1952.0,159.0,9499.0,44685,SPP,2026-07-13
2026-07-13T03,13645.0,16685.0,1952.0,3.0,10008.0,43004,SPP,2026-07-13
2026-07-13T04,13371.0,13981.0,1953.0,0.0,11321.0,40739,SPP,2026-07-13
2026-07-13T05,12437.0,10965.0,1953.0,0.0,12723.0,38275,SPP,2026-07-13
2026-07-13T06,11252.0,9621.0,1953.0,0.0,13174.0,36178,SPP,2026-07-13
2026-07-13T07,10863.0,9859.0,1956.0,0.0,12279.0,34636,SPP,2026-07-13
2026-07-13T08,10858.0,10017.0,1956.0,0.0,10795.0,33624,SPP,2026-07-13
2026-07-13T09,11177.0,10678.0,1957.0,0.0,9135.0,32968,SPP,2026-07-13
2026-07-13T10,12031.0,11041.0,1958.0,0.0,7791.0,32876,SPP,2026-07-13
2026-07-13T11,12900.0,11636.0,1958.0,0.0,6781.0,33447,SPP,2026-07-13
2026-07-13T12,13714.0,12186.0,1959.0,27.0,5987.0,34509,SPP,2026-07-13
2026-07-13T13,14400.0,13570.0,1959.0,536.0,4839.0,36255,SPP,2026-07-13
2026-07-13T14,14695.0,15482.0,1960.0,1506.0,3065.0,38526,SPP,2026-07-13
2026-07-13T15,15001.0,16993.0,1963.0,1785.0,2757.0,40830,SPP,2026-07-13
2026-07-13T16,15348.0,18066.0,1963.0,1904.0,3268.0,43107,SPP,2026-07-13
2026-07-13T17,15527.0,19477.0,1961.0,1824.0,3589.0,45122,SPP,2026-07-13
2026-07-13T18,15652.0,20412.0,1960.0,1809.0,4217.0,46981,SPP,2026-07-13
2026-07-13T19,16004.0,20743.0,1955.0,1793.0,5148.0,48482,SPP,2026-07-13
2026-07-13T20,16329.0,21050.0,1952.0,1630.0,5586.0,49484,SPP,2026-07-13
2026-07-13T21,16372.0,21048.0,1950.0,1654.0,5931.0,50220,SPP,2026-07-13
2026-07-13T22,16491.0,20635.0,1949.0,1807.0,6472.0,50664,SPP,2026-07-13
2026-07-13T23,16589.0,20778.0,1948.0,1633.0,7033.0,50551,SPP,2026-07-13
2026-07-14T00,16526.0,20679.0,1948.0,1563.0,7616.0,50092,SPP,2026-07-14
2026-07-14T01,16166.0,20314.0,1948.0,912.0,8476.0,48871,SPP,2026-07-14
2026-07-14T02,15760.0,18556.0,1949.0,160.0,9968.0,46946,SPP,2026-07-14
2026-07-14T03,14636.0,15481.0,1951.0,2.0,12656.0,45141,SPP,2026-07-14
2026-07-14T04,13427.0,12934.0,1951.0,0.0,14281.0,42819,SPP,2026-07-14
2026-07-14T05,12156.0,11671.0,1951.0,0.0,14286.0,40083,SPP,2026-07-14
2026-07-14T06,10892.0,11202.0,1952.0,0.0,13603.0,37802,SPP,2026-07-14
2026-07-14T07,10802.0,10830.0,1952.0,0.0,12374.0,36156,SPP,2026-07-14
2026-07-14T08,10988.0,11040.0,1954.0,0.0,10826.0,34957,SPP,2026-07-14
2026-07-14T09,11453.0,11059.0,1955.0,0.0,9582.0,34163,SPP,2026-07-14
2026-07-14T10,11959.0,11130.0,1956.0,0.0,8587.0,33879,SPP,2026-07-14
2026-07-14T11,12749.0,11594.0,1957.0,0.0,7488.0,34275,SPP,2026-07-14
2026-07-14T12,13961.0,12081.0,1958.0,25.0,6172.0,35139,SPP,2026-07-14
2026-07-14T13,14751.0,13299.0,1957.0,531.0,4762.0,36726,SPP,2026-07-14
2026-07-14T14,15476.0,15270.0,1957.0,1402.0,2443.0,38787,SPP,2026-07-14
2026-07-14T15,15905.0,16885.0,1957.0,1653.0,1847.0,41009,SPP,2026-07-14
2026-07-14T16,16185.0,18659.0,1956.0,1710.0,1982.0,43502,SPP,2026-07-14
2026-07-14T17,15889.0,20093.0,1955.0,1701.0,2701.0,45704,SPP,2026-07-14
2026-07-14T18,15632.0,20490.0,1954.0,1706.0,4304.0,47670,SPP,2026-07-14
2026-07-14T19,15938.0,20481.0,1953.0,1667.0,5573.0,49064,SPP,2026-07-14
2026-07-14T20,16155.0,20265.0,1951.0,1705.0,6407.0,49685,SPP,2026-07-14
2026-07-14T21,16245.0,21160.0,1950.0,1744.0,6874.0,50497,SPP,2026-07-14
2026-07-14T22,16382.0,22048.0,1949.0,1722.0,6953.0,50999,SPP,2026-07-14
2026-07-14T23,16339.0,22566.0,1948.0,1690.0,7124.0,51044,SPP,2026-07-14
2026-07-15T00,16232.0,23007.0,1948.0,1541.0,7075.0,50616,SPP,2026-07-15
2026-07-15T01,15970.0,23275.0,1948.0,938.0,7256.0,49546,SPP,2026-07-15
2026-07-15T02,15667.0,21262.0,1948.0,162.0,8171.0,47599,SPP,2026-07-15
2026-07-15T03,14803.0,17867.0,1948.0,2.0,11404.0,46152,SPP,2026-07-15
2026-07-15T04,13499.0,14304.0,1949.0,0.0,14334.0,43866,SPP,2026-07-15
2026-07-15T05,12888.0,12183.0,1950.0,0.0,14755.0,41105,SPP,2026-07-15
2026-07-15T06,12284.0,11631.0,1951.0,0.0,13829.0,38814,SPP,2026-07-15
2026-07-15T07,12056.0,11521.0,1952.0,0.0,12467.0,37126,SPP,2026-07-15
2026-07-15T08,12387.0,11277.0,1952.0,0.0,11041.0,35861,SPP,2026-07-15
2026-07-15T09,12855.0,11393.0,1953.0,0.0,9443.0,35009,SPP,2026-07-15
2026-07-15T10,13457.0,11611.0,1955.0,0.0,8082.0,34681,SPP,2026-07-15
2026-07-15T11,14378.0,12238.0,1955.0,0.0,6531.0,35173,SPP,2026-07-15
2026-07-15T12,15078.0,13402.0,1955.0,22.0,5163.0,36084,SPP,2026-07-15
2026-07-15T13,15390.0,15274.0,1956.0,523.0,3976.0,37664,SPP,2026-07-15
2026-07-15T14,15567.0,16832.0,1956.0,1332.0,2203.0,39782,SPP,2026-07-15
2026-07-15T15,15612.0,18046.0,1955.0,1703.0,2044.0,42026,SPP,2026-07-15
2026-07-15T16,15890.0,20489.0,1954.0,1882.0,1882.0,44458,SPP,2026-07-15
2026-07-15T17,15946.0,22545.0,1953.0,1746.0,1967.0,46373,SPP,2026-07-15
2026-07-15T18,16011.0,23318.0,1953.0,1775.0,2701.0,47460,SPP,2026-07-15
2026-07-15T19,16033.0,23200.0,1951.0,1808.0,3698.0,48539,SPP,2026-07-15
2026-07-15T20,15985.0,24094.0,1949.0,1852.0,4716.0,49291,SPP,2026-07-15
2026-07-15T21,16131.0,24672.0,1947.0,1876.0,4926.0,49909,SPP,2026-07-15
2026-07-15T22,16240.0,24701.0,1946.0,1706.0,5617.0,50039,SPP,2026-07-15
2026-07-15T23,16239.0,22890.0,1945.0,1474.0,7772.0,49630,SPP,2026-07-15
2026-07-16T00,15926.0,22798.0,1944.0,1244.0,8727.0,48761,SPP,2026-07-16
2026-07-16T01,15602.0,21352.0,1945.0,834.0,9529.0,47616,SPP,2026-07-16
2026-07-16T02,15138.0,20152.0,1946.0,145.0,10395.0,46021,SPP,2026-07-16
2026-07-16T03,14697.0,17509.0,1947.0,6.0,12036.0,44671,SPP,2026-07-16
2026-07-16T04,13979.0,14791.0,1947.0,3.0,13557.0,42754,SPP,2026-07-16
2026-07-16T05,13494.0,12667.0,1947.0,0.0,13352.0,40292,SPP,2026-07-16
2026-07-16T06,12537.0,11273.0,1947.0,0.0,13178.0,38042,SPP,2026-07-16
2026-07-16T07,12391.0,10878.0,1948.0,0.0,12245.0,36494,SPP,2026-07-16
2026-07-16T08,12202.0,10709.0,1949.0,0.0,11286.0,35339,SPP,2026-07-16
2026-07-16T09,12339.0,11055.0,1949.0,0.0,9954.0,34593,SPP,2026-07-16
2026-07-16T10,12779.0,11400.0,1952.0,0.0,8621.0,34345,SPP,2026-07-16
2026-07-16T11,13770.0,12290.0,1952.0,0.0,7052.0,34832,SPP,2026-07-16
2026-07-16T12,14378.0,13492.0,1953.0,15.0,5647.0,35817,SPP,2026-07-16
2026-07-16T13,14856.0,15412.0,1953.0,328.0,4145.0,37289,SPP,2026-07-16
2026-07-16T14,15114.0,17432.0,1953.0,1068.0,2315.0,39398,SPP,2026-07-16
2026-07-16T15,15280.0,18724.0,1952.0,1545.0,2011.0,41671,SPP,2026-07-16
2026-07-16T16,15296.0,19324.0,1951.0,1666.0,3052.0,43990,SPP,2026-07-16
2026-07-16T17,15147.0,19454.0,1950.0,1679.0,4719.0,45697,SPP,2026-07-16
2026-07-16T18,15089.0,19906.0,1949.0,1765.0,6825.0,47367,SPP,2026-07-16
2026-07-16T19,14732.0,19921.0,1948.0,1754.0,8619.0,48617,SPP,2026-07-16
2026-07-16T20,14297.0,20159.0,1947.0,1621.0,9455.0,49070,SPP,2026-07-16
2026-07-16T21,14344.0,20461.0,1946.0,1621.0,9515.0,49209,SPP,2026-07-16
2026-07-16T22,14350.0,20922.0,1945.0,1583.0,9614.0,49308,SPP,2026-07-16
2026-07-16T23,14064.0,20868.0,1945.0,1421.0,10059.0,48651,SPP,2026-07-16
2026-07-17T00,13812.0,19634.0,1945.0,1177.0,10857.0,47605,SPP,2026-07-17
2026-07-17T01,13738.0,18911.0,1944.0,682.0,12170.0,46505,SPP,2026-07-17
2026-07-17T02,14060.0,17568.0,1945.0,128.0,12637.0,45035,SPP,2026-07-17
2026-07-17T03,14002.0,15208.0,1946.0,0.0,14394.0,43760,SPP,2026-07-17
2026-07-17T04,13148.0,13170.0,1947.0,0.0,16276.0,42207,SPP,2026-07-17
2026-07-17T05,12055.0,10035.0,1948.0,0.0,17216.0,39974,SPP,2026-07-17
2026-07-17T06,10869.0,8037.0,1948.0,0.0,17876.0,38018,SPP,2026-07-17
2026-07-17T07,10240.0,7677.0,1949.0,0.0,17361.0,36555,SPP,2026-07-17
2026-07-17T08,10123.0,7604.0,1950.0,0.0,16306.0,35475,SPP,2026-07-17
2026-07-17T09,10269.0,8063.0,1952.0,0.0,14853.0,34755,SPP,2026-07-17
2026-07-17T10,10677.0,8377.0,1952.0,0.0,13649.0,34519,SPP,2026-07-17
2026-07-17T11,10882.0,8955.0,1952.0,0.0,13012.0,34989,SPP,2026-07-17
2026-07-17T12,11067.0,9905.0,1953.0,16.0,12208.0,35827,SPP,2026-07-17
2026-07-17T13,11909.0,12002.0,1953.0,274.0,10375.0,37470,SPP,2026-07-17
2026-07-17T14,13103.0,13272.0,1953.0,859.0,8792.0,39661,SPP,2026-07-17
2026-07-17T15,13328.0,14299.0,1952.0,1057.0,9151.0,41821,SPP,2026-07-17
2026-07-17T16,13731.0,15567.0,1952.0,1468.0,8311.0,43629,SPP,2026-07-17
2026-07-17T17,13518.0,17212.0,1951.0,1609.0,8111.0,45645,SPP,2026-07-17
2026-07-17T18,13735.0,18052.0,1949.0,1746.0,8620.0,47330,SPP,2026-07-17
2026-07-17T19,13807.0,18608.0,1948.0,1722.0,9456.0,48801,SPP,2026-07-17
2026-07-17T20,13920.0,18767.0,1947.0,1600.0,10225.0,49743,SPP,2026-07-17
2026-07-17T21,13852.0,18699.0,1945.0,1494.0,11516.0,50358,SPP,2026-07-17
2026-07-17T22,13806.0,18066.0,1944.0,1423.0,12694.0,50613,SPP,2026-07-17
2026-07-17T23,13811.0,17525.0,1944.0,1423.0,13785.0,50226,SPP,2026-07-17
2026-07-18T00,13690.0,17150.0,1944.0,1057.0,14692.0,49525,SPP,2026-07-18
2026-07-18T01,13280.0,16524.0,1943.0,589.0,15389.0,48096,SPP,2026-07-18
2026-07-18T02,12760.0,14907.0,1945.0,86.0,16014.0,46206,SPP,2026-07-18
2026-07-18T03,12523.0,12758.0,1945.0,1.0,17051.0,44807,SPP,2026-07-18
2026-07-18T04,12057.0,11310.0,1945.0,0.0,17939.0,43160,SPP,2026-07-18
2026-07-18T05,11224.0,9748.0,1946.0,0.0,18771.0,41166,SPP,2026-07-18
2026-07-18T06,10077.0,8884.0,1944.0,0.0,18793.0,39312,SPP,2026-07-18
2026-07-18T07,9438.0,8204.0,1937.0,0.0,18588.0,37759,SPP,2026-07-18
2026-07-18T08,8746.0,8207.0,1949.0,0.0,18025.0,36577,SPP,2026-07-18
2026-07-18T09,9010.0,8350.0,1949.0,0.0,16581.0,35708,SPP,2026-07-18
2026-07-18T10,9899.0,8535.0,1950.0,0.0,14855.0,35192,SPP,2026-07-18
2026-07-18T11,10481.0,8635.0,1950.0,0.0,13994.0,35052,SPP,2026-07-18
2026-07-18T12,10766.0,8876.0,1951.0,13.0,13077.0,35075,SPP,2026-07-18
2026-07-18T13,11198.0,10593.0,1951.0,444.0,11120.0,36097,SPP,2026-07-18
2026-07-18T14,12582.0,12716.0,1951.0,1139.0,8357.0,38341,SPP,2026-07-18
2026-07-18T15,13339.0,14508.0,1950.0,1596.0,7644.0,40922,SPP,2026-07-18
2026-07-18T16,14038.0,16851.0,1950.0,1702.0,6022.0,43526,SPP,2026-07-18
2026-07-18T17,14583.0,18862.0,1949.0,1795.0,4507.0,45500,SPP,2026-07-18
2026-07-18T18,15069.0,20841.0,1947.0,1837.0,3718.0,47365,SPP,2026-07-18
2026-07-18T19,15348.0,21464.0,1946.0,1778.0,3589.0,48824,SPP,2026-07-18
2026-07-18T20,15452.0,21682.0,1945.0,1809.0,4064.0,49936,SPP,2026-07-18
2026-07-18T21,15313.0,21596.0,1943.0,1710.0,5089.0,50656,SPP,2026-07-18
2026-07-18T22,14980.0,21311.0,1941.0,1595.0,6441.0,50885,SPP,2026-07-18
2026-07-18T23,14864.0,21263.0,1940.0,1325.0,7640.0,50771,SPP,2026-07-18
2026-07-19T00,14759.0,20817.0,1940.0,1077.0,8575.0,50224,SPP,2026-07-19
2026-07-19T01,14836.0,20251.0,1940.0,578.0,8795.0,48896,SPP,2026-07-19
2026-07-19T02,14992.0,19445.0,1940.0,64.0,8923.0,47020,SPP,2026-07-19
2026-07-19T03,14889.0,16756.0,1941.0,6.0,10620.0,45543,SPP,2026-07-19
2026-07-19T04,14886.0,14438.0,1942.0,5.0,11933.0,43761,SPP,2026-07-19
2026-07-19T05,14640.0,12046.0,1942.0,5.0,12921.0,41735,SPP,2026-07-19
2026-07-19T06,14126.0,10329.0,1942.0,5.0,13381.0,39705,SPP,2026-07-19
2026-07-19T07,13701.0,10123.0,1943.0,5.0,12261.0,38029,SPP,2026-07-19
2026-07-19T08,13990.0,10534.0,1944.0,5.0,10198.0,36785,SPP,2026-07-19
2026-07-19T09,14284.0,10969.0,1944.0,5.0,8604.0,35837,SPP,2026-07-19
2026-07-19T10,14328.0,11064.0,1944.0,5.0,7422.0,35222,SPP,2026-07-19
2026-07-19T11,14464.0,11519.0,1946.0,3.0,6319.0,34935,SPP,2026-07-19
2026-07-19T12,14332.0,11913.0,1946.0,15.0,5581.0,34714,SPP,2026-07-19
2026-07-19T13,14192.0,13057.0,1947.0,404.0,4807.0,35731,SPP,2026-07-19
2026-07-19T14,14428.0,15218.0,1946.0,1390.0,3092.0,38106,SPP,2026-07-19
2026-07-19T15,15025.0,17678.0,1946.0,1691.0,2267.0,40883,SPP,2026-07-19
2026-07-19T16,15648.0,19456.0,1945.0,1837.0,2259.0,43653,SPP,2026-07-19
2026-07-19T17,15829.0,21048.0,1943.0,1845.0,2702.0,46182,SPP,2026-07-19
2026-07-19T18,15895.0,22163.0,1942.0,1770.0,3066.0,48460,SPP,2026-07-19
2026-07-19T19,16224.0,22893.0,1940.0,1593.0,3595.0,50012,SPP,2026-07-19
2026-07-19T20,16313.0,23052.0,1937.0,1587.0,4171.0,51091,SPP,2026-07-19
2026-07-19T21,16475.0,23294.0,1935.0,1531.0,4726.0,51894,SPP,2026-07-19
2026-07-19T22,16407.0,22929.0,1935.0,1540.0,5241.0,52523,SPP,2026-07-19
2026-07-19T23,16614.0,23342.0,1936.0,1595.0,5460.0,52948,SPP,2026-07-19
2026-07-20T00,16611.0,23044.0,1936.0,1372.0,6022.0,52448,SPP,2026-07-20
2026-07-20T01,16631.0,22481.0,1935.0,831.0,7167.0,51251,SPP,2026-07-20
2026-07-20T02,16268.0,20234.0,1935.0,140.0,9394.0,49556,SPP,2026-07-20
2026-07-20T03,15921.0,17931.0,1935.0,1.0,11751.0,48036,SPP,2026-07-20
2026-07-20T04,15004.0,15023.0,1936.0,0.0,14072.0,45787,SPP,2026-07-20
2026-07-20T05,13668.0,12214.0,1936.0,0.0,15898.0,43320,SPP,2026-07-20
2026-07-20T06,12359.0,10563.0,1937.0,0.0,16544.0,41142,SPP,2026-07-20
2026-07-20T07,11879.0,10823.0,1937.0,0.0,15595.0,39390,SPP,2026-07-20
2026-07-20T08,11355.0,10192.0,1938.0,0.0,15216.0,38126,SPP,2026-07-20
2026-07-20T09,11281.0,10184.0,1939.0,0.0,14205.0,37260,SPP,2026-07-20
2026-07-20T10,11209.0,10179.0,1940.0,0.0,13429.0,36930,SPP,2026-07-20
2026-07-20T11,11673.0,11103.0,1940.0,0.0,12397.0,37287,SPP,2026-07-20
2026-07-20T12,12214.0,12621.0,1941.0,15.0,10918.0,38100,SPP,2026-07-20
2026-07-20T13,13190.0,13848.0,1941.0,493.0,9336.0,39852,SPP,2026-07-20
2026-07-20T14,14817.0,16083.0,1941.0,1467.0,6292.0,42418,SPP,2026-07-20
2026-07-20T15,15662.0,17295.0,1940.0,1644.0,5528.0,44350,SPP,2026-07-20
2026-07-20T16,15681.0,17371.0,1939.0,1648.0,5516.0,44443,SPP,2026-07-20
2026-07-20T17,15681.0,17371.0,1939.0,1648.0,5516.0,44443,SPP,2026-07-20
2026-07-20T18,15681.0,17371.0,1939.0,1648.0,5516.0,44443,SPP,2026-07-20
2026-07-20T19,15681.0,17371.0,1939.0,1648.0,5516.0,44443,SPP,2026-07-20
2026-07-20T20,15681.0,17371.0,1939.0,1648.0,5516.0,44443,SPP,2026-07-20
2026-07-20T21,15681.0,17371.0,1939.0,1648.0,5516.0,44443,SPP,2026-07-20
2026-07-20T22,15681.0,17371.0,1939.0,1648.0,5516.0,44443,SPP,2026-07-20
2026-07-20T23,15681.0,17371.0,1939.0,1648.0,5516.0,44443,SPP,2026-07-20
2026-07-21T00,15681.0,17371.0,1939.0,1648.0,5516.0,44443,SPP,2026-07-21
2026-07-21T01,15681.0,17371.0,1939.0,1648.0,5516.0,44443,SPP,2026-07-21
2026-07-21T02,15681.0,17371.0,1939.0,1648.0,5516.0,44443,SPP,2026-07-21
2026-07-21T03,15681.0,17371.0,1939.0,1648.0,5516.0,44443,SPP,2026-07-21
2026-07-21T04,15681.0,17371.0,1939.0,1648.0,5516.0,44443,SPP,2026-07-21
2026-07-21T05,15681.0,17371.0,1939.0,1648.0,5516.0,44443,SPP,2026-07-21
2026-07-21T06,12594.0,10236.0,1934.0,420.0,20046.0,40080,SPP,2026-07-21
2026-07-21T07,12392.0,9872.0,1934.0,340.0,20260.0,39794,SPP,2026-07-21
2026-07-21T08,12190.0,9874.0,1933.0,260.0,18858.0,39508,SPP,2026-07-21
2026-07-21T09,11987.0,10014.0,1934.0,179.0,17408.0,39222,SPP,2026-07-21
2026-07-21T10,11806.0,10714.0,1935.0,99.0,15407.0,38898,SPP,2026-07-21
2026-07-21T11,12593.0,12022.0,1935.0,21.0,12841.0,38983,SPP,2026-07-21
2026-07-21T12,13800.0,12916.0,1937.0,12.0,10775.0,39502,SPP,2026-07-21
2026-07-21T13,14351.0,14320.0,1937.0,416.0,9165.0,40624,SPP,2026-07-21
2026-07-21T14,14861.0,16876.0,1937.0,1289.0,6298.0,42425,SPP,2026-07-21
2026-07-21T15,15279.0,18719.0,1936.0,1676.0,5130.0,44697,SPP,2026-07-21
2026-07-21T16,15425.0,20073.0,1936.0,1783.0,5667.0,47175,SPP,2026-07-21
2026-07-21T17,15606.0,21819.0,1935.0,1806.0,6101.0,49794,SPP,2026-07-21
2026-07-21T18,15944.0,22751.0,1934.0,1809.0,6749.0,52004,SPP,2026-07-21
2026-07-21T19,15993.0,23249.0,1932.0,1802.0,7349.0,53612,SPP,2026-07-21
2026-07-21T20,16179.0,24231.0,1932.0,1792.0,7323.0,54529,SPP,2026-07-21
2026-07-21T21,16288.0,24063.0,1931.0,1695.0,7468.0,55062,SPP,2026-07-21
2026-07-21T22,16462.0,24034.0,1932.0,1738.0,7628.0,55297,SPP,2026-07-21
2026-07-21T23,16713.0,24084.0,1932.0,1629.0,7867.0,55008,SPP,2026-07-21
2026-07-22T00,16755.0,24095.0,1931.0,1358.0,8350.0,54312,SPP,2026-07-22
2026-07-22T01,16673.0,23456.0,1931.0,766.0,8897.0,52915,SPP,2026-07-22
2026-07-22T02,16692.0,21111.0,1933.0,113.0,10485.0,50940,SPP,2026-07-22
2026-07-22T03,15887.0,17828.0,1933.0,0.0,13574.0,49089,SPP,2026-07-22
2026-07-22T04,14931.0,15394.0,1934.0,0.0,15194.0,46736,SPP,2026-07-22
2026-07-22T05,14146.0,13470.0,1935.0,0.0,15155.0,43916,SPP,2026-07-22
2026-07-22T06,13664.0,11834.0,1934.0,0.0,14866.0,41502,SPP,2026-07-22
2026-07-22T07,13711.0,10736.0,1934.0,0.0,13873.0,39608,SPP,2026-07-22
2026-07-22T08,13423.0,10512.0,1937.0,0.0,13164.0,38079,SPP,2026-07-22
2026-07-22T09,12708.0,10137.0,1938.0,0.0,13147.0,37047,SPP,2026-07-22
2026-07-22T10,12219.0,10313.0,1939.0,0.0,12787.0,36512,SPP,2026-07-22
2026-07-22T11,12357.0,10900.0,1940.0,0.0,12036.0,36773,SPP,2026-07-22
2026-07-22T12,12978.0,11823.0,1941.0,9.0,10756.0,37417,SPP,2026-07-22
2026-07-22T13,13483.0,13269.0,1942.0,363.0,8898.0,38448,SPP,2026-07-22
2026-07-22T14,13778.0,14326.0,1943.0,1189.0,7996.0,40070,SPP,2026-07-22
2026-07-22T15,13900.0,15246.0,1943.0,1597.0,7803.0,41816,SPP,2026-07-22
2026-07-22T16,14538.0,16802.0,1943.0,1723.0,6604.0,43622,SPP,2026-07-22
2026-07-22T17,15015.0,18454.0,1943.0,1744.0,6090.0,45484,SPP,2026-07-22
2026-07-22T18,15216.0,19515.0,1943.0,1790.0,6313.0,47048,SPP,2026-07-22
2026-07-22T19,15485.0,20731.0,1943.0,1795.0,6371.0,48526,SPP,2026-07-22
2026-07-22T20,15566.0,20700.0,1943.0,1888.0,6763.0,49396,SPP,2026-07-22
2026-07-22T21,15546.0,20883.0,1942.0,1811.0,7128.0,50037,SPP,2026-07-22
2026-07-22T22,15647.0,20843.0,1943.0,1810.0,7835.0,50317,SPP,2026-07-22
2026-07-22T23,15620.0,19775.0,1943.0,1767.0,9059.0,50120,SPP,2026-07-22
2026-07-23T00,15490.0,18637.0,1942.0,1523.0,10673.0,49415,SPP,2026-07-23
2026-07-23T01,15302.0,16929.0,1943.0,862.0,12492.0,48079,SPP,2026-07-23
2026-07-23T02,14509.0,15652.0,1943.0,124.0,14298.0,46309,SPP,2026-07-23
2026-07-23T03,13622.0,13837.0,1944.0,0.0,16211.0,44837,SPP,2026-07-23
2026-07-23T04,12675.0,11613.0,1945.0,0.0,17392.0,42505,SPP,2026-07-23
2026-07-23T05,12061.0,9668.0,1946.0,0.0,17487.0,39979,SPP,2026-07-23
2026-07-23T06,11662.0,8718.0,1946.0,0.0,16549.0,37839,SPP,2026-07-23
2026-07-23T07,10963.0,8164.0,1946.0,0.0,16217.0,36266,SPP,2026-07-23
2026-07-23T08,10191.0,8073.0,1947.0,0.0,15793.0,35086,SPP,2026-07-23
2026-07-23T09,10123.0,8145.0,1948.0,0.0,14994.0,34308,SPP,2026-07-23
2026-07-23T10,10191.0,7971.0,1949.0,0.0,14418.0,34058,SPP,2026-07-23
2026-07-23T11,10560.0,8182.0,1950.0,0.0,13810.0,34474,SPP,2026-07-23
2026-07-23T12,10705.0,8578.0,1951.0,8.0,13895.0,35337,SPP,2026-07-23
2026-07-23T13,10633.0,9303.0,1951.0,305.0,13402.0,36405,SPP,2026-07-23
2026-07-23T14,10615.0,10626.0,1951.0,1277.0,12069.0,37759,SPP,2026-07-23
2026-07-23T15,10783.0,11441.0,1952.0,1676.0,12040.0,39162,SPP,2026-07-23
2026-07-23T16,11306.0,12036.0,1951.0,1606.0,12908.0,41060,SPP,2026-07-23
2026-07-23T17,12040.0,12992.0,1952.0,1637.0,12750.0,42832,SPP,2026-07-23
2026-07-23T18,12607.0,14317.0,1953.0,1789.0,12306.0,44449,SPP,2026-07-23
2026-07-23T19,12960.0,15775.0,1953.0,1840.0,11962.0,45907,SPP,2026-07-23
2026-07-23T20,13169.0,16297.0,1952.0,1782.0,12166.0,46994,SPP,2026-07-23
2026-07-23T21,13486.0,16327.0,1951.0,1811.0,12953.0,47950,SPP,2026-07-23
2026-07-23T22,13579.0,15593.0,1951.0,1731.0,14049.0,48385,SPP,2026-07-23
2026-07-23T23,13271.0,14746.0,1950.0,1593.0,15402.0,48325,SPP,2026-07-23
2026-07-24T00,12653.0,14504.0,1950.0,1409.0,16456.0,47726,SPP,2026-07-24
2026-07-24T01,12409.0,13998.0,1951.0,746.0,17261.0,46642,SPP,2026-07-24
2026-07-24T02,12794.0,13702.0,1951.0,99.0,16440.0,45233,SPP,2026-07-24
2026-07-24T03,12692.0,12061.0,1951.0,0.0,17435.0,43972,SPP,2026-07-24
2026-07-24T04,12029.0,10264.0,1952.0,0.0,18197.0,41962,SPP,2026-07-24
2026-07-24T05,11000.0,8657.0,1954.0,0.0,18848.0,39753,SPP,2026-07-24
2026-07-24T06,10761.0,8566.0,1954.0,0.0,17096.0,37917,SPP,2026-07-24
2026-07-24T07,11214.0,8656.0,1954.0,0.0,15399.0,36615,SPP,2026-07-24
2026-07-24T08,11352.0,8565.0,1955.0,0.0,14671.0,35698,SPP,2026-07-24
2026-07-24T09,10694.0,8218.0,1955.0,0.0,14619.0,35047,SPP,2026-07-24
2026-07-24T10,10723.0,8993.0,1956.0,0.0,13443.0,34957,SPP,2026-07-24
2026-07-24T11,11008.0,8559.0,1956.0,0.0,14199.0,35416,SPP,2026-07-24
2026-07-24T12,10596.0,8583.0,1957.0,4.0,14875.0,36198,SPP,2026-07-24
2026-07-24T13,10871.0,9525.0,1957.0,175.0,14053.0,36991,SPP,2026-07-24
2026-07-24T14,11023.0,10456.0,1959.0,738.0,12951.0,38279,SPP,2026-07-24
2026-07-24T15,11047.0,11081.0,1958.0,1237.0,12814.0,39515,SPP,2026-07-24
2026-07-24T16,11952.0,13087.0,1959.0,1480.0,10863.0,40970,SPP,2026-07-24
2026-07-24T17,12583.0,15201.0,1958.0,1559.0,8892.0,42354,SPP,2026-07-24
2026-07-24T18,12880.0,16518.0,1958.0,1554.0,8191.0,43788,SPP,2026-07-24
2026-07-24T19,13204.0,18182.0,1958.0,1540.0,7683.0,44933,SPP,2026-07-24
2026-07-24T20,12976.0,17838.0,1958.0,1562.0,8513.0,45723,SPP,2026-07-24
2026-07-24T21,12942.0,17750.0,1958.0,1703.0,9744.0,46522,SPP,2026-07-24
2026-07-24T22,12731.0,17418.0,1957.0,1561.0,11029.0,47045,SPP,2026-07-24
2026-07-24T23,12750.0,17778.0,1957.0,1440.0,11251.0,47179,SPP,2026-07-24
2026-07-25T00,12859.0,16749.0,1957.0,1193.0,12474.0,46774,SPP,2026-07-25
2026-07-25T01,12830.0,15469.0,1957.0,618.0,14070.0,46111,SPP,2026-07-25
2026-07-25T02,13053.0,15491.0,1957.0,70.0,13744.0,45018,SPP,2026-07-25
2026-07-25T03,13020.0,13811.0,1957.0,1.0,14970.0,44168,SPP,2026-07-25
2026-07-25T04,12687.0,11631.0,1938.0,0.0,16369.0,42532,SPP,2026-07-25
2026-07-25T05,12033.0,10074.0,1806.0,0.0,17259.0,40701,SPP,2026-07-25
2026-07-25T06,11048.0,10224.0,1703.0,0.0,16442.0,39011,SPP,2026-07-25
2026-07-25T07,9970.0,10108.0,1706.0,0.0,16471.0,37773,SPP,2026-07-25
2026-07-25T08,9862.0,9524.0,1703.0,0.0,16107.0,36701,SPP,2026-07-25
2026-07-25T09,10116.0,9326.0,1708.0,0.0,15347.0,36086,SPP,2026-07-25
2026-07-25T10,10360.0,9345.0,1708.0,0.0,14448.0,35775,SPP,2026-07-25
2026-07-25T11,10436.0,9313.0,1706.0,0.0,14224.0,35697,SPP,2026-07-25
2026-07-25T12,10662.0,9810.0,1731.0,4.0,13383.0,35674,SPP,2026-07-25
2026-07-25T13,10828.0,11181.0,1779.0,257.0,11726.0,36562,SPP,2026-07-25
2026-07-25T14,11718.0,13222.0,1824.0,1038.0,9130.0,38654,SPP,2026-07-25
2026-07-25T15,12538.0,15009.0,1869.0,1665.0,8227.0,41444,SPP,2026-07-25
2026-07-25T16,13458.0,17815.0,1911.0,1824.0,6574.0,44437,SPP,2026-07-25
2026-07-25T17,14197.0,21040.0,1948.0,1955.0,4874.0,47309,SPP,2026-07-25
2026-07-25T18,14442.0,23418.0,1970.0,1972.0,4289.0,49801,SPP,2026-07-25
2026-07-25T19,14516.0,24866.0,1970.0,1923.0,4683.0,51738,SPP,2026-07-25
2026-07-25T20,14489.0,25321.0,1964.0,1869.0,5433.0,53117,SPP,2026-07-25
2026-07-25T21,14642.0,25986.0,1962.0,1824.0,5794.0,54318,SPP,2026-07-25
2026-07-25T22,14669.0,26109.0,1963.0,1899.0,6227.0,55052,SPP,2026-07-25
2026-07-25T23,14816.0,26569.0,1964.0,1860.0,6644.0,55332,SPP,2026-07-25
2026-07-26T00,14670.0,25382.0,1962.0,1617.0,7692.0,54768,SPP,2026-07-26
2026-07-26T01,14588.0,23897.0,1964.0,827.0,9805.0,53481,SPP,2026-07-26
2026-07-26T02,14421.0,21267.0,1962.0,96.0,12889.0,51564,SPP,2026-07-26
2026-07-26T03,13918.0,16506.0,1963.0,0.0,17054.0,49996,SPP,2026-07-26
2026-07-26T04,13316.0,13220.0,1963.0,0.0,19425.0,48039,SPP,2026-07-26
2026-07-26T05,11910.0,10900.0,1961.0,0.0,20802.0,45624,SPP,2026-07-26
2026-07-26T06,10805.0,10323.0,1963.0,0.0,21312.0,43599,SPP,2026-07-26
2026-07-26T07,9437.0,9774.0,1963.0,0.0,21591.0,42052,SPP,2026-07-26
2026-07-26T08,8567.0,9480.0,1962.0,0.0,21400.0,40590,SPP,2026-07-26
2026-07-26T09,7835.0,9058.0,1962.0,0.0,21146.0,39270,SPP,2026-07-26
2026-07-26T10,7582.0,9200.0,1967.0,0.0,20164.0,38411,SPP,2026-07-26
2026-07-26T11,7431.0,9114.0,1967.0,0.0,19387.0,37794,SPP,2026-07-26
2026-07-26T12,7569.0,9413.0,1966.0,10.0,18270.0,37369,SPP,2026-07-26
2026-07-26T13,7731.0,10332.0,1967.0,431.0,16985.0,37913,SPP,2026-07-26
2026-07-26T14,9431.0,13124.0,1967.0,1358.0,13505.0,40277,SPP,2026-07-26
2026-07-26T15,11336.0,15200.0,1966.0,1981.0,11098.0,43148,SPP,2026-07-26
2026-07-26T16,13276.0,17678.0,1966.0,2159.0,8985.0,46123,SPP,2026-07-26
2026-07-26T17,14177.0,19952.0,1964.0,2169.0,8452.0,48975,SPP,2026-07-26
2026-07-26T18,14008.0,19906.0,1964.0,2148.0,10987.0,51572,SPP,2026-07-26
2026-07-26T19,13794.0,19417.0,1962.0,2034.0,13900.0,53571,SPP,2026-07-26
2026-07-26T20,13666.0,20129.0,1960.0,2052.0,14739.0,54768,SPP,2026-07-26
2026-07-26T21,13285.0,20775.0,1959.0,2130.0,15151.0,55838,SPP,2026-07-26
2026-07-26T22,13428.0,21152.0,1958.0,2147.0,15193.0,56458,SPP,2026-07-26
2026-07-26T23,13905.0,21360.0,1957.0,2066.0,15312.0,56807,SPP,2026-07-26
2026-07-27T00,14034.0,20976.0,1956.0,1737.0,15973.0,56380,SPP,2026-07-27
2026-07-27T01,13792.0,20805.0,1955.0,893.0,16660.0,55212,SPP,2026-07-27
2026-07-27T02,13688.0,18367.0,1955.0,99.0,18891.0,53284,SPP,2026-07-27
2026-07-27T03,13204.0,15106.0,1955.0,0.0,21644.0,51793,SPP,2026-07-27
2026-07-27T04,12671.0,12797.0,1957.0,0.0,22178.0,49319,SPP,2026-07-27
2026-07-27T05,11703.0,11158.0,1957.0,0.0,22401.0,46685,SPP,2026-07-27
2026-07-27T06,10674.0,10144.0,1957.0,0.0,21771.0,44378,SPP,2026-07-27
2026-07-27T07,9928.0,9882.0,1958.0,0.0,20916.0,42550,SPP,2026-07-27
2026-07-27T08,9351.0,9775.0,1960.0,0.0,20228.0,41104,SPP,2026-07-27
2026-07-27T09,8711.0,9538.0,1960.0,0.0,20008.0,40008,SPP,2026-07-27
2026-07-27T10,8305.0,9410.0,1960.0,0.0,19922.0,39552,SPP,2026-07-27
2026-07-27T11,8302.0,9551.0,1961.0,0.0,20246.0,39850,SPP,2026-07-27
2026-07-27T12,8504.0,10132.0,1962.0,11.0,19795.0,40442,SPP,2026-07-27
2026-07-27T13,8960.0,11431.0,1963.0,474.0,18465.0,41724,SPP,2026-07-27
2026-07-27T14,10822.0,14553.0,1963.0,1545.0,14014.0,43902,SPP,2026-07-27
2026-07-27T15,12702.0,16480.0,1962.0,2058.0,11272.0,46264,SPP,2026-07-27
2026-07-27T16,13772.0,18751.0,1963.0,2034.0,9709.0,48781,SPP,2026-07-27
2026-07-27T17,14480.0,21705.0,1961.0,2109.0,8412.0,51344,SPP,2026-07-27
2026-07-27T18,15058.0,23771.0,1959.0,2118.0,8847.0,53830,SPP,2026-07-27
2026-07-27T19,14908.0,23508.0,1958.0,2109.0,10637.0,55852,SPP,2026-07-27
2026-07-27T20,14595.0,24533.0,1957.0,2062.0,10813.0,56996,SPP,2026-07-27
2026-07-27T21,14471.0,25572.0,1957.0,2082.0,10041.0,57752,SPP,2026-07-27
2026-07-27T22,14220.0,25505.0,1956.0,2091.0,10275.0,57964,SPP,2026-07-27
2026-07-27T23,14138.0,25290.0,1954.0,2056.0,10664.0,57861,SPP,2026-07-27
2026-07-28T00,14047.0,24906.0,1954.0,1868.0,11444.0,57452,SPP,2026-07-28
2026-07-28T01,14094.0,24553.0,1953.0,948.0,12290.0,56174,SPP,2026-07-28
2026-07-28T02,14209.0,22057.0,1953.0,95.0,14432.0,54095,SPP,2026-07-28
2026-07-28T03,13773.0,17611.0,1954.0,0.0,18216.0,52146,SPP,2026-07-28
2026-07-28T04,12993.0,13959.0,1954.0,0.0,21095.0,49808,SPP,2026-07-28
2026-07-28T05,11995.0,12402.0,1954.0,0.0,21191.0,47206,SPP,2026-07-28
2026-07-28T06,11022.0,11809.0,1954.0,0.0,20301.0,44790,SPP,2026-07-28
2026-07-28T07,10078.0,11139.0,1956.0,0.0,20131.0,42893,SPP,2026-07-28
2026-07-28T08,9297.0,11458.0,1956.0,0.0,18854.0,41304,SPP,2026-07-28
2026-07-28T09,10360.0,12382.0,1957.0,0.0,15446.0,40054,SPP,2026-07-28
2026-07-28T10,11637.0,12772.0,1957.0,0.0,12976.0,39367,SPP,2026-07-28
2026-07-28T11,12766.0,13691.0,1957.0,0.0,10793.0,39421,SPP,2026-07-28
2026-07-28T12,13993.0,15109.0,1958.0,6.0,8382.0,39947,SPP,2026-07-28
2026-07-28T13,14266.0,16155.0,1958.0,320.0,7265.0,40778,SPP,2026-07-28
2026-07-28T14,14398.0,17570.0,1958.0,1126.0,5340.0,42210,SPP,2026-07-28
2026-07-28T15,14840.0,20027.0,1958.0,1633.0,3082.0,44103,SPP,2026-07-28
2026-07-28T16,15042.0,21974.0,1957.0,2013.0,2864.0,46727,SPP,2026-07-28
2026-07-28T17,15001.0,23612.0,1957.0,2127.0,3220.0,49028,SPP,2026-07-28
2026-07-28T18,15166.0,25447.0,1956.0,2054.0,3533.0,51219,SPP,2026-07-28
2026-07-28T19,15370.0,26545.0,1955.0,2053.0,3778.0,53570,SPP,2026-07-28
2026-07-28T20,15524.0,27195.0,1954.0,2024.0,3925.0,54926,SPP,2026-07-28
2026-07-28T21,15584.0,27780.0,1955.0,2014.0,3564.0,55513,SPP,2026-07-28
2026-07-28T22,15537.0,27907.0,1953.0,1821.0,4073.0,55762,SPP,2026-07-28
2026-07-28T23,15301.0,27363.0,1952.0,1608.0,4849.0,55439,SPP,2026-07-28
2026-07-29T00,15114.0,27008.0,1952.0,1521.0,6491.0,54884,SPP,2026-07-29
2026-07-29T01,15037.0,25665.0,1951.0,808.0,8289.0,53877,SPP,2026-07-29
2026-07-29T02,15096.0,22970.0,1950.0,96.0,10426.0,52156,SPP,2026-07-29
2026-07-29T03,15061.0,19541.0,1951.0,0.0,13688.0,50542,SPP,2026-07-29
2026-07-29T04,14088.0,15678.0,1952.0,0.0,16566.0,48044,SPP,2026-07-29
2026-07-29T05,12937.0,13108.0,1952.0,0.0,17872.0,45402,SPP,2026-07-29
2026-07-29T06,12188.0,12205.0,1953.0,0.0,17348.0,43109,SPP,2026-07-29
2026-07-29T07,12055.0,12438.0,1954.0,0.0,15494.0,41327,SPP,2026-07-29
2026-07-29T08,11943.0,12061.0,1954.0,0.0,14487.0,39928,SPP,2026-07-29
2026-07-29T09,11908.0,12696.0,1954.0,0.0,12462.0,39027,SPP,2026-07-29
2026-07-29T10,12890.0,14420.0,1954.0,0.0,9258.0,38712,SPP,2026-07-29
2026-07-29T11,13744.0,15787.0,1955.0,0.0,7646.0,39145,SPP,2026-07-29
2026-07-29T12,14231.0,16030.0,1956.0,6.0,7506.0,39973,SPP,2026-07-29
2026-07-29T13,14304.0,16319.0,1955.0,259.0,7664.0,41000,SPP,2026-07-29
2026-07-29T14,14688.0,17689.0,1956.0,1157.0,6044.0,42619,SPP,2026-07-29
2026-07-29T15,15194.0,20130.0,1956.0,1629.0,4053.0,44689,SPP,2026-07-29
2026-07-29T16,14906.0,21741.0,1955.0,1804.0,3917.0,46952,SPP,2026-07-29
2026-07-29T17,14992.0,23063.0,1954.0,1945.0,4272.0,49139,SPP,2026-07-29
2026-07-29T18,15380.0,23971.0,1954.0,1939.0,4686.0,51191,SPP,2026-07-29
2026-07-29T19,15810.0,24669.0,1952.0,1972.0,5288.0,52979,SPP,2026-07-29
2026-07-29T20,16148.0,24745.0,1952.0,1921.0,6017.0,54068,SPP,2026-07-29
2026-07-29T21,15982.0,24457.0,1951.0,2041.0,6973.0,54725,SPP,2026-07-29
2026-07-29T22,15782.0,24246.0,1950.0,2035.0,7977.0,54874,SPP,2026-07-29
2026-07-29T23,15764.0,23557.0,1949.0,1749.0,8731.0,54455,SPP,2026-07-29
2026-07-30T00,15488.0,22843.0,1950.0,1473.0,9552.0,53588,SPP,2026-07-30
2026-07-30T01,15538.0,22108.0,1950.0,750.0,10649.0,52251,SPP,2026-07-30
2026-07-30T02,15451.0,20503.0,1950.0,80.0,11962.0,50603,SPP,2026-07-30
2026-07-30T03,14865.0,16641.0,1949.0,0.0,15350.0,48999,SPP,2026-07-30
2026-07-30T04,13142.0,13079.0,1949.0,0.0,18769.0,46642,SPP,2026-07-30
2026-07-30T05,10957.0,11479.0,1950.0,0.0,20289.0,44046,SPP,2026-07-30
2026-07-30T06,9951.0,10490.0,1950.0,0.0,19924.0,41781,SPP,2026-07-30
2026-07-30T07,9382.0,9624.0,1951.0,0.0,19554.0,40093,SPP,2026-07-30
2026-07-30T08,8957.0,9675.0,1952.0,0.0,18361.0,38743,SPP,2026-07-30
2026-07-30T09,9526.0,9798.0,1953.0,0.0,16760.0,37830,SPP,2026-07-30
2026-07-30T10,10635.0,10579.0,1953.0,0.0,13927.0,37351,SPP,2026-07-30
2026-07-30T11,12227.0,11440.0,1953.0,0.0,11857.0,37742,SPP,2026-07-30
2026-07-30T12,13506.0,12111.0,1954.0,2.0,10540.0,38613,SPP,2026-07-30
2026-07-30T13,13878.0,12897.0,1956.0,195.0,9883.0,39565,SPP,2026-07-30
2026-07-30T14,13875.0,14343.0,1956.0,1011.0,8394.0,40879,SPP,2026-07-30
2026-07-30T15,14140.0,15474.0,1956.0,1722.0,7900.0,42665,SPP,2026-07-30
2026-07-30T16,14714.0,16971.0,1956.0,2007.0,7698.0,44737,SPP,2026-07-30
2026-07-30T17,15337.0,18491.0,1956.0,2120.0,7304.0,46950,SPP,2026-07-30
2026-07-30T18,15530.0,18946.0,1955.0,2100.0,7802.0,48961,SPP,2026-07-30
2026-07-30T19,15610.0,19132.0,1954.0,2034.0,9116.0,50609,SPP,2026-07-30
2026-07-30T20,15715.0,19322.0,1954.0,2020.0,10006.0,51525,SPP,2026-07-30
2026-07-30T21,15688.0,19366.0,1953.0,1999.0,10738.0,52151,SPP,2026-07-30
2026-07-30T22,15640.0,19555.0,1953.0,1919.0,11007.0,52418,SPP,2026-07-30
2026-07-30T23,15065.0,19068.0,1953.0,1878.0,12290.0,52260,SPP,2026-07-30
2026-07-31T00,14911.0,18021.0,1952.0,1711.0,13737.0,51609,SPP,2026-07-31
2026-07-31T01,14861.0,17605.0,1952.0,842.0,14973.0,50523,SPP,2026-07-31
2026-07-31T02,13975.0,16049.0,1951.0,77.0,16896.0,48981,SPP,2026-07-31
2026-07-31T03,12604.0,13932.0,1951.0,0.0,19107.0,47455,SPP,2026-07-31
2026-07-31T04,12061.0,12546.0,1952.0,0.0,19299.0,45092,SPP,2026-07-31
2026-07-08T03,0.0,6379.0,2279.0,,,34707,CAISO,2026-07-08
2026-07-08T04,0.0,6529.0,2280.0,-23.0,4756.0,34071,CAISO,2026-07-08
2026-07-08T05,0.0,7323.0,2280.0,-63.0,4648.0,33295,CAISO,2026-07-08
2026-07-08T06,0.0,7897.0,2282.0,-59.0,4795.0,31199,CAISO,2026-07-08
2026-07-08T07,0.0,7677.0,2283.0,-59.0,4929.0,28718,CAISO,2026-07-08
2026-07-08T08,0.0,7741.0,2281.0,-58.0,4828.0,27427,CAISO,2026-07-08
2026-07-08T09,0.0,7848.0,2280.0,-57.0,4672.0,25957,CAISO,2026-07-08
2026-07-08T10,0.0,7342.0,2280.0,-58.0,4419.0,25339,CAISO,2026-07-08
2026-07-08T11,0.0,6694.0,2281.0,-58.0,4408.0,24745,CAISO,2026-07-08
2026-07-08T12,0.0,6548.0,2281.0,-58.0,4281.0,24119,CAISO,2026-07-08
2026-07-08T13,0.0,6419.0,2280.0,-24.0,4159.0,24549,CAISO,2026-07-08
2026-07-08T14,0.0,5995.0,2281.0,3427.0,4059.0,26130,CAISO,2026-07-08
2026-07-08T15,0.0,3207.0,2281.0,12666.0,3601.0,29646,CAISO,2026-07-08
2026-07-08T16,0.0,2578.0,2281.0,17425.0,2809.0,32503,CAISO,2026-07-08
2026-07-08T17,0.0,2521.0,2281.0,19014.0,2313.0,32788,CAISO,2026-07-08
2026-07-08T18,0.0,2380.0,2281.0,19556.0,2046.0,31857,CAISO,2026-07-08
2026-07-08T19,0.0,2313.0,2281.0,19987.0,1985.0,30901,CAISO,2026-07-08
2026-07-08T20,0.0,2433.0,2281.0,20024.0,1908.0,30032,CAISO,2026-07-08
2026-07-08T21,0.0,2519.0,2281.0,19745.0,2185.0,29601,CAISO,2026-07-08
2026-07-08T22,0.0,2552.0,2282.0,19648.0,2586.0,30461,CAISO,2026-07-08
2026-07-08T23,0.0,4010.0,2282.0,18709.0,3101.0,32038,CAISO,2026-07-08
2026-07-09T00,0.0,4972.0,2282.0,16073.0,3780.0,33216,CAISO,2026-07-09
2026-07-09T01,0.0,5978.0,2283.0,14969.0,4492.0,34953,CAISO,2026-07-09
2026-07-09T02,0.0,7288.0,2282.0,10464.0,4991.0,35875,CAISO,2026-07-09
2026-07-09T03,0.0,8330.0,2282.0,2454.0,5145.0,35525,CAISO,2026-07-09
2026-07-09T04,0.0,8201.0,2281.0,-27.0,5039.0,34797,CAISO,2026-07-09
2026-07-09T05,0.0,8230.0,2281.0,-65.0,5082.0,33911,CAISO,2026-07-09
2026-07-09T06,0.0,8173.0,2281.0,-60.0,5238.0,31579,CAISO,2026-07-09
2026-07-09T07,0.0,7757.0,2281.0,-61.0,5250.0,29170,CAISO,2026-07-09
2026-07-09T08,0.0,6779.0,2281.0,-59.0,5153.0,27609,CAISO,2026-07-09
2026-07-09T09,0.0,6579.0,2282.0,-59.0,5013.0,25955,CAISO,2026-07-09
2026-07-09T10,0.0,6303.0,2282.0,-60.0,4817.0,24716,CAISO,2026-07-09
2026-07-09T11,0.0,6177.0,2282.0,-60.0,4440.0,24153,CAISO,2026-07-09
2026-07-09T12,0.0,6150.0,2282.0,-61.0,4111.0,23924,CAISO,2026-07-09
2026-07-09T13,0.0,5678.0,2282.0,-27.0,3354.0,24396,CAISO,2026-07-09
2026-07-09T14,0.0,4899.0,2282.0,3628.0,3241.0,25824,CAISO,2026-07-09
2026-07-09T15,0.0,3127.0,2282.0,13057.0,2820.0,30252,CAISO,2026-07-09
2026-07-09T16,0.0,2771.0,2282.0,17800.0,2542.0,33739,CAISO,2026-07-09
2026-07-09T17,0.0,2819.0,2282.0,19370.0,2173.0,34068,CAISO,2026-07-09
2026-07-09T18,0.0,2856.0,2281.0,19997.0,1952.0,32626,CAISO,2026-07-09
2026-07-09T19,0.0,2882.0,2279.0,20375.0,1739.0,32056,CAISO,2026-07-09
2026-07-09T20,0.0,3150.0,2279.0,20266.0,2221.0,32143,CAISO,2026-07-09
2026-07-09T21,0.0,3450.0,2279.0,19538.0,2761.0,31223,CAISO,2026-07-09
2026-07-09T22,0.0,3479.0,2279.0,18694.0,3193.0,31841,CAISO,2026-07-09
2026-07-09T23,0.0,3838.0,2279.0,17728.0,3567.0,32577,CAISO,2026-07-09
2026-07-10T00,0.0,4403.0,2280.0,17469.0,4024.0,34758,CAISO,2026-07-10
2026-07-10T01,0.0,5362.0,2281.0,16285.0,4496.0,36434,CAISO,2026-07-10
2026-07-10T02,0.0,6501.0,2282.0,11105.0,4386.0,36673,CAISO,2026-07-10
2026-07-10T03,0.0,7488.0,2282.0,2640.0,4274.0,36185,CAISO,2026-07-10
2026-07-10T04,0.0,7957.0,2282.0,-3.0,4410.0,35475,CAISO,2026-07-10
2026-07-10T05,0.0,7845.0,2281.0,-41.0,4586.0,34692,CAISO,2026-07-10
2026-07-10T06,0.0,7448.0,2281.0,-36.0,4615.0,32382,CAISO,2026-07-10
2026-07-10T07,0.0,7186.0,2281.0,-34.0,4820.0,29821,CAISO,2026-07-10
2026-07-10T08,0.0,7116.0,2281.0,-34.0,4936.0,28208,CAISO,2026-07-10
2026-07-10T09,0.0,6929.0,2281.0,-34.0,4857.0,26489,CAISO,2026-07-10
2026-07-10T10,0.0,6421.0,2281.0,-35.0,4327.0,25092,CAISO,2026-07-10
2026-07-10T11,0.0,6211.0,2281.0,-34.0,3949.0,24222,CAISO,2026-07-10
2026-07-10T12,0.0,6018.0,2282.0,-34.0,3894.0,24212,CAISO,2026-07-10
2026-07-10T13,0.0,5923.0,2281.0,-11.0,3311.0,24878,CAISO,2026-07-10
2026-07-10T14,0.0,4966.0,2281.0,3226.0,3032.0,25983,CAISO,2026-07-10
2026-07-10T15,0.0,2605.0,2281.0,12515.0,2814.0,29774,CAISO,2026-07-10
2026-07-10T16,0.0,1977.0,2280.0,17638.0,2412.0,32837,CAISO,2026-07-10
2026-07-10T17,0.0,2013.0,2281.0,19382.0,2189.0,33485,CAISO,2026-07-10
2026-07-10T18,0.0,2045.0,2280.0,20100.0,2020.0,33376,CAISO,2026-07-10
2026-07-10T19,0.0,1897.0,2279.0,20417.0,2376.0,32489,CAISO,2026-07-10
2026-07-10T20,0.0,1897.0,2279.0,20451.0,2772.0,32806,CAISO,2026-07-10
2026-07-10T21,0.0,1861.0,2278.0,20233.0,3600.0,32020,CAISO,2026-07-10
2026-07-10T22,0.0,1983.0,2278.0,20145.0,4176.0,32687,CAISO,2026-07-10
2026-07-10T23,0.0,2425.0,2278.0,18900.0,4362.0,32704,CAISO,2026-07-10
2026-07-11T00,0.0,3259.0,2278.0,17711.0,4711.0,34050,CAISO,2026-07-11
2026-07-11T01,0.0,3705.0,2280.0,16117.0,4888.0,34927,CAISO,2026-07-11
2026-07-11T02,0.0,5003.0,2280.0,11030.0,5001.0,35516,CAISO,2026-07-11
2026-07-11T03,0.0,6044.0,2279.0,2517.0,4765.0,35383,CAISO,2026-07-11
2026-07-11T04,0.0,6151.0,2278.0,51.0,4824.0,34639,CAISO,2026-07-11
2026-07-11T05,0.0,6258.0,2278.0,-19.0,4992.0,33836,CAISO,2026-07-11
2026-07-11T06,0.0,6468.0,2278.0,-61.0,4898.0,31900,CAISO,2026-07-11
2026-07-11T07,0.0,6394.0,2278.0,-60.0,4660.0,29344,CAISO,2026-07-11
2026-07-11T08,0.0,6185.0,2278.0,-59.0,4676.0,27781,CAISO,2026-07-11
2026-07-11T09,0.0,5942.0,2278.0,-59.0,4538.0,26150,CAISO,2026-07-11
2026-07-11T10,0.0,5718.0,2278.0,-60.0,3814.0,24799,CAISO,2026-07-11
2026-07-11T11,0.0,5682.0,2278.0,-59.0,2890.0,23821,CAISO,2026-07-11
2026-07-11T12,0.0,5375.0,2278.0,-59.0,2611.0,23300,CAISO,2026-07-11
2026-07-11T13,0.0,5022.0,2279.0,-28.0,2438.0,23430,CAISO,2026-07-11
2026-07-11T14,0.0,4452.0,2279.0,3086.0,2410.0,24186,CAISO,2026-07-11
2026-07-11T15,0.0,2575.0,2279.0,11782.0,1994.0,27948,CAISO,2026-07-11
2026-07-11T16,0.0,2093.0,2278.0,16975.0,1614.0,29627,CAISO,2026-07-11
2026-07-11T17,0.0,2099.0,2277.0,18848.0,1040.0,31057,CAISO,2026-07-11
2026-07-11T18,0.0,2019.0,2276.0,19670.0,692.0,30705,CAISO,2026-07-11
2026-07-11T19,0.0,2063.0,2275.0,20172.0,649.0,29416,CAISO,2026-07-11
2026-07-11T20,0.0,2201.0,2274.0,20179.0,913.0,29068,CAISO,2026-07-11
2026-07-11T21,0.0,2289.0,2275.0,19608.0,1129.0,28609,CAISO,2026-07-11
2026-07-11T22,0.0,3102.0,2275.0,19079.0,1211.0,29686,CAISO,2026-07-11
2026-07-11T23,0.0,4354.0,2275.0,17947.0,1736.0,30986,CAISO,2026-07-11
2026-07-12T00,0.0,5364.0,2276.0,16434.0,2638.0,32228,CAISO,2026-07-12
2026-07-12T01,0.0,6446.0,2279.0,13407.0,2748.0,33150,CAISO,2026-07-12
2026-07-12T02,0.0,6660.0,2277.0,7102.0,2808.0,33153,CAISO,2026-07-12
2026-07-12T03,0.0,6737.0,2276.0,1380.0,2835.0,32725,CAISO,2026-07-12
2026-07-12T04,0.0,6815.0,2276.0,-59.0,3031.0,32315,CAISO,2026-07-12
2026-07-12T05,0.0,6841.0,2278.0,-66.0,3090.0,32006,CAISO,2026-07-12
2026-07-12T06,0.0,6788.0,2276.0,-60.0,2937.0,30229,CAISO,2026-07-12
2026-07-12T07,0.0,6803.0,2274.0,-61.0,2637.0,28512,CAISO,2026-07-12
2026-07-12T08,0.0,7002.0,2275.0,-60.0,2446.0,27216,CAISO,2026-07-12
2026-07-12T09,0.0,7131.0,2277.0,-61.0,2477.0,25731,CAISO,2026-07-12
2026-07-12T10,0.0,6943.0,2277.0,-61.0,2223.0,24421,CAISO,2026-07-12
2026-07-12T11,0.0,6777.0,2277.0,-60.0,2010.0,23629,CAISO,2026-07-12
2026-07-12T12,0.0,6848.0,2277.0,-61.0,1785.0,23268,CAISO,2026-07-12
2026-07-12T13,0.0,6669.0,2277.0,-48.0,1357.0,23158,CAISO,2026-07-12
2026-07-12T14,0.0,6281.0,2278.0,1045.0,1135.0,23990,CAISO,2026-07-12
2026-07-12T15,0.0,5778.0,2278.0,4213.0,994.0,25750,CAISO,2026-07-12
2026-07-12T16,0.0,5499.0,2279.0,7084.0,617.0,26777,CAISO,2026-07-12
2026-07-12T17,0.0,5451.0,2279.0,9496.0,340.0,27735,CAISO,2026-07-12
2026-07-12T18,0.0,5367.0,2278.0,13153.0,572.0,29878,CAISO,2026-07-12
2026-07-12T19,0.0,5540.0,2277.0,14627.0,917.0,31039,CAISO,2026-07-12
2026-07-12T20,0.0,5550.0,2277.0,14931.0,1129.0,30857,CAISO,2026-07-12
2026-07-12T21,0.0,5668.0,2277.0,15686.0,1014.0,31322,CAISO,2026-07-12
2026-07-12T22,0.0,5714.0,2275.0,14372.0,1311.0,31302,CAISO,2026-07-12
2026-07-12T23,0.0,6359.0,2275.0,12620.0,1325.0,31286,CAISO,2026-07-12
2026-07-13T00,0.0,7425.0,2275.0,10881.0,1652.0,31178,CAISO,2026-07-13
2026-07-13T01,0.0,8096.0,2277.0,8544.0,2163.0,31988,CAISO,2026-07-13
2026-07-13T02,0.0,8535.0,2277.0,5957.0,2536.0,32564,CAISO,2026-07-13
2026-07-13T03,0.0,8546.0,2278.0,1348.0,2797.0,32777,CAISO,2026-07-13
2026-07-13T04,0.0,8628.0,2278.0,-58.0,2457.0,32692,CAISO,2026-07-13
2026-07-13T05,0.0,8711.0,2278.0,-67.0,2176.0,32524,CAISO,2026-07-13
2026-07-13T06,0.0,8813.0,2278.0,-63.0,1917.0,30816,CAISO,2026-07-13
2026-07-13T07,0.0,8918.0,2278.0,-62.0,1654.0,28780,CAISO,2026-07-13
2026-07-13T08,0.0,9396.0,2278.0,-59.0,1425.0,27538,CAISO,2026-07-13
2026-07-13T09,0.0,10157.0,2278.0,-60.0,1319.0,26288,CAISO,2026-07-13
2026-07-13T10,0.0,10322.0,2278.0,-60.0,1083.0,25349,CAISO,2026-07-13
2026-07-13T11,0.0,10351.0,2277.0,-61.0,801.0,25231,CAISO,2026-07-13
2026-07-13T12,0.0,10389.0,2278.0,-60.0,581.0,25032,CAISO,2026-07-13
2026-07-13T13,0.0,10455.0,2278.0,-52.0,459.0,25637,CAISO,2026-07-13
2026-07-13T14,0.0,10431.0,2277.0,1008.0,380.0,27046,CAISO,2026-07-13
2026-07-13T15,0.0,10426.0,2276.0,4022.0,378.0,28717,CAISO,2026-07-13
2026-07-13T16,0.0,10441.0,2276.0,6153.0,237.0,29851,CAISO,2026-07-13
2026-07-13T17,0.0,10416.0,2277.0,7890.0,316.0,31235,CAISO,2026-07-13
2026-07-13T18,0.0,10704.0,2276.0,10695.0,533.0,33627,CAISO,2026-07-13
2026-07-13T19,0.0,10951.0,2275.0,11920.0,723.0,34403,CAISO,2026-07-13
2026-07-13T20,0.0,11896.0,2276.0,12598.0,809.0,35363,CAISO,2026-07-13
2026-07-13T21,0.0,12793.0,2278.0,13523.0,691.0,36775,CAISO,2026-07-13
2026-07-13T22,0.0,13428.0,2278.0,14545.0,639.0,37603,CAISO,2026-07-13
2026-07-13T23,0.0,14315.0,2278.0,13547.0,698.0,38003,CAISO,2026-07-13
2026-07-14T00,0.0,14822.0,2278.0,11342.0,846.0,37130,CAISO,2026-07-14
2026-07-14T01,0.0,14938.0,2276.0,10568.0,991.0,37421,CAISO,2026-07-14
2026-07-14T02,0.0,15400.0,2276.0,6861.0,1144.0,37475,CAISO,2026-07-14
2026-07-14T03,0.0,16158.0,2276.0,1256.0,1003.0,37103,CAISO,2026-07-14
2026-07-14T04,0.0,16132.0,2276.0,-53.0,1159.0,36225,CAISO,2026-07-14
2026-07-14T05,0.0,15701.0,2276.0,-64.0,1379.0,35685,CAISO,2026-07-14
2026-07-14T06,0.0,14575.0,2277.0,-60.0,1517.0,33308,CAISO,2026-07-14
2026-07-14T07,0.0,13619.0,2277.0,-61.0,1716.0,31024,CAISO,2026-07-14
2026-07-14T08,0.0,13140.0,2276.0,-60.0,1789.0,29911,CAISO,2026-07-14
2026-07-14T09,0.0,12855.0,2276.0,-61.0,1695.0,28156,CAISO,2026-07-14
2026-07-14T10,0.0,12323.0,2277.0,-61.0,1582.0,26779,CAISO,2026-07-14
2026-07-14T11,0.0,12218.0,2277.0,-61.0,1421.0,25941,CAISO,2026-07-14
2026-07-14T12,0.0,12078.0,2276.0,-61.0,1309.0,25737,CAISO,2026-07-14
2026-07-14T13,0.0,12265.0,2276.0,-47.0,1130.0,26341,CAISO,2026-07-14
2026-07-14T14,0.0,12418.0,2276.0,1931.0,1073.0,27690,CAISO,2026-07-14
2026-07-14T15,0.0,11218.0,2275.0,9063.0,790.0,31112,CAISO,2026-07-14
2026-07-14T16,0.0,10935.0,2275.0,13568.0,578.0,34120,CAISO,2026-07-14
2026-07-14T17,0.0,9654.0,2275.0,16357.0,629.0,35106,CAISO,2026-07-14
2026-07-14T18,0.0,9761.0,2276.0,18648.0,637.0,36877,CAISO,2026-07-14
2026-07-14T19,0.0,10049.0,2277.0,19459.0,648.0,37692,CAISO,2026-07-14
2026-07-14T20,0.0,10360.0,2277.0,19759.0,713.0,38233,CAISO,2026-07-14
2026-07-14T21,0.0,11284.0,2276.0,19100.0,830.0,38299,CAISO,2026-07-14
2026-07-14T22,0.0,12086.0,2270.0,18364.0,1149.0,39196,CAISO,2026-07-14
2026-07-14T23,0.0,13030.0,2271.0,17812.0,1773.0,40097,CAISO,2026-07-14
2026-07-15T00,0.0,13668.0,2270.0,17152.0,2570.0,40941,CAISO,2026-07-15
2026-07-15T01,0.0,13704.0,2268.0,15535.0,3226.0,42036,CAISO,2026-07-15
2026-07-15T02,0.0,14188.0,2269.0,9940.0,3437.0,42464,CAISO,2026-07-15
2026-07-15T03,0.0,14591.0,2270.0,2147.0,3646.0,41932,CAISO,2026-07-15
2026-07-15T04,0.0,14389.0,2270.0,-48.0,3680.0,40400,CAISO,2026-07-15
2026-07-15T05,0.0,14291.0,2270.0,-64.0,3797.0,39190,CAISO,2026-07-15
2026-07-15T06,0.0,13991.0,2270.0,-58.0,3945.0,36393,CAISO,2026-07-15
2026-07-15T07,0.0,13857.0,2270.0,-59.0,4029.0,33356,CAISO,2026-07-15
2026-07-15T08,0.0,13247.0,2271.0,-57.0,4145.0,31341,CAISO,2026-07-15
2026-07-15T09,0.0,12676.0,2270.0,-58.0,4228.0,29492,CAISO,2026-07-15
2026-07-15T10,0.0,11769.0,2270.0,-59.0,4051.0,28331,CAISO,2026-07-15
2026-07-15T11,0.0,11823.0,2271.0,-58.0,3655.0,27647,CAISO,2026-07-15
2026-07-15T12,0.0,11781.0,2271.0,-58.0,3194.0,27196,CAISO,2026-07-15
2026-07-15T13,0.0,12266.0,2271.0,-44.0,2831.0,27278,CAISO,2026-07-15
2026-07-15T14,0.0,11699.0,2270.0,2684.0,2588.0,28333,CAISO,2026-07-15
2026-07-15T15,0.0,9825.0,2269.0,11385.0,2172.0,33242,CAISO,2026-07-15
2026-07-15T16,0.0,9149.0,2269.0,16689.0,1770.0,37170,CAISO,2026-07-15
2026-07-15T17,0.0,9607.0,2270.0,18595.0,1503.0,37934,CAISO,2026-07-15
2026-07-15T18,0.0,9942.0,2270.0,19249.0,1466.0,37187,CAISO,2026-07-15
2026-07-15T19,0.0,10140.0,2271.0,19767.0,1318.0,37413,CAISO,2026-07-15
2026-07-15T20,0.0,9984.0,2270.0,19909.0,1463.0,38332,CAISO,2026-07-15
2026-07-15T21,0.0,10922.0,2269.0,19731.0,2061.0,39277,CAISO,2026-07-15
2026-07-15T22,0.0,11528.0,2270.0,18756.0,2799.0,40443,CAISO,2026-07-15
2026-07-15T23,0.0,12645.0,2271.0,17655.0,3315.0,41602,CAISO,2026-07-15
2026-07-16T00,0.0,14083.0,2271.0,16367.0,3679.0,42201,CAISO,2026-07-16
2026-07-16T01,0.0,15514.0,2274.0,13883.0,4136.0,42866,CAISO,2026-07-16
2026-07-16T02,0.0,15408.0,2279.0,9328.0,4464.0,43430,CAISO,2026-07-16
2026-07-16T03,0.0,15521.0,2281.0,2158.0,4629.0,42825,CAISO,2026-07-16
2026-07-16T04,0.0,15194.0,2281.0,-51.0,4752.0,41272,CAISO,2026-07-16
2026-07-16T05,0.0,15104.0,2282.0,-64.0,4911.0,39713,CAISO,2026-07-16
2026-07-16T06,0.0,14871.0,2282.0,-61.0,4902.0,36920,CAISO,2026-07-16
2026-07-16T07,0.0,14262.0,2282.0,-61.0,4916.0,33898,CAISO,2026-07-16
2026-07-16T08,0.0,13141.0,2282.0,-61.0,4720.0,31706,CAISO,2026-07-16
2026-07-16T09,0.0,12446.0,2282.0,-60.0,4457.0,29517,CAISO,2026-07-16
2026-07-16T10,0.0,11993.0,2282.0,-61.0,4210.0,28188,CAISO,2026-07-16
2026-07-16T11,0.0,11769.0,2282.0,-61.0,3621.0,27171,CAISO,2026-07-16
2026-07-16T12,0.0,11611.0,2282.0,-60.0,3221.0,26621,CAISO,2026-07-16
2026-07-16T13,0.0,11678.0,2281.0,-51.0,3034.0,26912,CAISO,2026-07-16
2026-07-16T14,0.0,10684.0,2282.0,2050.0,2779.0,28213,CAISO,2026-07-16
2026-07-16T15,0.0,9659.0,2282.0,9523.0,2473.0,31157,CAISO,2026-07-16
2026-07-16T16,0.0,8617.0,2281.0,13725.0,2140.0,33317,CAISO,2026-07-16
2026-07-16T17,0.0,8286.0,2281.0,15033.0,1890.0,34355,CAISO,2026-07-16
2026-07-16T18,0.0,8696.0,2282.0,15112.0,1849.0,34876,CAISO,2026-07-16
2026-07-16T19,0.0,8752.0,2282.0,15590.0,1751.0,33998,CAISO,2026-07-16
2026-07-16T20,0.0,8996.0,2283.0,15009.0,1973.0,35031,CAISO,2026-07-16
2026-07-16T21,0.0,9254.0,2283.0,14478.0,2534.0,35802,CAISO,2026-07-16
2026-07-16T22,0.0,9229.0,2283.0,15362.0,2931.0,35985,CAISO,2026-07-16
2026-07-16T23,0.0,9449.0,2283.0,16740.0,3229.0,39240,CAISO,2026-07-16
2026-07-17T00,0.0,9416.0,2283.0,15641.0,3462.0,38982,CAISO,2026-07-17
2026-07-17T01,0.0,9735.0,2282.0,13910.0,3478.0,40124,CAISO,2026-07-17
2026-07-17T02,0.0,11265.0,2282.0,9181.0,3299.0,40046,CAISO,2026-07-17
2026-07-17T03,0.0,12200.0,2282.0,2175.0,3158.0,39225,CAISO,2026-07-17
2026-07-17T04,0.0,12107.0,2282.0,85.0,3510.0,38194,CAISO,2026-07-17
2026-07-17T05,0.0,11929.0,2282.0,49.0,3400.0,36998,CAISO,2026-07-17
2026-07-17T06,0.0,11685.0,2283.0,-2.0,2969.0,34686,CAISO,2026-07-17
2026-07-17T07,0.0,11343.0,2283.0,-5.0,2614.0,31958,CAISO,2026-07-17
2026-07-17T08,0.0,11047.0,2283.0,-5.0,2667.0,30134,CAISO,2026-07-17
2026-07-17T09,0.0,10192.0,2283.0,-40.0,2521.0,28090,CAISO,2026-07-17
2026-07-17T10,0.0,9382.0,2282.0,-57.0,2460.0,26644,CAISO,2026-07-17
2026-07-17T11,0.0,9287.0,2282.0,-57.0,2352.0,25927,CAISO,2026-07-17
2026-07-17T12,0.0,9397.0,2282.0,-57.0,2063.0,25825,CAISO,2026-07-17
2026-07-17T13,0.0,9652.0,2281.0,-55.0,1795.0,26268,CAISO,2026-07-17
2026-07-17T14,0.0,9898.0,2282.0,1441.0,1658.0,26887,CAISO,2026-07-17
2026-07-17T15,0.0,8020.0,2282.0,8375.0,1364.0,29101,CAISO,2026-07-17
2026-07-17T16,0.0,7388.0,2281.0,13652.0,1079.0,32135,CAISO,2026-07-17
2026-07-17T17,0.0,6964.0,2281.0,16416.0,868.0,34014,CAISO,2026-07-17
2026-07-17T18,0.0,6065.0,2281.0,18249.0,929.0,34732,CAISO,2026-07-17
2026-07-17T19,0.0,5948.0,2282.0,18479.0,1175.0,34617,CAISO,2026-07-17
2026-07-17T20,0.0,6253.0,2282.0,18182.0,1415.0,34570,CAISO,2026-07-17
2026-07-17T21,0.0,6520.0,2282.0,18132.0,1796.0,35360,CAISO,2026-07-17
2026-07-17T22,0.0,6413.0,2280.0,17965.0,2530.0,34915,CAISO,2026-07-17
2026-07-17T23,0.0,6544.0,2279.0,17924.0,3311.0,35813,CAISO,2026-07-17
2026-07-18T00,0.0,6861.0,2277.0,17184.0,3886.0,36546,CAISO,2026-07-18
2026-07-18T01,0.0,7749.0,2278.0,14735.0,3459.0,36886,CAISO,2026-07-18
2026-07-18T02,0.0,8725.0,2279.0,8667.0,2904.0,37313,CAISO,2026-07-18
2026-07-18T03,0.0,9089.0,2280.0,2027.0,3218.0,36856,CAISO,2026-07-18
2026-07-18T04,0.0,9049.0,2280.0,100.0,3447.0,35982,CAISO,2026-07-18
2026-07-18T05,0.0,8936.0,2280.0,-41.0,3241.0,35063,CAISO,2026-07-18
2026-07-18T06,0.0,8933.0,2283.0,-56.0,3356.0,33029,CAISO,2026-07-18
2026-07-18T07,0.0,8813.0,2282.0,-57.0,3850.0,30881,CAISO,2026-07-18
2026-07-18T08,0.0,8346.0,2281.0,-57.0,4187.0,29284,CAISO,2026-07-18
2026-07-18T09,0.0,8213.0,2280.0,-57.0,4204.0,27747,CAISO,2026-07-18
2026-07-18T10,0.0,8059.0,2280.0,-57.0,4141.0,26443,CAISO,2026-07-18
2026-07-18T11,0.0,8024.0,2280.0,-56.0,4103.0,25423,CAISO,2026-07-18
2026-07-18T12,0.0,7195.0,2280.0,-56.0,4020.0,24931,CAISO,2026-07-18
2026-07-18T13,0.0,6843.0,2280.0,-54.0,3804.0,24840,CAISO,2026-07-18
2026-07-18T14,0.0,6386.0,2279.0,1659.0,3089.0,25140,CAISO,2026-07-18
2026-07-18T15,0.0,4382.0,2279.0,9838.0,3076.0,28619,CAISO,2026-07-18
2026-07-18T16,0.0,3819.0,2279.0,15622.0,2770.0,32645,CAISO,2026-07-18
2026-07-18T17,0.0,3765.0,2279.0,17876.0,2279.0,33379,CAISO,2026-07-18
2026-07-18T18,0.0,3639.0,2280.0,18731.0,1486.0,32949,CAISO,2026-07-18
2026-07-18T19,0.0,3550.0,2280.0,19409.0,1003.0,32081,CAISO,2026-07-18
2026-07-18T20,0.0,3302.0,2280.0,19740.0,918.0,32152,CAISO,2026-07-18
2026-07-18T21,0.0,3323.0,2280.0,19881.0,1047.0,31806,CAISO,2026-07-18
2026-07-18T22,0.0,3216.0,2280.0,18883.0,1498.0,32201,CAISO,2026-07-18
2026-07-18T23,0.0,3664.0,2280.0,18173.0,2290.0,33231,CAISO,2026-07-18
2026-07-19T00,0.0,4908.0,2280.0,17077.0,2413.0,33393,CAISO,2026-07-19
2026-07-19T01,0.0,5781.0,2280.0,14386.0,2992.0,34796,CAISO,2026-07-19
2026-07-19T02,0.0,6728.0,2280.0,9253.0,3298.0,35747,CAISO,2026-07-19
2026-07-19T03,0.0,7350.0,2281.0,2080.0,3381.0,35582,CAISO,2026-07-19
2026-07-19T04,0.0,7272.0,2280.0,-51.0,3878.0,34879,CAISO,2026-07-19
2026-07-19T05,0.0,7220.0,2279.0,-63.0,4087.0,34084,CAISO,2026-07-19
2026-07-19T06,0.0,7428.0,2279.0,-60.0,4322.0,32165,CAISO,2026-07-19
2026-07-19T07,0.0,7349.0,2280.0,-58.0,4628.0,29953,CAISO,2026-07-19
2026-07-19T08,0.0,7655.0,2280.0,-58.0,4768.0,28489,CAISO,2026-07-19
2026-07-19T09,0.0,7650.0,2280.0,-58.0,4455.0,26998,CAISO,2026-07-19
2026-07-19T10,0.0,7751.0,2281.0,-59.0,4278.0,25603,CAISO,2026-07-19
2026-07-19T11,0.0,7629.0,2281.0,-59.0,4007.0,24629,CAISO,2026-07-19
2026-07-19T12,0.0,7741.0,2281.0,-58.0,3853.0,24087,CAISO,2026-07-19
2026-07-19T13,0.0,7353.0,2280.0,-56.0,3750.0,23702,CAISO,2026-07-19
2026-07-19T14,0.0,6696.0,2281.0,1306.0,3322.0,23601,CAISO,2026-07-19
2026-07-19T15,0.0,5223.0,2281.0,7259.0,2391.0,26129,CAISO,2026-07-19
2026-07-19T16,0.0,4830.0,2281.0,11489.0,1902.0,29042,CAISO,2026-07-19
2026-07-19T17,0.0,4872.0,2281.0,13556.0,1299.0,30324,CAISO,2026-07-19
2026-07-19T18,0.0,4836.0,2281.0,15404.0,929.0,30846,CAISO,2026-07-19
2026-07-19T19,0.0,5080.0,2281.0,16413.0,853.0,31231,CAISO,2026-07-19
2026-07-19T20,0.0,5245.0,2280.0,17031.0,799.0,32090,CAISO,2026-07-19
2026-07-19T21,0.0,5518.0,2280.0,17387.0,953.0,32561,CAISO,2026-07-19
2026-07-19T22,0.0,5391.0,2281.0,18543.0,1338.0,32401,CAISO,2026-07-19
2026-07-19T23,0.0,6232.0,2281.0,17778.0,1813.0,33566,CAISO,2026-07-19
2026-07-20T00,0.0,7886.0,2280.0,17547.0,2078.0,34758,CAISO,2026-07-20
2026-07-20T01,0.0,8913.0,2280.0,15400.0,2732.0,36081,CAISO,2026-07-20
2026-07-20T02,0.0,10054.0,2281.0,9117.0,3226.0,36720,CAISO,2026-07-20
2026-07-20T03,0.0,10320.0,2280.0,1826.0,3962.0,36204,CAISO,2026-07-20
2026-07-20T04,0.0,10484.0,2280.0,-50.0,4574.0,35763,CAISO,2026-07-20
2026-07-20T05,0.0,10582.0,2279.0,-51.0,4475.0,34658,CAISO,2026-07-20
2026-07-20T06,0.0,10688.0,2280.0,-47.0,4657.0,32384,CAISO,2026-07-20
2026-07-20T07,0.0,11130.0,2280.0,-47.0,4939.0,30158,CAISO,2026-07-20
2026-07-20T08,0.0,11046.0,2280.0,-48.0,4746.0,28534,CAISO,2026-07-20
2026-07-20T09,0.0,10697.0,2280.0,-48.0,4805.0,26750,CAISO,2026-07-20
2026-07-20T10,0.0,10546.0,2280.0,-48.0,4327.0,25854,CAISO,2026-07-20
2026-07-20T11,0.0,10555.0,2280.0,-48.0,4037.0,25663,CAISO,2026-07-20
2026-07-20T12,0.0,10567.0,2280.0,-48.0,3600.0,25509,CAISO,2026-07-20
2026-07-20T13,0.0,10740.0,2281.0,-45.0,3253.0,26001,CAISO,2026-07-20
2026-07-20T14,0.0,10944.0,2281.0,1012.0,2799.0,26970,CAISO,2026-07-20
2026-07-20T15,0.0,10283.0,2280.0,5917.0,2492.0,28860,CAISO,2026-07-20
2026-07-20T16,0.0,9969.0,2280.0,10117.0,2325.0,31246,CAISO,2026-07-20
2026-07-20T17,0.0,10000.0,2280.0,13021.0,1949.0,33578,CAISO,2026-07-20
2026-07-20T18,0.0,10190.0,2281.0,15738.0,1908.0,35030,CAISO,2026-07-20
2026-07-20T19,0.0,10533.0,2281.0,17164.0,2014.0,35904,CAISO,2026-07-20
2026-07-20T20,0.0,11818.0,2281.0,17504.0,2101.0,36581,CAISO,2026-07-20
2026-07-20T21,0.0,12820.0,2280.0,17395.0,2270.0,37527,CAISO,2026-07-20
2026-07-20T22,0.0,13572.0,2279.0,16935.0,2724.0,38251,CAISO,2026-07-20
2026-07-20T23,0.0,13674.0,2279.0,16334.0,3218.0,38875,CAISO,2026-07-20
2026-07-21T00,0.0,13551.0,2279.0,14965.0,4046.0,38775,CAISO,2026-07-21
2026-07-21T01,0.0,13726.0,2280.0,13271.0,4506.0,38720,CAISO,2026-07-21
2026-07-21T02,0.0,14167.0,2280.0,8239.0,4294.0,38048,CAISO,2026-07-21
2026-07-21T03,0.0,15178.0,2279.0,1559.0,3945.0,37644,CAISO,2026-07-21
2026-07-21T04,0.0,16171.0,2279.0,-8.0,3712.0,37277,CAISO,2026-07-21
2026-07-21T05,0.0,16968.0,2278.0,-18.0,4025.0,36692,CAISO,2026-07-21
2026-07-21T06,0.0,15879.0,2279.0,-13.0,4329.0,34632,CAISO,2026-07-21
2026-07-21T07,0.0,14564.0,2280.0,-13.0,4647.0,31972,CAISO,2026-07-21
2026-07-21T08,0.0,14088.0,2280.0,-12.0,4664.0,30235,CAISO,2026-07-21
2026-07-21T09,0.0,13956.0,2280.0,-13.0,4858.0,28922,CAISO,2026-07-21
2026-07-21T10,0.0,13067.0,2280.0,-13.0,4603.0,27378,CAISO,2026-07-21
2026-07-21T11,0.0,12668.0,2280.0,-13.0,4255.0,26839,CAISO,2026-07-21
2026-07-21T12,0.0,12910.0,2279.0,-13.0,3961.0,26870,CAISO,2026-07-21
2026-07-21T13,0.0,13037.0,2279.0,-9.0,3506.0,27101,CAISO,2026-07-21
2026-07-21T14,0.0,12875.0,2279.0,1063.0,2967.0,27375,CAISO,2026-07-21
2026-07-21T15,0.0,12379.0,2278.0,5769.0,2422.0,30100,CAISO,2026-07-21
2026-07-21T16,0.0,12129.0,2277.0,9637.0,2411.0,31757,CAISO,2026-07-21
2026-07-21T17,0.0,12019.0,2276.0,13586.0,2718.0,35332,CAISO,2026-07-21
2026-07-21T18,0.0,11494.0,2276.0,16100.0,2860.0,37256,CAISO,2026-07-21
2026-07-21T19,0.0,11267.0,2276.0,17331.0,2642.0,37894,CAISO,2026-07-21
2026-07-21T20,0.0,12148.0,2276.0,18477.0,2812.0,39322,CAISO,2026-07-21
2026-07-21T21,0.0,12365.0,2275.0,18127.0,3344.0,38520,CAISO,2026-07-21
2026-07-21T22,0.0,12930.0,2276.0,17979.0,3803.0,38371,CAISO,2026-07-21
2026-07-21T23,0.0,13127.0,2276.0,16844.0,3492.0,39295,CAISO,2026-07-21
2026-07-22T00,0.0,13387.0,2276.0,16772.0,3612.0,40993,CAISO,2026-07-22
2026-07-22T01,0.0,14441.0,2273.0,14660.0,3555.0,41623,CAISO,2026-07-22
2026-07-22T02,0.0,15509.0,2273.0,9302.0,3748.0,41973,CAISO,2026-07-22
2026-07-22T03,0.0,16472.0,2274.0,1820.0,3820.0,41498,CAISO,2026-07-22
2026-07-22T04,0.0,16533.0,2275.0,-40.0,4075.0,40466,CAISO,2026-07-22
2026-07-22T05,0.0,16293.0,2274.0,-45.0,4237.0,39312,CAISO,2026-07-22
2026-07-22T06,0.0,16014.0,2271.0,-42.0,4407.0,36627,CAISO,2026-07-22
2026-07-22T07,0.0,16204.0,2272.0,-42.0,4545.0,34288,CAISO,2026-07-22
2026-07-22T08,0.0,15186.0,2272.0,-42.0,5074.0,32593,CAISO,2026-07-22
2026-07-22T09,0.0,15259.0,2274.0,-41.0,4961.0,30340,CAISO,2026-07-22
2026-07-22T10,0.0,13925.0,2275.0,-41.0,4606.0,29221,CAISO,2026-07-22
2026-07-22T11,0.0,13559.0,2274.0,-41.0,4282.0,28160,CAISO,2026-07-22
2026-07-22T12,0.0,13615.0,2274.0,-41.0,3781.0,27471,CAISO,2026-07-22
2026-07-22T13,0.0,13889.0,2273.0,-36.0,3411.0,27359,CAISO,2026-07-22
2026-07-22T14,0.0,13903.0,2272.0,1871.0,3112.0,28206,CAISO,2026-07-22
2026-07-22T15,0.0,12066.0,2273.0,9415.0,2857.0,31794,CAISO,2026-07-22
2026-07-22T16,0.0,11028.0,2271.0,13926.0,2470.0,34936,CAISO,2026-07-22
2026-07-22T17,0.0,10305.0,2272.0,16357.0,2604.0,36575,CAISO,2026-07-22
2026-07-22T18,0.0,10262.0,2274.0,17728.0,2677.0,37386,CAISO,2026-07-22
2026-07-22T19,0.0,9966.0,2274.0,17879.0,2783.0,36962,CAISO,2026-07-22
2026-07-22T20,0.0,10152.0,2275.0,18479.0,3274.0,36569,CAISO,2026-07-22
2026-07-22T21,0.0,10262.0,2275.0,18732.0,3402.0,36402,CAISO,2026-07-22
2026-07-22T22,0.0,11344.0,2276.0,17908.0,3719.0,36257,CAISO,2026-07-22
2026-07-22T23,0.0,13059.0,2277.0,17138.0,3727.0,37356,CAISO,2026-07-22
2026-07-23T00,0.0,13588.0,2278.0,16299.0,3987.0,37674,CAISO,2026-07-23
2026-07-23T01,0.0,14340.0,2278.0,15010.0,4337.0,39026,CAISO,2026-07-23
2026-07-23T02,0.0,15338.0,2278.0,9500.0,4251.0,39311,CAISO,2026-07-23
2026-07-23T03,0.0,16004.0,2278.0,2005.0,4739.0,38695,CAISO,2026-07-23
2026-07-23T04,0.0,15036.0,2278.0,-21.0,4774.0,37711,CAISO,2026-07-23
2026-07-23T05,0.0,14707.0,2277.0,-33.0,4826.0,36865,CAISO,2026-07-23
2026-07-23T06,0.0,14431.0,2277.0,-28.0,4866.0,34532,CAISO,2026-07-23
2026-07-23T07,0.0,13493.0,2276.0,-30.0,4960.0,32057,CAISO,2026-07-23
2026-07-23T08,0.0,12308.0,2276.0,-29.0,4790.0,30391,CAISO,2026-07-23
2026-07-23T09,0.0,11990.0,2277.0,-27.0,4510.0,28885,CAISO,2026-07-23
2026-07-23T10,0.0,11759.0,2278.0,-28.0,4165.0,27623,CAISO,2026-07-23
2026-07-23T11,0.0,11619.0,2277.0,-28.0,3876.0,26736,CAISO,2026-07-23
2026-07-23T12,0.0,11407.0,2278.0,-28.0,3618.0,26143,CAISO,2026-07-23
2026-07-23T13,0.0,11150.0,2279.0,-20.0,3382.0,26428,CAISO,2026-07-23
2026-07-23T14,0.0,10189.0,2279.0,2396.0,2922.0,27139,CAISO,2026-07-23
2026-07-23T15,0.0,7774.0,2279.0,11509.0,2391.0,32119,CAISO,2026-07-23
2026-07-23T16,0.0,7154.0,2279.0,16746.0,2139.0,35499,CAISO,2026-07-23
2026-07-23T17,0.0,6907.0,2279.0,18443.0,1924.0,36093,CAISO,2026-07-23
2026-07-23T18,0.0,6960.0,2278.0,18979.0,1616.0,35448,CAISO,2026-07-23
2026-07-23T19,0.0,7295.0,2278.0,19353.0,1482.0,34361,CAISO,2026-07-23
2026-07-23T20,0.0,7723.0,2279.0,19468.0,1314.0,34318,CAISO,2026-07-23
2026-07-23T21,0.0,8908.0,2279.0,18292.0,1234.0,34817,CAISO,2026-07-23
2026-07-23T22,0.0,9662.0,2279.0,17962.0,1380.0,35943,CAISO,2026-07-23
2026-07-23T23,0.0,11211.0,2280.0,17705.0,1659.0,37965,CAISO,2026-07-23
2026-07-24T00,0.0,12060.0,2281.0,16421.0,2365.0,39081,CAISO,2026-07-24
2026-07-24T01,0.0,14017.0,2281.0,14756.0,3181.0,41142,CAISO,2026-07-24
2026-07-24T02,0.0,15213.0,2281.0,9084.0,3581.0,41241,CAISO,2026-07-24
2026-07-24T03,0.0,16531.0,2282.0,1814.0,4060.0,40576,CAISO,2026-07-24
2026-07-24T04,0.0,16932.0,2281.0,-6.0,3971.0,39968,CAISO,2026-07-24
2026-07-24T05,0.0,16082.0,2280.0,-11.0,3892.0,39144,CAISO,2026-07-24
2026-07-24T06,0.0,15640.0,2280.0,-7.0,4555.0,36094,CAISO,2026-07-24
2026-07-24T07,0.0,15616.0,2280.0,-9.0,4367.0,33326,CAISO,2026-07-24
2026-07-24T08,0.0,14504.0,2280.0,-7.0,3958.0,31323,CAISO,2026-07-24
2026-07-24T09,0.0,13945.0,2280.0,-7.0,3520.0,29439,CAISO,2026-07-24
2026-07-24T10,0.0,13701.0,2280.0,-8.0,3202.0,28202,CAISO,2026-07-24
2026-07-24T11,0.0,13566.0,2280.0,-9.0,2813.0,27430,CAISO,2026-07-24
2026-07-24T12,0.0,13589.0,2280.0,-8.0,2438.0,26845,CAISO,2026-07-24
2026-07-24T13,0.0,13768.0,2281.0,-2.0,2287.0,27284,CAISO,2026-07-24
2026-07-24T14,0.0,13360.0,2281.0,2178.0,2055.0,29004,CAISO,2026-07-24
2026-07-24T15,0.0,10667.0,2281.0,10566.0,1753.0,33305,CAISO,2026-07-24
2026-07-24T16,0.0,8451.0,2280.0,16026.0,1590.0,35376,CAISO,2026-07-24
2026-07-24T17,0.0,8148.0,2279.0,18393.0,1567.0,36123,CAISO,2026-07-24
2026-07-24T18,0.0,8241.0,2278.0,19313.0,1454.0,36364,CAISO,2026-07-24
2026-07-24T19,0.0,8935.0,2278.0,19279.0,1246.0,35944,CAISO,2026-07-24
2026-07-24T20,0.0,9525.0,2276.0,18930.0,1392.0,35065,CAISO,2026-07-24
2026-07-24T21,0.0,10592.0,2276.0,18440.0,2187.0,35738,CAISO,2026-07-24
2026-07-24T22,0.0,11539.0,2275.0,18060.0,2376.0,36974,CAISO,2026-07-24
2026-07-24T23,0.0,12027.0,2274.0,17252.0,2764.0,38444,CAISO,2026-07-24
2026-07-25T00,0.0,13677.0,2276.0,16704.0,3214.0,39464,CAISO,2026-07-25
2026-07-25T01,0.0,15865.0,2278.0,14359.0,3116.0,40517,CAISO,2026-07-25
2026-07-25T02,0.0,17579.0,2279.0,8965.0,3018.0,40478,CAISO,2026-07-25
2026-07-25T03,0.0,19584.0,2278.0,1668.0,3298.0,39596,CAISO,2026-07-25
2026-07-25T04,0.0,19838.0,2278.0,-9.0,3452.0,38446,CAISO,2026-07-25
2026-07-25T05,0.0,19151.0,2278.0,-14.0,3894.0,37396,CAISO,2026-07-25
2026-07-25T06,0.0,16568.0,2279.0,-12.0,3961.0,35353,CAISO,2026-07-25
2026-07-25T07,0.0,15417.0,2279.0,-11.0,3447.0,32614,CAISO,2026-07-25
2026-07-25T08,0.0,15675.0,2279.0,-10.0,3521.0,30661,CAISO,2026-07-25
2026-07-25T09,0.0,14941.0,2279.0,-10.0,3310.0,28957,CAISO,2026-07-25
2026-07-25T10,0.0,14165.0,2279.0,-9.0,3160.0,27584,CAISO,2026-07-25
2026-07-25T11,0.0,13342.0,2279.0,-9.0,2908.0,26576,CAISO,2026-07-25
2026-07-25T12,0.0,12879.0,2279.0,-9.0,2605.0,25787,CAISO,2026-07-25
2026-07-25T13,0.0,12843.0,2279.0,-4.0,2534.0,25628,CAISO,2026-07-25
2026-07-25T14,0.0,11649.0,2279.0,2200.0,2285.0,26071,CAISO,2026-07-25
2026-07-25T15,0.0,7988.0,2279.0,9949.0,1932.0,28754,CAISO,2026-07-25
2026-07-25T16,0.0,6783.0,2279.0,15845.0,1687.0,32852,CAISO,2026-07-25
2026-07-25T17,0.0,6323.0,2279.0,18500.0,1539.0,33256,CAISO,2026-07-25
2026-07-25T18,0.0,6181.0,2279.0,19473.0,1425.0,33613,CAISO,2026-07-25
2026-07-25T19,0.0,6284.0,2278.0,19486.0,1318.0,32823,CAISO,2026-07-25
2026-07-25T20,0.0,6356.0,2278.0,19438.0,1404.0,32234,CAISO,2026-07-25
2026-07-25T21,0.0,7129.0,2279.0,18611.0,1910.0,32437,CAISO,2026-07-25
2026-07-25T22,0.0,7099.0,2278.0,18310.0,2971.0,33796,CAISO,2026-07-25
2026-07-25T23,0.0,8164.0,2278.0,18288.0,2798.0,35504,CAISO,2026-07-25
2026-07-26T00,0.0,8529.0,2278.0,17791.0,3121.0,36461,CAISO,2026-07-26
2026-07-26T01,0.0,10674.0,2278.0,14790.0,3395.0,37532,CAISO,2026-07-26
2026-07-26T02,0.0,12250.0,2278.0,9072.0,3595.0,37968,CAISO,2026-07-26
2026-07-26T03,0.0,13573.0,2278.0,1727.0,3642.0,37439,CAISO,2026-07-26
2026-07-26T04,0.0,13054.0,2279.0,-7.0,4062.0,36453,CAISO,2026-07-26
2026-07-26T05,0.0,12549.0,2279.0,-67.0,4404.0,35257,CAISO,2026-07-26
2026-07-26T06,0.0,12586.0,2279.0,-62.0,4536.0,33090,CAISO,2026-07-26
2026-07-26T07,0.0,13240.0,2279.0,-61.0,4632.0,30945,CAISO,2026-07-26
2026-07-26T08,0.0,12860.0,2279.0,-60.0,4420.0,29374,CAISO,2026-07-26
2026-07-26T09,0.0,12533.0,2279.0,-61.0,4155.0,27897,CAISO,2026-07-26
2026-07-26T10,0.0,12196.0,2279.0,-61.0,4018.0,26437,CAISO,2026-07-26
2026-07-26T11,0.0,11307.0,2279.0,-62.0,4337.0,25648,CAISO,2026-07-26
2026-07-26T12,0.0,10488.0,2280.0,-61.0,5040.0,25650,CAISO,2026-07-26
2026-07-26T13,0.0,9716.0,2280.0,-55.0,4566.0,25026,CAISO,2026-07-26
2026-07-26T14,0.0,9124.0,2280.0,1484.0,3880.0,24754,CAISO,2026-07-26
2026-07-26T15,0.0,7816.0,2280.0,7705.0,2939.0,27494,CAISO,2026-07-26
2026-07-26T16,0.0,6575.0,2280.0,13522.0,2511.0,31583,CAISO,2026-07-26
2026-07-26T17,0.0,6252.0,2280.0,15107.0,2188.0,32546,CAISO,2026-07-26
2026-07-26T18,0.0,6986.0,2280.0,14779.0,1937.0,32274,CAISO,2026-07-26
2026-07-26T19,0.0,6691.0,2279.0,16079.0,2076.0,32150,CAISO,2026-07-26
2026-07-26T20,0.0,6343.0,2279.0,16245.0,2340.0,31586,CAISO,2026-07-26
2026-07-26T21,0.0,6669.0,2279.0,15731.0,2529.0,30511,CAISO,2026-07-26
2026-07-26T22,0.0,7685.0,2279.0,15043.0,2702.0,31172,CAISO,2026-07-26
2026-07-26T23,0.0,9359.0,2279.0,15589.0,2472.0,32923,CAISO,2026-07-26
2026-07-27T00,0.0,10721.0,2279.0,13982.0,2519.0,33461,CAISO,2026-07-27
2026-07-27T01,0.0,12082.0,2280.0,12149.0,2647.0,35751,CAISO,2026-07-27
2026-07-27T02,0.0,12460.0,2280.0,7543.0,3044.0,37507,CAISO,2026-07-27
2026-07-27T03,0.0,12700.0,2280.0,1430.0,3535.0,37285,CAISO,2026-07-27
2026-07-27T04,0.0,12822.0,2280.0,-63.0,4064.0,36416,CAISO,2026-07-27
2026-07-27T05,0.0,12977.0,2280.0,-65.0,4153.0,35365,CAISO,2026-07-27
2026-07-27T06,0.0,13407.0,2280.0,-61.0,4057.0,33014,CAISO,2026-07-27
2026-07-27T07,0.0,13592.0,2280.0,-61.0,4168.0,30566,CAISO,2026-07-27
2026-07-27T08,0.0,13283.0,2280.0,-58.0,4220.0,28992,CAISO,2026-07-27
2026-07-27T09,0.0,13072.0,2281.0,-59.0,4463.0,27528,CAISO,2026-07-27
2026-07-27T10,0.0,12928.0,2281.0,-58.0,4324.0,27221,CAISO,2026-07-27
2026-07-27T11,0.0,12659.0,2281.0,-58.0,4290.0,26864,CAISO,2026-07-27
2026-07-27T12,0.0,12602.0,2281.0,-58.0,4177.0,26763,CAISO,2026-07-27
2026-07-27T13,0.0,12757.0,2281.0,-56.0,4074.0,26486,CAISO,2026-07-27
2026-07-27T14,0.0,12296.0,2281.0,2012.0,3529.0,27432,CAISO,2026-07-27
2026-07-27T15,0.0,9771.0,2282.0,10755.0,3095.0,32633,CAISO,2026-07-27
2026-07-27T16,0.0,8402.0,2281.0,16588.0,2777.0,36007,CAISO,2026-07-27
2026-07-27T17,0.0,8127.0,2281.0,18749.0,2351.0,36719,CAISO,2026-07-27
2026-07-27T18,0.0,8691.0,2280.0,19366.0,2070.0,36835,CAISO,2026-07-27
2026-07-27T19,0.0,8869.0,2279.0,19465.0,1940.0,35569,CAISO,2026-07-27
2026-07-27T20,0.0,8701.0,2279.0,18571.0,1954.0,33843,CAISO,2026-07-27
2026-07-27T21,0.0,9632.0,2280.0,18045.0,2165.0,33743,CAISO,2026-07-27
2026-07-27T22,0.0,9723.0,2279.0,19112.0,2714.0,34894,CAISO,2026-07-27
2026-07-27T23,0.0,10273.0,2279.0,18499.0,3745.0,36106,CAISO,2026-07-27
2026-07-28T00,0.0,10961.0,2279.0,17782.0,4567.0,37467,CAISO,2026-07-28
2026-07-28T01,0.0,12322.0,2279.0,16177.0,4594.0,39087,CAISO,2026-07-28
2026-07-28T02,0.0,13958.0,2279.0,9996.0,4294.0,40085,CAISO,2026-07-28
2026-07-28T03,0.0,15392.0,2280.0,1838.0,4367.0,39392,CAISO,2026-07-28
2026-07-28T04,0.0,15137.0,2280.0,65.0,4350.0,38174,CAISO,2026-07-28
2026-07-28T05,0.0,14322.0,2280.0,61.0,4560.0,36776,CAISO,2026-07-28
2026-07-28T06,0.0,13619.0,2280.0,52.0,4872.0,34376,CAISO,2026-07-28
2026-07-28T07,0.0,13572.0,2281.0,-42.0,5122.0,31425,CAISO,2026-07-28
2026-07-28T08,0.0,12809.0,2281.0,-40.0,5083.0,29666,CAISO,2026-07-28
2026-07-28T09,0.0,11910.0,2280.0,-47.0,5650.0,28299,CAISO,2026-07-28
2026-07-28T10,0.0,10774.0,2280.0,-49.0,6172.0,27270,CAISO,2026-07-28
2026-07-28T11,0.0,10431.0,2280.0,-48.0,5957.0,26595,CAISO,2026-07-28
2026-07-28T12,0.0,10715.0,2280.0,-48.0,4934.0,25993,CAISO,2026-07-28
2026-07-28T13,0.0,11152.0,2280.0,-47.0,4077.0,26198,CAISO,2026-07-28
2026-07-28T14,0.0,10999.0,2281.0,1596.0,3828.0,26976,CAISO,2026-07-28
2026-07-28T15,0.0,8750.0,2281.0,9597.0,3488.0,31581,CAISO,2026-07-28
2026-07-28T16,0.0,7350.0,2280.0,15226.0,3000.0,35151,CAISO,2026-07-28
2026-07-28T17,0.0,7051.0,2281.0,17263.0,2434.0,35249,CAISO,2026-07-28
2026-07-28T18,0.0,6976.0,2280.0,18232.0,2018.0,35503,CAISO,2026-07-28
2026-07-28T19,0.0,7152.0,2277.0,18502.0,1614.0,34164,CAISO,2026-07-28
2026-07-28T20,0.0,7198.0,2270.0,18646.0,1378.0,32622,CAISO,2026-07-28
2026-07-28T21,0.0,7478.0,2269.0,18807.0,1626.0,32460,CAISO,2026-07-28
2026-07-28T22,0.0,7501.0,2268.0,18468.0,2025.0,33268,CAISO,2026-07-28
2026-07-28T23,0.0,8808.0,2268.0,18168.0,3026.0,34899,CAISO,2026-07-28
2026-07-29T00,0.0,9596.0,2269.0,17176.0,4248.0,36922,CAISO,2026-07-29
2026-07-29T01,0.0,11483.0,2270.0,15209.0,4733.0,38939,CAISO,2026-07-29
2026-07-29T02,0.0,12727.0,2269.0,9342.0,4767.0,39800,CAISO,2026-07-29
2026-07-29T03,0.0,14023.0,2270.0,1738.0,4901.0,39116,CAISO,2026-07-29
2026-07-29T04,0.0,13696.0,2271.0,39.0,5048.0,37985,CAISO,2026-07-29
2026-07-29T05,0.0,13298.0,2271.0,-40.0,5102.0,36661,CAISO,2026-07-29
2026-07-29T06,0.0,12741.0,2274.0,-41.0,5671.0,34254,CAISO,2026-07-29
2026-07-29T07,0.0,11840.0,2273.0,-41.0,6161.0,32154,CAISO,2026-07-29
2026-07-29T08,0.0,11326.0,2271.0,-40.0,6139.0,30118,CAISO,2026-07-29
2026-07-29T09,0.0,11313.0,2270.0,-40.0,5699.0,28590,CAISO,2026-07-29
2026-07-29T10,0.0,11009.0,2270.0,-39.0,5305.0,27513,CAISO,2026-07-29
2026-07-29T11,0.0,11084.0,2270.0,-39.0,4888.0,26958,CAISO,2026-07-29
2026-07-29T12,0.0,10738.0,2270.0,-39.0,4245.0,26217,CAISO,2026-07-29
2026-07-29T13,0.0,11262.0,2269.0,-36.0,3774.0,26130,CAISO,2026-07-29
2026-07-29T14,0.0,11017.0,2269.0,1920.0,3019.0,26909,CAISO,2026-07-29
2026-07-29T15,0.0,9023.0,2270.0,10738.0,2437.0,30734,CAISO,2026-07-29
2026-07-29T16,0.0,7918.0,2270.0,16965.0,1949.0,34057,CAISO,2026-07-29
2026-07-29T17,0.0,7792.0,2270.0,18840.0,1820.0,34504,CAISO,2026-07-29
2026-07-29T18,0.0,7665.0,2268.0,19646.0,1746.0,34231,CAISO,2026-07-29
2026-07-29T19,0.0,7669.0,2267.0,20003.0,1628.0,34467,CAISO,2026-07-29
2026-07-29T20,0.0,7798.0,2265.0,19871.0,1636.0,33678,CAISO,2026-07-29
2026-07-29T21,0.0,8429.0,2261.0,19173.0,1952.0,33364,CAISO,2026-07-29
2026-07-29T22,0.0,8664.0,2260.0,18044.0,2675.0,34203,CAISO,2026-07-29
2026-07-29T23,0.0,9568.0,2261.0,17314.0,4029.0,35511,CAISO,2026-07-29
2026-07-30T00,0.0,11385.0,2262.0,16336.0,4746.0,36974,CAISO,2026-07-30
2026-07-30T01,0.0,12516.0,2264.0,15217.0,4596.0,38879,CAISO,2026-07-30
2026-07-30T02,0.0,13560.0,2264.0,9776.0,4470.0,39581,CAISO,2026-07-30
2026-07-30T03,0.0,15534.0,2265.0,1707.0,4176.0,39093,CAISO,2026-07-30
2026-07-30T04,0.0,15077.0,2266.0,-43.0,4334.0,37948,CAISO,2026-07-30
2026-07-30T05,0.0,14547.0,2268.0,-46.0,4655.0,36618,CAISO,2026-07-30
2026-07-30T06,0.0,13873.0,2270.0,-40.0,4721.0,34188,CAISO,2026-07-30
2026-07-30T07,0.0,13381.0,2267.0,-40.0,4128.0,31545,CAISO,2026-07-30
2026-07-30T08,0.0,13381.0,2267.0,-40.0,4128.0,29915,CAISO,2026-07-30
2026-07-30T09,0.0,11313.0,2270.0,-40.0,5699.0,28508,CAISO,2026-07-30
2026-07-30T10,0.0,11009.0,2270.0,-39.0,5305.0,27311,CAISO,2026-07-30
2026-07-30T11,0.0,11084.0,2270.0,-39.0,4888.0,26380,CAISO,2026-07-30
2026-07-30T12,0.0,10738.0,2270.0,-39.0,4245.0,26151,CAISO,2026-07-30
2026-07-30T13,0.0,11262.0,2269.0,-36.0,3774.0,26565,CAISO,2026-07-30
2026-07-30T14,0.0,11017.0,2269.0,1920.0,3019.0,27343,CAISO,2026-07-30
2026-07-30T15,0.0,9023.0,2270.0,10738.0,2437.0,31627,CAISO,2026-07-30
2026-07-30T16,0.0,7918.0,2270.0,16965.0,1949.0,35192,CAISO,2026-07-30
2026-07-30T17,0.0,7792.0,2270.0,18840.0,1820.0,35731,CAISO,2026-07-30
2026-07-30T18,0.0,7665.0,2268.0,19646.0,1746.0,35762,CAISO,2026-07-30
2026-07-30T19,0.0,7669.0,2267.0,20003.0,1628.0,35333,CAISO,2026-07-30
2026-07-30T20,0.0,7798.0,2265.0,19871.0,1636.0,34472,CAISO,2026-07-30
2026-07-30T21,0.0,8429.0,2261.0,19173.0,1952.0,34688,CAISO,2026-07-30
2026-07-30T22,0.0,8664.0,2260.0,18044.0,2675.0,36115,CAISO,2026-07-30
2026-07-30T23,0.0,9568.0,2261.0,17314.0,4029.0,37805,CAISO,2026-07-30
2026-07-31T00,0.0,11385.0,2262.0,16336.0,4746.0,39145,CAISO,2026-07-31
2026-07-31T01,0.0,12516.0,2264.0,15217.0,4596.0,40032,CAISO,2026-07-31
2026-07-31T02,0.0,13560.0,2264.0,9776.0,4470.0,40333,CAISO,2026-07-31
2026-07-31T03,0.0,15534.0,2265.0,1707.0,4176.0,40443,CAISO,2026-07-31
2026-07-31T04,0.0,15077.0,2266.0,-43.0,4334.0,39277,CAISO,2026-07-31
2026-07-31T05,0.0,14547.0,2268.0,-46.0,4655.0,37886,CAISO,2026-07-31
2026-07-31T06,0.0,13873.0,2270.0,-40.0,4721.0,35129,CAISO,2026-07-31
2026-07-09T22,,11379.0,3538.0,,,21253,ISONE,2026-07-09
2026-07-09T23,,11708.0,3530.0,237.0,506.0,21682,ISONE,2026-07-09
2026-07-10T00,,11960.0,3527.0,64.0,541.0,21483,ISONE,2026-07-10
2026-07-10T01,,12192.0,3539.0,7.0,520.0,21073,ISONE,2026-07-10
2026-07-10T02,,12403.0,3525.0,3.0,429.0,20149,ISONE,2026-07-10
2026-07-10T03,,11631.0,3546.0,3.0,407.0,18657,ISONE,2026-07-10
2026-07-10T04,,10874.0,3567.0,3.0,387.0,17349,ISONE,2026-07-10
2026-07-10T05,,10268.0,3584.0,3.0,387.0,16480,ISONE,2026-07-10
2026-07-10T06,,10039.0,3595.0,3.0,392.0,15999,ISONE,2026-07-10
2026-07-10T07,,9894.0,3594.0,3.0,418.0,15746,ISONE,2026-07-10
2026-07-10T08,,9593.0,3590.0,3.0,428.0,15419,ISONE,2026-07-10
2026-07-10T09,,9518.0,3582.0,3.0,398.0,15356,ISONE,2026-07-10
2026-07-10T10,,9522.0,3583.0,6.0,379.0,15483,ISONE,2026-07-10
2026-07-10T11,,9876.0,3578.0,61.0,404.0,15966,ISONE,2026-07-10
2026-07-10T12,,10129.0,3570.0,229.0,377.0,15951,ISONE,2026-07-10
2026-07-10T13,,9919.0,3573.0,505.0,365.0,15985,ISONE,2026-07-10
2026-07-10T14,,10171.0,3569.0,737.0,324.0,15977,ISONE,2026-07-10
2026-07-10T15,,10598.0,3562.0,825.0,297.0,16321,ISONE,2026-07-10
2026-07-10T16,,11239.0,3547.0,799.0,286.0,16940,ISONE,2026-07-10
2026-07-10T17,,11305.0,3556.0,846.0,393.0,17249,ISONE,2026-07-10
2026-07-10T18,,11059.0,3541.0,823.0,458.0,17624,ISONE,2026-07-10
2026-07-10T19,,11329.0,3531.0,788.0,472.0,18216,ISONE,2026-07-10
2026-07-10T20,,11477.0,3529.0,633.0,548.0,18979,ISONE,2026-07-10
2026-07-10T21,,11354.0,3552.0,542.0,675.0,19566,ISONE,2026-07-10
2026-07-10T22,,11427.0,3539.0,408.0,572.0,20005,ISONE,2026-07-10
2026-07-10T23,,11771.0,3556.0,270.0,490.0,20187,ISONE,2026-07-10
2026-07-11T00,,12058.0,3525.0,102.0,441.0,20013,ISONE,2026-07-11
2026-07-11T01,,12159.0,3544.0,23.0,414.0,19435,ISONE,2026-07-11
2026-07-11T02,,12137.0,3537.0,18.0,406.0,18624,ISONE,2026-07-11
2026-07-11T03,,11077.0,3496.0,18.0,422.0,17262,ISONE,2026-07-11
2026-07-11T04,,10349.0,3514.0,18.0,398.0,16079,ISONE,2026-07-11
2026-07-11T05,,9188.0,3589.0,13.0,403.0,14630,ISONE,2026-07-11
2026-07-11T06,,8248.0,3631.0,12.0,423.0,13639,ISONE,2026-07-11
2026-07-11T07,,7958.0,3636.0,12.0,369.0,13299,ISONE,2026-07-11
2026-07-11T08,,7493.0,3644.0,12.0,366.0,12917,ISONE,2026-07-11
2026-07-11T09,,7576.0,3656.0,12.0,276.0,13187,ISONE,2026-07-11
2026-07-11T10,,7535.0,3656.0,24.0,243.0,13073,ISONE,2026-07-11
2026-07-11T11,,7456.0,3661.0,147.0,233.0,13058,ISONE,2026-07-11
2026-07-11T12,,6864.0,3661.0,362.0,144.0,12701,ISONE,2026-07-11
2026-07-11T13,,6709.0,3675.0,580.0,125.0,12642,ISONE,2026-07-11
2026-07-11T14,,6448.0,3666.0,776.0,108.0,12294,ISONE,2026-07-11
2026-07-11T15,,6384.0,3677.0,949.0,173.0,12185,ISONE,2026-07-11
2026-07-11T16,,6890.0,3657.0,965.0,304.0,12379,ISONE,2026-07-11
2026-07-11T17,,7355.0,3636.0,973.0,379.0,12743,ISONE,2026-07-11
2026-07-11T18,,7613.0,3635.0,934.0,408.0,13036,ISONE,2026-07-11
2026-07-11T19,,8475.0,3620.0,878.0,423.0,13766,ISONE,2026-07-11
2026-07-11T20,,9580.0,3602.0,739.0,405.0,14800,ISONE,2026-07-11
2026-07-11T21,,10378.0,3538.0,624.0,403.0,16040,ISONE,2026-07-11
2026-07-11T22,,10426.0,3576.0,429.0,473.0,17244,ISONE,2026-07-11
2026-07-11T23,,10578.0,3555.0,207.0,426.0,17938,ISONE,2026-07-11
2026-07-12T00,,10428.0,3552.0,94.0,404.0,17787,ISONE,2026-07-12
2026-07-12T01,,10410.0,3572.0,22.0,353.0,17325,ISONE,2026-07-12
2026-07-12T02,,10249.0,3572.0,16.0,394.0,16535,ISONE,2026-07-12
2026-07-12T03,,9498.0,3519.0,16.0,361.0,15398,ISONE,2026-07-12
2026-07-12T04,,8627.0,3523.0,16.0,301.0,14137,ISONE,2026-07-12
2026-07-12T05,,7702.0,3640.0,11.0,275.0,13120,ISONE,2026-07-12
2026-07-12T06,,7210.0,3664.0,9.0,234.0,12782,ISONE,2026-07-12
2026-07-12T07,,7358.0,3650.0,9.0,226.0,12621,ISONE,2026-07-12
2026-07-12T08,,6821.0,3677.0,9.0,273.0,12247,ISONE,2026-07-12
2026-07-12T09,,6435.0,3685.0,9.0,270.0,12039,ISONE,2026-07-12
2026-07-12T10,,6422.0,3692.0,18.0,217.0,12079,ISONE,2026-07-12
2026-07-12T11,,6168.0,3705.0,130.0,230.0,11718,ISONE,2026-07-12
2026-07-12T12,,5508.0,3707.0,381.0,172.0,11202,ISONE,2026-07-12
2026-07-12T13,,5249.0,3721.0,673.0,117.0,10856,ISONE,2026-07-12
2026-07-12T14,,5165.0,3723.0,902.0,107.0,10847,ISONE,2026-07-12
2026-07-12T15,,5410.0,3706.0,1033.0,138.0,10899,ISONE,2026-07-12
2026-07-12T16,,5660.0,3683.0,1038.0,189.0,11075,ISONE,2026-07-12
2026-07-12T17,,6410.0,3685.0,969.0,146.0,11668,ISONE,2026-07-12
2026-07-12T18,,6827.0,3655.0,973.0,85.0,12077,ISONE,2026-07-12
2026-07-12T19,,7865.0,3638.0,898.0,35.0,12851,ISONE,2026-07-12
2026-07-12T20,,8711.0,3534.0,847.0,46.0,13822,ISONE,2026-07-12
2026-07-12T21,,10179.0,3585.0,742.0,70.0,15168,ISONE,2026-07-12
2026-07-12T22,,10518.0,3561.0,551.0,81.0,16762,ISONE,2026-07-12
2026-07-12T23,,10921.0,3558.0,301.0,90.0,17928,ISONE,2026-07-12
2026-07-13T00,,11233.0,3549.0,109.0,92.0,18036,ISONE,2026-07-13
2026-07-13T01,,10942.0,3553.0,40.0,152.0,17441,ISONE,2026-07-13
2026-07-13T02,,10837.0,3562.0,34.0,264.0,16655,ISONE,2026-07-13
2026-07-13T03,,9762.0,3586.0,34.0,383.0,15340,ISONE,2026-07-13
2026-07-13T04,,8612.0,3573.0,34.0,444.0,13992,ISONE,2026-07-13
2026-07-13T05,,7721.0,3637.0,28.0,465.0,13286,ISONE,2026-07-13
2026-07-13T06,,7023.0,3652.0,27.0,441.0,13050,ISONE,2026-07-13
2026-07-13T07,,6843.0,3672.0,28.0,390.0,12908,ISONE,2026-07-13
2026-07-13T08,,6595.0,3675.0,28.0,369.0,12757,ISONE,2026-07-13
2026-07-13T09,,6516.0,3685.0,28.0,378.0,12854,ISONE,2026-07-13
2026-07-13T10,,7020.0,3678.0,36.0,363.0,13134,ISONE,2026-07-13
2026-07-13T11,,7531.0,3656.0,145.0,309.0,13480,ISONE,2026-07-13
2026-07-13T12,,7492.0,3649.0,347.0,248.0,13289,ISONE,2026-07-13
2026-07-13T13,,7423.0,3653.0,615.0,141.0,13014,ISONE,2026-07-13
2026-07-13T14,,7513.0,3642.0,793.0,113.0,12965,ISONE,2026-07-13
2026-07-13T15,,7743.0,3637.0,888.0,173.0,13275,ISONE,2026-07-13
2026-07-13T16,,8329.0,3617.0,946.0,247.0,13841,ISONE,2026-07-13
2026-07-13T17,,8771.0,3603.0,930.0,398.0,14582,ISONE,2026-07-13
2026-07-13T18,,9255.0,3594.0,942.0,549.0,15140,ISONE,2026-07-13
2026-07-13T19,,9864.0,3580.0,913.0,628.0,15710,ISONE,2026-07-13
2026-07-13T20,,10658.0,3530.0,791.0,610.0,16785,ISONE,2026-07-13
2026-07-13T21,,10703.0,3538.0,697.0,694.0,18048,ISONE,2026-07-13
2026-07-13T22,,11123.0,3523.0,486.0,719.0,19433,ISONE,2026-07-13
2026-07-13T23,,11432.0,3525.0,203.0,811.0,20014,ISONE,2026-07-13
2026-07-14T00,,11270.0,3529.0,53.0,978.0,19833,ISONE,2026-07-14
2026-07-14T01,,11304.0,3538.0,5.0,1008.0,19407,ISONE,2026-07-14
2026-07-14T02,,11377.0,3507.0,1.0,952.0,18543,ISONE,2026-07-14
2026-07-14T03,,10978.0,3547.0,1.0,821.0,17330,ISONE,2026-07-14
2026-07-14T04,,9823.0,3574.0,1.0,821.0,16114,ISONE,2026-07-14
2026-07-14T05,,8844.0,3590.0,1.0,798.0,15008,ISONE,2026-07-14
2026-07-14T06,,8014.0,3609.0,1.0,873.0,14913,ISONE,2026-07-14
2026-07-14T07,,8022.0,3628.0,1.0,960.0,14819,ISONE,2026-07-14
2026-07-14T08,,7747.0,3628.0,1.0,972.0,14576,ISONE,2026-07-14
2026-07-14T09,,7757.0,3631.0,1.0,953.0,14616,ISONE,2026-07-14
2026-07-14T10,,8055.0,3630.0,10.0,982.0,14902,ISONE,2026-07-14
2026-07-14T11,,8156.0,3628.0,89.0,989.0,14859,ISONE,2026-07-14
2026-07-14T12,,8980.0,3617.0,197.0,1003.0,15359,ISONE,2026-07-14
2026-07-14T13,,8613.0,3602.0,391.0,1067.0,15255,ISONE,2026-07-14
2026-07-14T14,,8799.0,3609.0,539.0,1032.0,15470,ISONE,2026-07-14
2026-07-14T15,,9581.0,3590.0,656.0,952.0,16016,ISONE,2026-07-14
2026-07-14T16,,10007.0,3574.0,801.0,966.0,16684,ISONE,2026-07-14
2026-07-14T17,,10593.0,3562.0,741.0,1042.0,17669,ISONE,2026-07-14
2026-07-14T18,,11091.0,3536.0,583.0,1149.0,18266,ISONE,2026-07-14
2026-07-14T19,,10543.0,3556.0,603.0,1234.0,18638,ISONE,2026-07-14
2026-07-14T20,,11111.0,3548.0,574.0,1160.0,19373,ISONE,2026-07-14
2026-07-14T21,,11324.0,3564.0,479.0,1186.0,20530,ISONE,2026-07-14
2026-07-14T22,,11911.0,3524.0,322.0,1266.0,21617,ISONE,2026-07-14
2026-07-14T23,,12270.0,3517.0,159.0,1420.0,21968,ISONE,2026-07-14
2026-07-15T00,,12384.0,3513.0,59.0,1442.0,21838,ISONE,2026-07-15
2026-07-15T01,,12938.0,3528.0,3.0,1397.0,21769,ISONE,2026-07-15
2026-07-15T02,,12561.0,3531.0,1.0,1421.0,20906,ISONE,2026-07-15
2026-07-15T03,,11389.0,3409.0,1.0,1440.0,19386,ISONE,2026-07-15
2026-07-15T04,,10513.0,3422.0,1.0,1407.0,18023,ISONE,2026-07-15
2026-07-15T05,,10427.0,3567.0,1.0,1429.0,17117,ISONE,2026-07-15
2026-07-15T06,,10120.0,3566.0,1.0,1302.0,16922,ISONE,2026-07-15
2026-07-15T07,,10582.0,3565.0,1.0,1151.0,16900,ISONE,2026-07-15
2026-07-15T08,,10154.0,3571.0,1.0,1176.0,16586,ISONE,2026-07-15
2026-07-15T09,,10046.0,3579.0,1.0,1244.0,16568,ISONE,2026-07-15
2026-07-15T10,,10554.0,3578.0,2.0,1246.0,16992,ISONE,2026-07-15
2026-07-15T11,,11236.0,3592.0,50.0,1218.0,17225,ISONE,2026-07-15
2026-07-15T12,,11639.0,3553.0,194.0,1084.0,17530,ISONE,2026-07-15
2026-07-15T13,,11926.0,3541.0,412.0,980.0,17932,ISONE,2026-07-15
2026-07-15T14,,11997.0,3539.0,521.0,971.0,18131,ISONE,2026-07-15
2026-07-15T15,,11755.0,3543.0,503.0,1126.0,18271,ISONE,2026-07-15
2026-07-15T16,,11990.0,3540.0,596.0,1265.0,18888,ISONE,2026-07-15
2026-07-15T17,,11752.0,3524.0,552.0,1310.0,19147,ISONE,2026-07-15
2026-07-15T18,,12363.0,3536.0,465.0,1337.0,19447,ISONE,2026-07-15
2026-07-15T19,,12192.0,3523.0,387.0,1374.0,19417,ISONE,2026-07-15
2026-07-15T20,,11737.0,3533.0,367.0,1398.0,19294,ISONE,2026-07-15
2026-07-15T21,,11523.0,3552.0,319.0,1385.0,19373,ISONE,2026-07-15
2026-07-15T22,,10423.0,3550.0,305.0,1353.0,19210,ISONE,2026-07-15
2026-07-15T23,,10383.0,3552.0,177.0,1425.0,19027,ISONE,2026-07-15
2026-07-16T00,,10705.0,3549.0,61.0,1396.0,18730,ISONE,2026-07-16
2026-07-16T01,,10679.0,3542.0,7.0,1345.0,18458,ISONE,2026-07-16
2026-07-16T02,,11059.0,3537.0,4.0,1354.0,17646,ISONE,2026-07-16
2026-07-16T03,,9808.0,3491.0,1.0,1317.0,16374,ISONE,2026-07-16
2026-07-16T04,,8864.0,3495.0,1.0,1328.0,15061,ISONE,2026-07-16
2026-07-16T05,,7817.0,3608.0,1.0,1396.0,14183,ISONE,2026-07-16
2026-07-16T06,,7837.0,3603.0,1.0,1363.0,14078,ISONE,2026-07-16
2026-07-16T07,,7558.0,3609.0,1.0,1321.0,14235,ISONE,2026-07-16
2026-07-16T08,,7366.0,3631.0,1.0,1234.0,13973,ISONE,2026-07-16
2026-07-16T09,,7380.0,3642.0,1.0,1020.0,13908,ISONE,2026-07-16
2026-07-16T10,,7729.0,3649.0,11.0,837.0,13973,ISONE,2026-07-16
2026-07-16T11,,8006.0,3621.0,105.0,901.0,14148,ISONE,2026-07-16
2026-07-16T12,,8244.0,3625.0,315.0,844.0,14392,ISONE,2026-07-16
2026-07-16T13,,7756.0,3626.0,579.0,880.0,14035,ISONE,2026-07-16
2026-07-16T14,,7848.0,3624.0,742.0,885.0,13883,ISONE,2026-07-16
2026-07-16T15,,8003.0,3609.0,769.0,1024.0,13977,ISONE,2026-07-16
2026-07-16T16,,8141.0,3608.0,788.0,1039.0,14334,ISONE,2026-07-16
2026-07-16T17,,8544.0,3606.0,737.0,1058.0,14709,ISONE,2026-07-16
2026-07-16T18,,9211.0,3588.0,708.0,1145.0,15472,ISONE,2026-07-16
2026-07-16T19,,9588.0,3577.0,758.0,1385.0,16093,ISONE,2026-07-16
2026-07-16T20,,10114.0,3559.0,690.0,1347.0,16863,ISONE,2026-07-16
2026-07-16T21,,10223.0,3559.0,545.0,1388.0,17739,ISONE,2026-07-16
2026-07-16T22,,10517.0,3550.0,378.0,1425.0,18602,ISONE,2026-07-16
2026-07-16T23,,10734.0,3534.0,280.0,1331.0,18878,ISONE,2026-07-16
2026-07-17T00,,10954.0,3537.0,93.0,1312.0,18592,ISONE,2026-07-17
2026-07-17T01,,11415.0,3536.0,8.0,1345.0,18247,ISONE,2026-07-17
2026-07-17T02,,11348.0,3530.0,2.0,1333.0,17444,ISONE,2026-07-17
2026-07-17T03,,10481.0,3516.0,1.0,1051.0,16063,ISONE,2026-07-17
2026-07-17T04,,9247.0,3543.0,1.0,824.0,14605,ISONE,2026-07-17
2026-07-17T05,,7644.0,3604.0,1.0,796.0,13453,ISONE,2026-07-17
2026-07-17T06,,6882.0,3648.0,1.0,774.0,12902,ISONE,2026-07-17
2026-07-17T07,,6830.0,3647.0,1.0,817.0,12684,ISONE,2026-07-17
2026-07-17T08,,6225.0,3653.0,1.0,810.0,12316,ISONE,2026-07-17
2026-07-17T09,,5632.0,3682.0,1.0,982.0,12285,ISONE,2026-07-17
2026-07-17T10,,5873.0,3692.0,9.0,1010.0,12554,ISONE,2026-07-17
2026-07-17T11,,5883.0,3684.0,121.0,913.0,12692,ISONE,2026-07-17
2026-07-17T12,,6075.0,3677.0,331.0,889.0,12711,ISONE,2026-07-17
2026-07-17T13,,6054.0,3668.0,565.0,877.0,12598,ISONE,2026-07-17
2026-07-17T14,,6150.0,3667.0,686.0,762.0,12409,ISONE,2026-07-17
2026-07-17T15,,6472.0,3659.0,775.0,729.0,12559,ISONE,2026-07-17
2026-07-17T16,,6324.0,3648.0,881.0,784.0,12225,ISONE,2026-07-17
2026-07-17T17,,6192.0,3627.0,1015.0,862.0,11991,ISONE,2026-07-17
2026-07-17T18,,6496.0,3635.0,1020.0,847.0,12335,ISONE,2026-07-17
2026-07-17T19,,6964.0,3650.0,986.0,870.0,12728,ISONE,2026-07-17
2026-07-17T20,,8221.0,3583.0,880.0,856.0,13863,ISONE,2026-07-17
2026-07-17T21,,9258.0,3582.0,659.0,841.0,15471,ISONE,2026-07-17
2026-07-17T22,,10086.0,3543.0,536.0,875.0,16721,ISONE,2026-07-17
2026-07-17T23,,10192.0,3531.0,272.0,793.0,17361,ISONE,2026-07-17
2026-07-18T00,,10578.0,3524.0,92.0,713.0,17335,ISONE,2026-07-18
2026-07-18T01,,10769.0,3535.0,12.0,705.0,16897,ISONE,2026-07-18
2026-07-18T02,,10660.0,3526.0,5.0,659.0,16111,ISONE,2026-07-18
2026-07-18T03,,9657.0,3524.0,4.0,648.0,14907,ISONE,2026-07-18
2026-07-18T04,,8396.0,3546.0,4.0,564.0,13665,ISONE,2026-07-18
2026-07-18T05,,7122.0,3630.0,4.0,486.0,12728,ISONE,2026-07-18
2026-07-18T06,,6446.0,3598.0,4.0,524.0,12338,ISONE,2026-07-18
2026-07-18T07,,6080.0,3582.0,4.0,491.0,11865,ISONE,2026-07-18
2026-07-18T08,,5729.0,3595.0,4.0,427.0,11563,ISONE,2026-07-18
2026-07-18T09,,5854.0,3596.0,4.0,454.0,11961,ISONE,2026-07-18
2026-07-18T10,,5989.0,3593.0,11.0,497.0,12303,ISONE,2026-07-18
2026-07-18T11,,5973.0,3592.0,71.0,545.0,11610,ISONE,2026-07-18
2026-07-18T12,,6492.0,3579.0,196.0,606.0,11857,ISONE,2026-07-18
2026-07-18T13,,6760.0,3561.0,329.0,693.0,12142,ISONE,2026-07-18
2026-07-18T14,,6816.0,3553.0,485.0,767.0,12080,ISONE,2026-07-18
2026-07-18T15,,7668.0,3564.0,458.0,810.0,12762,ISONE,2026-07-18
2026-07-18T16,,8063.0,3596.0,411.0,833.0,13966,ISONE,2026-07-18
2026-07-18T17,,8482.0,3559.0,378.0,914.0,14997,ISONE,2026-07-18
2026-07-18T18,,9089.0,3551.0,199.0,934.0,15533,ISONE,2026-07-18
2026-07-18T19,,9025.0,3587.0,162.0,1025.0,15429,ISONE,2026-07-18
2026-07-18T20,,8425.0,3579.0,151.0,1163.0,15017,ISONE,2026-07-18
2026-07-18T21,,8151.0,3610.0,154.0,1295.0,14955,ISONE,2026-07-18
2026-07-18T22,,8628.0,3608.0,87.0,1337.0,15342,ISONE,2026-07-18
2026-07-18T23,,8831.0,3586.0,24.0,1355.0,15413,ISONE,2026-07-18
2026-07-19T00,,8884.0,3586.0,4.0,1511.0,15337,ISONE,2026-07-19
2026-07-19T01,,8669.0,3590.0,1.0,1518.0,15208,ISONE,2026-07-19
2026-07-19T02,,8596.0,3540.0,1.0,1394.0,14867,ISONE,2026-07-19
2026-07-19T03,,7832.0,3547.0,1.0,1419.0,14276,ISONE,2026-07-19
2026-07-19T04,,7485.0,3556.0,1.0,1349.0,13783,ISONE,2026-07-19
2026-07-19T05,,7060.0,3635.0,1.0,1307.0,13161,ISONE,2026-07-19
2026-07-19T06,,6583.0,3639.0,1.0,1274.0,12625,ISONE,2026-07-19
2026-07-19T07,,5639.0,3663.0,1.0,1219.0,12222,ISONE,2026-07-19
2026-07-19T08,,5458.0,3692.0,1.0,1359.0,12321,ISONE,2026-07-19
2026-07-19T09,,5203.0,3689.0,1.0,1613.0,12210,ISONE,2026-07-19
2026-07-19T10,,4934.0,3684.0,4.0,1703.0,12121,ISONE,2026-07-19
2026-07-19T11,,4268.0,3704.0,106.0,1939.0,11929,ISONE,2026-07-19
2026-07-19T12,,4405.0,3698.0,306.0,1904.0,11656,ISONE,2026-07-19
2026-07-19T13,,4591.0,3687.0,513.0,1875.0,11253,ISONE,2026-07-19
2026-07-19T14,,3960.0,3696.0,737.0,1810.0,10512,ISONE,2026-07-19
2026-07-19T15,,3778.0,3694.0,889.0,1714.0,10088,ISONE,2026-07-19
2026-07-19T16,,3667.0,3706.0,931.0,1482.0,9997,ISONE,2026-07-19
2026-07-19T17,,4105.0,3693.0,971.0,1375.0,10029,ISONE,2026-07-19
2026-07-19T18,,4176.0,3703.0,993.0,1272.0,10041,ISONE,2026-07-19
2026-07-19T19,,4865.0,3689.0,957.0,1279.0,10608,ISONE,2026-07-19
2026-07-19T20,,5710.0,3665.0,845.0,1303.0,11568,ISONE,2026-07-19
2026-07-19T21,,7218.0,3641.0,653.0,1217.0,12929,ISONE,2026-07-19
2026-07-19T22,,8036.0,3625.0,488.0,1304.0,14544,ISONE,2026-07-19
2026-07-19T23,,8973.0,3584.0,214.0,1331.0,15813,ISONE,2026-07-19
2026-07-20T00,,9291.0,3566.0,55.0,1253.0,16089,ISONE,2026-07-20
2026-07-20T01,,9331.0,3565.0,9.0,1152.0,15732,ISONE,2026-07-20
2026-07-20T02,,8964.0,3555.0,1.0,1117.0,15049,ISONE,2026-07-20
2026-07-20T03,,8149.0,3542.0,1.0,1159.0,13886,ISONE,2026-07-20
2026-07-20T04,,6277.0,3538.0,1.0,1164.0,12817,ISONE,2026-07-20
2026-07-20T05,,5619.0,3686.0,1.0,1310.0,12159,ISONE,2026-07-20
2026-07-20T06,,4962.0,3665.0,1.0,1326.0,11673,ISONE,2026-07-20
2026-07-20T07,,4538.0,3694.0,1.0,1233.0,11458,ISONE,2026-07-20
2026-07-20T08,,4390.0,3744.0,1.0,1072.0,11084,ISONE,2026-07-20
2026-07-20T09,,4462.0,3742.0,1.0,1024.0,11088,ISONE,2026-07-20
2026-07-20T10,,4494.0,3724.0,8.0,969.0,11358,ISONE,2026-07-20
2026-07-20T11,,5202.0,3730.0,89.0,798.0,11503,ISONE,2026-07-20
2026-07-20T12,,5787.0,3687.0,328.0,627.0,11759,ISONE,2026-07-20
2026-07-20T13,,5542.0,3694.0,635.0,538.0,11535,ISONE,2026-07-20
2026-07-20T14,,5354.0,3698.0,846.0,492.0,11192,ISONE,2026-07-20
2026-07-20T15,,5187.0,3686.0,993.0,512.0,10966,ISONE,2026-07-20
2026-07-20T16,,5275.0,3693.0,1032.0,594.0,11102,ISONE,2026-07-20
2026-07-20T17,,5533.0,3677.0,1006.0,701.0,11444,ISONE,2026-07-20
2026-07-20T18,,6190.0,3652.0,985.0,679.0,11735,ISONE,2026-07-20
2026-07-20T19,,6920.0,3643.0,902.0,628.0,12321,ISONE,2026-07-20
2026-07-20T20,,7752.0,3569.0,825.0,557.0,13286,ISONE,2026-07-20
2026-07-20T21,,8428.0,3598.0,699.0,474.0,14622,ISONE,2026-07-20
2026-07-20T22,,9798.0,3594.0,510.0,401.0,16157,ISONE,2026-07-20
2026-07-20T23,,10196.0,3560.0,279.0,301.0,17300,ISONE,2026-07-20
2026-07-21T00,,10423.0,3548.0,83.0,201.0,17338,ISONE,2026-07-21
2026-07-21T01,,10440.0,3551.0,24.0,211.0,16819,ISONE,2026-07-21
2026-07-21T02,,10385.0,3554.0,19.0,293.0,16001,ISONE,2026-07-21
2026-07-21T03,,9096.0,3584.0,18.0,382.0,14703,ISONE,2026-07-21
2026-07-21T04,,7986.0,3596.0,18.0,480.0,13382,ISONE,2026-07-21
2026-07-21T05,,7710.0,3642.0,19.0,523.0,12440,ISONE,2026-07-21
2026-07-21T06,,7406.0,3647.0,19.0,648.0,12414,ISONE,2026-07-21
2026-07-21T07,,7035.0,3650.0,19.0,737.0,12321,ISONE,2026-07-21
2026-07-21T08,,6792.0,3660.0,19.0,853.0,12101,ISONE,2026-07-21
2026-07-21T09,,6943.0,3657.0,19.0,884.0,12212,ISONE,2026-07-21
2026-07-21T10,,7100.0,3652.0,22.0,890.0,12515,ISONE,2026-07-21
2026-07-21T11,,7594.0,3620.0,81.0,935.0,12693,ISONE,2026-07-21
2026-07-21T12,,7712.0,3636.0,190.0,816.0,12948,ISONE,2026-07-21
2026-07-21T13,,7732.0,3594.0,368.0,709.0,13038,ISONE,2026-07-21
2026-07-21T14,,7628.0,3629.0,461.0,704.0,13250,ISONE,2026-07-21
2026-07-21T15,,7721.0,3599.0,549.0,765.0,13735,ISONE,2026-07-21
2026-07-21T16,,7625.0,3620.0,472.0,998.0,14398,ISONE,2026-07-21
2026-07-21T17,,7980.0,3599.0,387.0,1396.0,14852,ISONE,2026-07-21
2026-07-21T18,,8060.0,3595.0,458.0,1634.0,14807,ISONE,2026-07-21
2026-07-21T19,,8657.0,3573.0,304.0,1640.0,15092,ISONE,2026-07-21
2026-07-21T20,,9349.0,3593.0,176.0,1669.0,15746,ISONE,2026-07-21
2026-07-21T21,,9568.0,3583.0,170.0,1678.0,16272,ISONE,2026-07-21
2026-07-21T22,,9437.0,3573.0,119.0,1632.0,16500,ISONE,2026-07-21
2026-07-21T23,,9526.0,3570.0,41.0,1565.0,16491,ISONE,2026-07-21
2026-07-22T00,,9813.0,3567.0,9.0,1528.0,16444,ISONE,2026-07-22
2026-07-22T01,,9678.0,3568.0,1.0,1572.0,16361,ISONE,2026-07-22
2026-07-22T02,,9439.0,3547.0,1.0,1428.0,15920,ISONE,2026-07-22
2026-07-22T03,,8781.0,3560.0,1.0,1274.0,14990,ISONE,2026-07-22
2026-07-22T04,,8266.0,3584.0,1.0,1299.0,13993,ISONE,2026-07-22
2026-07-22T05,,7629.0,3624.0,1.0,1333.0,13706,ISONE,2026-07-22
2026-07-22T06,,7492.0,3618.0,1.0,1333.0,14020,ISONE,2026-07-22
2026-07-22T07,,7487.0,3622.0,1.0,1261.0,14165,ISONE,2026-07-22
2026-07-22T08,,7276.0,3626.0,1.0,1193.0,14009,ISONE,2026-07-22
2026-07-22T09,,7550.0,3626.0,1.0,1030.0,14143,ISONE,2026-07-22
2026-07-22T10,,7954.0,3633.0,1.0,717.0,14456,ISONE,2026-07-22
2026-07-22T11,,8457.0,3613.0,22.0,850.0,14625,ISONE,2026-07-22
2026-07-22T12,,8334.0,3620.0,90.0,879.0,14783,ISONE,2026-07-22
2026-07-22T13,,8373.0,3600.0,206.0,925.0,15115,ISONE,2026-07-22
2026-07-22T14,,8562.0,3603.0,312.0,731.0,15052,ISONE,2026-07-22
2026-07-22T15,,8814.0,3601.0,470.0,762.0,15266,ISONE,2026-07-22
2026-07-22T16,,8924.0,3545.0,657.0,756.0,15284,ISONE,2026-07-22
2026-07-22T17,,9049.0,3529.0,730.0,969.0,15780,ISONE,2026-07-22
2026-07-22T18,,9482.0,3529.0,720.0,1245.0,16388,ISONE,2026-07-22
2026-07-22T19,,9699.0,3528.0,682.0,1285.0,16788,ISONE,2026-07-22
2026-07-22T20,,10239.0,3542.0,685.0,1325.0,17055,ISONE,2026-07-22
2026-07-22T21,,10500.0,3632.0,705.0,1380.0,17475,ISONE,2026-07-22
2026-07-22T22,,10462.0,3586.0,506.0,1454.0,18349,ISONE,2026-07-22
2026-07-22T23,,10629.0,3526.0,230.0,1474.0,18866,ISONE,2026-07-22
2026-07-23T00,,10918.0,3518.0,53.0,1527.0,18752,ISONE,2026-07-23
2026-07-23T01,,11004.0,3516.0,6.0,1502.0,18332,ISONE,2026-07-23
2026-07-23T02,,10277.0,3356.0,2.0,1282.0,17268,ISONE,2026-07-23
2026-07-23T03,,8972.0,3351.0,2.0,1167.0,15682,ISONE,2026-07-23
2026-07-23T04,,8083.0,3550.0,2.0,985.0,14173,ISONE,2026-07-23
2026-07-23T05,,6642.0,3616.0,2.0,1001.0,13087,ISONE,2026-07-23
2026-07-23T06,,6148.0,3587.0,2.0,839.0,12883,ISONE,2026-07-23
2026-07-23T07,,6003.0,3586.0,2.0,751.0,12617,ISONE,2026-07-23
2026-07-23T08,,5699.0,3614.0,2.0,859.0,12370,ISONE,2026-07-23
2026-07-23T09,,5644.0,3593.0,2.0,797.0,12334,ISONE,2026-07-23
2026-07-23T10,,6007.0,3607.0,5.0,717.0,12707,ISONE,2026-07-23
2026-07-23T11,,6234.0,3599.0,66.0,885.0,12606,ISONE,2026-07-23
2026-07-23T12,,6522.0,3640.0,277.0,910.0,12327,ISONE,2026-07-23
2026-07-23T13,,6199.0,3658.0,625.0,792.0,12201,ISONE,2026-07-23
2026-07-23T14,,5661.0,3662.0,873.0,765.0,11708,ISONE,2026-07-23
2026-07-23T15,,5627.0,3663.0,1023.0,743.0,11567,ISONE,2026-07-23
2026-07-23T16,,5571.0,3648.0,1043.0,810.0,11071,ISONE,2026-07-23
2026-07-23T17,,5667.0,3638.0,1035.0,806.0,11244,ISONE,2026-07-23
2026-07-23T18,,5838.0,3649.0,1032.0,823.0,11599,ISONE,2026-07-23
2026-07-23T19,,5905.0,3656.0,994.0,849.0,11928,ISONE,2026-07-23
2026-07-23T20,,6637.0,3641.0,904.0,847.0,12829,ISONE,2026-07-23
2026-07-23T21,,7316.0,3642.0,696.0,715.0,14129,ISONE,2026-07-23
2026-07-23T22,,8159.0,3621.0,568.0,752.0,15579,ISONE,2026-07-23
2026-07-23T23,,8793.0,3581.0,297.0,594.0,16558,ISONE,2026-07-23
2026-07-24T00,,9077.0,3563.0,90.0,344.0,16634,ISONE,2026-07-24
2026-07-24T01,,9097.0,3552.0,12.0,259.0,16236,ISONE,2026-07-24
2026-07-24T02,,8953.0,3576.0,3.0,242.0,15542,ISONE,2026-07-24
2026-07-24T03,,8128.0,3582.0,2.0,293.0,14327,ISONE,2026-07-24
2026-07-24T04,,7619.0,3582.0,2.0,355.0,13225,ISONE,2026-07-24
2026-07-24T05,,7168.0,3639.0,2.0,404.0,12574,ISONE,2026-07-24
2026-07-24T06,,6531.0,3626.0,2.0,386.0,12060,ISONE,2026-07-24
2026-07-24T07,,5896.0,3681.0,2.0,334.0,11787,ISONE,2026-07-24
2026-07-24T08,,5790.0,3705.0,2.0,300.0,11676,ISONE,2026-07-24
2026-07-24T09,,5853.0,3717.0,2.0,310.0,11748,ISONE,2026-07-24
2026-07-24T10,,6247.0,3705.0,6.0,318.0,11910,ISONE,2026-07-24
2026-07-24T11,,6957.0,3691.0,79.0,292.0,11771,ISONE,2026-07-24
2026-07-24T12,,7082.0,3644.0,322.0,189.0,11883,ISONE,2026-07-24
2026-07-24T13,,6678.0,3657.0,643.0,76.0,11480,ISONE,2026-07-24
2026-07-24T14,,6591.0,3677.0,879.0,26.0,11467,ISONE,2026-07-24
2026-07-24T15,,6618.0,3647.0,1015.0,28.0,11354,ISONE,2026-07-24
2026-07-24T16,,6689.0,3646.0,1063.0,65.0,11366,ISONE,2026-07-24
2026-07-24T17,,7022.0,3640.0,1059.0,95.0,11645,ISONE,2026-07-24
2026-07-24T18,,7407.0,3626.0,1060.0,89.0,12109,ISONE,2026-07-24
2026-07-24T19,,7813.0,3615.0,1019.0,89.0,12545,ISONE,2026-07-24
2026-07-24T20,,8013.0,3501.0,866.0,95.0,13532,ISONE,2026-07-24
2026-07-24T21,,8765.0,3606.0,642.0,142.0,14843,ISONE,2026-07-24
2026-07-24T22,,9081.0,3581.0,477.0,208.0,16140,ISONE,2026-07-24
2026-07-24T23,,9101.0,3556.0,277.0,238.0,16877,ISONE,2026-07-24
2026-07-25T00,,9019.0,3562.0,79.0,303.0,16786,ISONE,2026-07-25
2026-07-25T01,,8997.0,3573.0,8.0,397.0,16353,ISONE,2026-07-25
2026-07-25T02,,9188.0,3589.0,1.0,418.0,15637,ISONE,2026-07-25
2026-07-25T03,,8621.0,3599.0,1.0,380.0,14498,ISONE,2026-07-25
2026-07-25T04,,7389.0,3615.0,1.0,346.0,13267,ISONE,2026-07-25
2026-07-25T05,,7174.0,3653.0,1.0,298.0,12271,ISONE,2026-07-25
2026-07-25T06,,6341.0,3669.0,1.0,222.0,11508,ISONE,2026-07-25
2026-07-25T07,,5856.0,3687.0,1.0,199.0,11377,ISONE,2026-07-25
2026-07-25T08,,5625.0,3721.0,1.0,181.0,11443,ISONE,2026-07-25
2026-07-25T09,,5625.0,3717.0,1.0,162.0,11353,ISONE,2026-07-25
2026-07-25T10,,5993.0,3703.0,4.0,193.0,11652,ISONE,2026-07-25
2026-07-25T11,,5978.0,3699.0,86.0,225.0,11458,ISONE,2026-07-25
2026-07-25T12,,5927.0,3689.0,316.0,225.0,11087,ISONE,2026-07-25
2026-07-25T13,,5622.0,3688.0,623.0,221.0,10553,ISONE,2026-07-25
2026-07-25T14,,5338.0,3686.0,857.0,204.0,10391,ISONE,2026-07-25
2026-07-25T15,,5168.0,3691.0,1015.0,269.0,9943,ISONE,2026-07-25
2026-07-25T16,,5663.0,3685.0,1077.0,384.0,10172,ISONE,2026-07-25
2026-07-25T17,,5801.0,3663.0,1059.0,443.0,10466,ISONE,2026-07-25
2026-07-25T18,,6046.0,3651.0,1029.0,507.0,10913,ISONE,2026-07-25
2026-07-25T19,,6585.0,3649.0,998.0,541.0,11193,ISONE,2026-07-25
2026-07-25T20,,7418.0,3642.0,915.0,558.0,11789,ISONE,2026-07-25
2026-07-25T21,,8649.0,3578.0,732.0,573.0,13087,ISONE,2026-07-25
2026-07-25T22,,8224.0,3616.0,583.0,578.0,14526,ISONE,2026-07-25
2026-07-25T23,,8905.0,3574.0,284.0,597.0,15549,ISONE,2026-07-25
2026-07-26T00,,8814.0,3566.0,69.0,579.0,15541,ISONE,2026-07-26
2026-07-26T01,,8811.0,3576.0,8.0,609.0,15155,ISONE,2026-07-26
2026-07-26T02,,8863.0,3590.0,1.0,587.0,14488,ISONE,2026-07-26
2026-07-26T03,,8177.0,3562.0,1.0,517.0,13478,ISONE,2026-07-26
2026-07-26T04,,7921.0,3611.0,1.0,468.0,12392,ISONE,2026-07-26
2026-07-26T05,,6884.0,3626.0,1.0,410.0,11552,ISONE,2026-07-26
2026-07-26T06,,6122.0,3629.0,1.0,313.0,10880,ISONE,2026-07-26
2026-07-26T07,,5032.0,3644.0,1.0,350.0,10414,ISONE,2026-07-26
2026-07-26T08,,4789.0,3686.0,1.0,423.0,10340,ISONE,2026-07-26
2026-07-26T09,,4840.0,3683.0,1.0,436.0,10232,ISONE,2026-07-26
2026-07-26T10,,4875.0,3677.0,4.0,429.0,10243,ISONE,2026-07-26
2026-07-26T11,,4823.0,3680.0,83.0,434.0,10428,ISONE,2026-07-26
2026-07-26T12,,4848.0,3687.0,322.0,504.0,10301,ISONE,2026-07-26
2026-07-26T13,,4964.0,3668.0,642.0,464.0,9993,ISONE,2026-07-26
2026-07-26T14,,5081.0,3645.0,864.0,447.0,9991,ISONE,2026-07-26
2026-07-26T15,,4860.0,3652.0,1012.0,472.0,9780,ISONE,2026-07-26
2026-07-26T16,,5167.0,3643.0,1051.0,497.0,9906,ISONE,2026-07-26
2026-07-26T17,,5457.0,3633.0,1073.0,517.0,10057,ISONE,2026-07-26
2026-07-26T18,,6124.0,3635.0,1073.0,524.0,10589,ISONE,2026-07-26
2026-07-26T19,,6647.0,3606.0,1045.0,470.0,10959,ISONE,2026-07-26
2026-07-26T20,,7516.0,3601.0,907.0,484.0,11616,ISONE,2026-07-26
2026-07-26T21,,8434.0,3587.0,772.0,467.0,12952,ISONE,2026-07-26
2026-07-26T22,,9425.0,3600.0,520.0,439.0,14518,ISONE,2026-07-26
2026-07-26T23,,9883.0,3578.0,263.0,443.0,15563,ISONE,2026-07-26
2026-07-27T00,,9903.0,3557.0,81.0,420.0,15743,ISONE,2026-07-27
2026-07-27T01,,9996.0,3566.0,7.0,344.0,15491,ISONE,2026-07-27
2026-07-27T02,,9876.0,3556.0,2.0,382.0,14783,ISONE,2026-07-27
2026-07-27T03,,8970.0,3559.0,1.0,279.0,13677,ISONE,2026-07-27
2026-07-27T04,,8782.0,3612.0,1.0,184.0,12500,ISONE,2026-07-27
2026-07-27T05,,7947.0,3608.0,1.0,109.0,11654,ISONE,2026-07-27
2026-07-27T06,,7648.0,3651.0,1.0,88.0,11871,ISONE,2026-07-27
2026-07-27T07,,7269.0,3644.0,1.0,80.0,11885,ISONE,2026-07-27
2026-07-27T08,,7043.0,3659.0,1.0,91.0,11870,ISONE,2026-07-27
2026-07-27T09,,7298.0,3664.0,1.0,71.0,11981,ISONE,2026-07-27
2026-07-27T10,,7659.0,3654.0,4.0,58.0,11874,ISONE,2026-07-27
2026-07-27T11,,8096.0,3641.0,81.0,53.0,11824,ISONE,2026-07-27
2026-07-27T12,,7913.0,3637.0,294.0,49.0,11972,ISONE,2026-07-27
2026-07-27T13,,7918.0,3638.0,574.0,17.0,11674,ISONE,2026-07-27
2026-07-27T14,,7740.0,3628.0,810.0,2.0,11201,ISONE,2026-07-27
2026-07-27T15,,7794.0,3637.0,975.0,3.0,11059,ISONE,2026-07-27
2026-07-27T16,,7745.0,3609.0,1040.0,4.0,11576,ISONE,2026-07-27
2026-07-27T17,,7955.0,3622.0,1059.0,5.0,12133,ISONE,2026-07-27
2026-07-27T18,,8651.0,3614.0,985.0,7.0,12844,ISONE,2026-07-27
2026-07-27T19,,9285.0,3599.0,932.0,9.0,13494,ISONE,2026-07-27
2026-07-27T20,,10193.0,3600.0,881.0,26.0,14481,ISONE,2026-07-27
2026-07-27T21,,10678.0,3583.0,694.0,49.0,15834,ISONE,2026-07-27
2026-07-27T22,,10819.0,3557.0,498.0,95.0,17177,ISONE,2026-07-27
2026-07-27T23,,11207.0,3540.0,247.0,108.0,18087,ISONE,2026-07-27
2026-07-28T00,,11510.0,3524.0,57.0,125.0,18057,ISONE,2026-07-28
2026-07-28T01,,11516.0,3531.0,7.0,155.0,17770,ISONE,2026-07-28
2026-07-28T02,,11343.0,3541.0,3.0,175.0,16951,ISONE,2026-07-28
2026-07-28T03,,10298.0,3556.0,3.0,202.0,15662,ISONE,2026-07-28
2026-07-28T04,,9365.0,3592.0,3.0,209.0,14326,ISONE,2026-07-28
2026-07-28T05,,8500.0,3604.0,3.0,220.0,13398,ISONE,2026-07-28
2026-07-28T06,,8197.0,3630.0,3.0,211.0,13412,ISONE,2026-07-28
2026-07-28T07,,8249.0,3624.0,3.0,263.0,13072,ISONE,2026-07-28
2026-07-28T08,,8103.0,3620.0,3.0,327.0,12943,ISONE,2026-07-28
2026-07-28T09,,8101.0,3635.0,3.0,359.0,13089,ISONE,2026-07-28
2026-07-28T10,,8371.0,3633.0,4.0,526.0,13177,ISONE,2026-07-28
2026-07-28T11,,8814.0,3620.0,56.0,558.0,13584,ISONE,2026-07-28
2026-07-28T12,,9074.0,3620.0,211.0,475.0,14258,ISONE,2026-07-28
2026-07-28T13,,9178.0,3607.0,365.0,404.0,14266,ISONE,2026-07-28
2026-07-28T14,,9415.0,3609.0,542.0,225.0,14258,ISONE,2026-07-28
2026-07-28T15,,9341.0,3600.0,681.0,268.0,14298,ISONE,2026-07-28
2026-07-28T16,,9497.0,3600.0,737.0,346.0,14571,ISONE,2026-07-28
2026-07-28T17,,9708.0,3588.0,713.0,557.0,15063,ISONE,2026-07-28
2026-07-28T18,,10388.0,3571.0,665.0,652.0,15887,ISONE,2026-07-28
2026-07-28T19,,11000.0,3567.0,599.0,702.0,16622,ISONE,2026-07-28
2026-07-28T20,,11023.0,3513.0,604.0,755.0,17095,ISONE,2026-07-28
2026-07-28T21,,10992.0,3558.0,487.0,865.0,17466,ISONE,2026-07-28
2026-07-28T22,,11128.0,3550.0,290.0,1004.0,18026,ISONE,2026-07-28
2026-07-28T23,,11206.0,3538.0,146.0,1075.0,18167,ISONE,2026-07-28
2026-07-29T00,,11155.0,3537.0,33.0,1056.0,17975,ISONE,2026-07-29
2026-07-29T01,,11358.0,3536.0,0.0,931.0,17732,ISONE,2026-07-29
2026-07-29T02,,11124.0,3561.0,0.0,908.0,17005,ISONE,2026-07-29
2026-07-29T03,,10072.0,3552.0,0.0,891.0,15794,ISONE,2026-07-29
2026-07-29T04,,8811.0,3576.0,0.0,848.0,14559,ISONE,2026-07-29
2026-07-29T05,,8103.0,3619.0,0.0,858.0,13652,ISONE,2026-07-29
2026-07-29T06,,8186.0,3615.0,0.0,865.0,13837,ISONE,2026-07-29
2026-07-29T07,,8275.0,3603.0,0.0,835.0,13509,ISONE,2026-07-29
2026-07-29T08,,8091.0,3614.0,0.0,843.0,13488,ISONE,2026-07-29
2026-07-29T09,,8145.0,3620.0,0.0,852.0,13558,ISONE,2026-07-29
2026-07-29T10,,8299.0,3605.0,0.0,916.0,13860,ISONE,2026-07-29
2026-07-29T11,,8760.0,3596.0,18.0,1003.0,14063,ISONE,2026-07-29
2026-07-29T12,,9059.0,3606.0,51.0,1028.0,14821,ISONE,2026-07-29
2026-07-29T13,,9327.0,3591.0,105.0,988.0,15144,ISONE,2026-07-29
2026-07-29T14,,9751.0,3589.0,138.0,782.0,15375,ISONE,2026-07-29
2026-07-29T15,,9792.0,3586.0,196.0,683.0,15437,ISONE,2026-07-29
2026-07-29T16,,9517.0,3561.0,283.0,962.0,15306,ISONE,2026-07-29
2026-07-29T17,,9519.0,3554.0,395.0,1042.0,15203,ISONE,2026-07-29
2026-07-29T18,,9800.0,3555.0,409.0,1023.0,15267,ISONE,2026-07-29
2026-07-29T19,,10189.0,3545.0,330.0,924.0,15259,ISONE,2026-07-29
2026-07-29T20,,10235.0,3537.0,296.0,1004.0,15518,ISONE,2026-07-29
2026-07-29T21,,10339.0,3564.0,273.0,998.0,16059,ISONE,2026-07-29
2026-07-29T22,,10587.0,3553.0,177.0,736.0,16524,ISONE,2026-07-29
2026-07-29T23,,10505.0,3555.0,105.0,598.0,16547,ISONE,2026-07-29
2026-07-30T00,,10296.0,3556.0,27.0,657.0,16363,ISONE,2026-07-30
2026-07-30T01,,10401.0,3562.0,4.0,682.0,16077,ISONE,2026-07-30
2026-07-30T02,,9588.0,3509.0,4.0,576.0,15468,ISONE,2026-07-30
2026-07-30T03,,8675.0,3519.0,4.0,471.0,14452,ISONE,2026-07-30
2026-07-30T04,,8336.0,3534.0,4.0,386.0,13629,ISONE,2026-07-30
2026-07-30T05,,8008.0,3621.0,4.0,305.0,12676,ISONE,2026-07-30
2026-07-30T06,,7786.0,3633.0,4.0,204.0,12652,ISONE,2026-07-30
2026-07-30T07,,7706.0,3636.0,4.0,179.0,12689,ISONE,2026-07-30
2026-07-30T08,,7777.0,3633.0,4.0,170.0,12683,ISONE,2026-07-30
2026-07-30T09,,7683.0,3639.0,4.0,345.0,12798,ISONE,2026-07-30
2026-07-30T10,,7971.0,3642.0,4.0,397.0,12973,ISONE,2026-07-30
2026-07-30T11,,8343.0,3616.0,17.0,429.0,13048,ISONE,2026-07-30
2026-07-30T12,,8581.0,3621.0,70.0,450.0,13712,ISONE,2026-07-30
2026-07-30T13,,8974.0,3611.0,120.0,446.0,14102,ISONE,2026-07-30
2026-07-30T14,,9312.0,3604.0,190.0,471.0,14192,ISONE,2026-07-30
2026-07-30T15,,9658.0,3597.0,308.0,511.0,14374,ISONE,2026-07-30
2026-07-30T16,,9217.0,3575.0,362.0,584.0,14355,ISONE,2026-07-30
2026-07-30T17,,9014.0,3600.0,429.0,601.0,14000,ISONE,2026-07-30
2026-07-30T18,,9005.0,3584.0,476.0,598.0,14082,ISONE,2026-07-30
2026-07-30T19,,9180.0,3594.0,473.0,638.0,14231,ISONE,2026-07-30
2026-07-30T20,,9344.0,3508.0,410.0,640.0,14625,ISONE,2026-07-30
2026-07-30T21,,9763.0,3584.0,330.0,571.0,15001,ISONE,2026-07-30
2026-07-30T22,,10165.0,3560.0,238.0,421.0,15627,ISONE,2026-07-30
2026-07-30T23,,10354.0,3569.0,118.0,340.0,15951,ISONE,2026-07-30
2026-07-31T00,,10417.0,3560.0,35.0,394.0,15990,ISONE,2026-07-31
2026-07-31T01,,10454.0,3554.0,4.0,318.0,15903,ISONE,2026-07-31
2026-07-31T02,,10290.0,3545.0,4.0,377.0,15313,ISONE,2026-07-31
2026-07-31T03,,9500.0,3570.0,4.0,312.0,14278,ISONE,2026-07-31
2026-07-05T03,0.0,12492.0,3256.0,0.0,123.0,22679,NYISO,2026-07-05
2026-07-05T04,0.0,11657.0,3250.0,0.0,132.0,21673,NYISO,2026-07-05
2026-07-05T05,0.0,10788.0,3275.0,0.0,56.0,20480,NYISO,2026-07-05
2026-07-05T06,0.0,10085.0,3284.0,0.0,56.0,19574,NYISO,2026-07-05
2026-07-05T07,0.0,9309.0,3265.0,0.0,107.0,18848,NYISO,2026-07-05
2026-07-05T08,0.0,8675.0,3148.0,0.0,104.0,18286,NYISO,2026-07-05
2026-07-05T09,0.0,8415.0,3117.0,0.0,118.0,17940,NYISO,2026-07-05
2026-07-05T10,0.0,8319.0,3117.0,0.0,97.0,17721,NYISO,2026-07-05
2026-07-05T11,0.0,7960.0,3035.0,0.0,131.0,17531,NYISO,2026-07-05
2026-07-05T12,0.0,8091.0,3097.0,0.0,53.0,17631,NYISO,2026-07-05
2026-07-05T13,0.0,8226.0,3098.0,0.0,30.0,18018,NYISO,2026-07-05
2026-07-05T14,0.0,8182.0,3199.0,0.0,27.0,18583,NYISO,2026-07-05
2026-07-05T15,0.0,8774.0,3204.0,0.0,16.0,19106,NYISO,2026-07-05
2026-07-05T16,0.0,9050.0,3220.0,0.0,8.0,19634,NYISO,2026-07-05
2026-07-05T17,0.0,9860.0,3230.0,0.0,9.0,20258,NYISO,2026-07-05
2026-07-05T18,0.0,10670.0,3225.0,0.0,20.0,20928,NYISO,2026-07-05
2026-07-05T19,0.0,11180.0,3228.0,0.0,63.0,21349,NYISO,2026-07-05
2026-07-05T20,0.0,11634.0,3239.0,0.0,135.0,21848,NYISO,2026-07-05
2026-07-05T21,0.0,12056.0,3234.0,0.0,193.0,22512,NYISO,2026-07-05
2026-07-05T22,0.0,12989.0,3227.0,0.0,270.0,23292,NYISO,2026-07-05
2026-07-05T23,0.0,13162.0,3236.0,0.0,256.0,23405,NYISO,2026-07-05
2026-07-06T00,0.0,12854.0,3237.0,0.0,286.0,23164,NYISO,2026-07-06
2026-07-06T01,0.0,12579.0,3235.0,0.0,336.0,22905,NYISO,2026-07-06
2026-07-06T02,0.0,12344.0,3247.0,0.0,414.0,22320,NYISO,2026-07-06
2026-07-06T03,0.0,10955.0,3251.0,0.0,527.0,21189,NYISO,2026-07-06
2026-07-06T04,0.0,9837.0,3269.0,0.0,489.0,19872,NYISO,2026-07-06
2026-07-06T05,0.0,9595.0,3269.0,0.0,455.0,18799,NYISO,2026-07-06
2026-07-06T06,0.0,8454.0,3260.0,0.0,461.0,17872,NYISO,2026-07-06
2026-07-06T07,0.0,8085.0,3189.0,0.0,508.0,17226,NYISO,2026-07-06
2026-07-06T08,0.0,8176.0,3192.0,0.0,424.0,16895,NYISO,2026-07-06
2026-07-06T09,0.0,8161.0,3194.0,0.0,423.0,16935,NYISO,2026-07-06
2026-07-06T10,0.0,8420.0,3203.0,0.0,393.0,17408,NYISO,2026-07-06
2026-07-06T11,0.0,8576.0,3264.0,0.0,422.0,18210,NYISO,2026-07-06
2026-07-06T12,0.0,8875.0,3267.0,0.0,435.0,19047,NYISO,2026-07-06
2026-07-06T13,0.0,9295.0,3274.0,0.0,430.0,19649,NYISO,2026-07-06
2026-07-06T14,0.0,9574.0,3282.0,0.0,366.0,19994,NYISO,2026-07-06
2026-07-06T15,0.0,9366.0,3289.0,0.0,321.0,20141,NYISO,2026-07-06
2026-07-06T16,0.0,9635.0,3296.0,0.0,286.0,20177,NYISO,2026-07-06
2026-07-06T17,0.0,9587.0,3284.0,0.0,254.0,20120,NYISO,2026-07-06
2026-07-06T18,0.0,10103.0,3292.0,0.0,235.0,20236,NYISO,2026-07-06
2026-07-06T19,0.0,10535.0,3324.0,0.0,325.0,20186,NYISO,2026-07-06
2026-07-06T20,0.0,10545.0,3325.0,0.0,458.0,20025,NYISO,2026-07-06
2026-07-06T21,0.0,10733.0,3328.0,0.0,477.0,20133,NYISO,2026-07-06
2026-07-06T22,0.0,10642.0,3332.0,0.0,553.0,20311,NYISO,2026-07-06
2026-07-06T23,0.0,10871.0,3329.0,0.0,560.0,20271,NYISO,2026-07-06
2026-07-07T00,0.0,10721.0,3337.0,0.0,628.0,20158,NYISO,2026-07-07
2026-07-07T01,0.0,10410.0,3339.0,0.0,726.0,19938,NYISO,2026-07-07
2026-07-07T02,0.0,10094.0,3346.0,0.0,723.0,19447,NYISO,2026-07-07
2026-07-07T03,0.0,9035.0,3323.0,0.0,728.0,18536,NYISO,2026-07-07
2026-07-07T04,0.0,7923.0,3300.0,0.0,660.0,17453,NYISO,2026-07-07
2026-07-07T05,0.0,6989.0,3294.0,0.0,645.0,16554,NYISO,2026-07-07
2026-07-07T06,0.0,6681.0,3294.0,0.0,615.0,15782,NYISO,2026-07-07
2026-07-07T07,0.0,6431.0,3305.0,0.0,625.0,15283,NYISO,2026-07-07
2026-07-07T08,0.0,6333.0,3309.0,0.0,479.0,14927,NYISO,2026-07-07
2026-07-07T09,0.0,6459.0,3317.0,0.0,347.0,15014,NYISO,2026-07-07
2026-07-07T10,0.0,6813.0,3319.0,0.0,283.0,15470,NYISO,2026-07-07
2026-07-07T11,0.0,7353.0,3325.0,0.0,310.0,16314,NYISO,2026-07-07
2026-07-07T12,0.0,8004.0,3313.0,0.0,249.0,17125,NYISO,2026-07-07
2026-07-07T13,0.0,8578.0,3292.0,0.0,205.0,17585,NYISO,2026-07-07
2026-07-07T14,0.0,8756.0,3302.0,0.0,157.0,17800,NYISO,2026-07-07
2026-07-07T15,0.0,8741.0,3296.0,0.0,118.0,17966,NYISO,2026-07-07
2026-07-07T16,0.0,9073.0,3306.0,0.0,102.0,18038,NYISO,2026-07-07
2026-07-07T17,0.0,9404.0,3336.0,0.0,163.0,18125,NYISO,2026-07-07
2026-07-07T18,0.0,9968.0,3362.0,0.0,214.0,18432,NYISO,2026-07-07
2026-07-07T19,0.0,10136.0,3377.0,0.0,263.0,18597,NYISO,2026-07-07
2026-07-07T20,0.0,10171.0,3377.0,0.0,299.0,18803,NYISO,2026-07-07
2026-07-07T21,0.0,10329.0,3362.0,0.0,325.0,19097,NYISO,2026-07-07
2026-07-07T22,0.0,10458.0,3359.0,0.0,286.0,19546,NYISO,2026-07-07
2026-07-07T23,0.0,10894.0,3357.0,0.0,280.0,19854,NYISO,2026-07-07
2026-07-08T00,0.0,11450.0,3365.0,0.0,261.0,20290,NYISO,2026-07-08
2026-07-08T01,0.0,11052.0,3365.0,0.0,242.0,20255,NYISO,2026-07-08
2026-07-08T02,0.0,10571.0,3357.0,0.0,279.0,19732,NYISO,2026-07-08
2026-07-08T03,0.0,9681.0,3344.0,0.0,326.0,18697,NYISO,2026-07-08
2026-07-08T04,0.0,8629.0,3325.0,0.0,364.0,17498,NYISO,2026-07-08
2026-07-08T05,0.0,7489.0,3309.0,0.0,428.0,16471,NYISO,2026-07-08
2026-07-08T06,0.0,6747.0,3301.0,0.0,470.0,15692,NYISO,2026-07-08
2026-07-08T07,0.0,6156.0,3298.0,0.0,487.0,15161,NYISO,2026-07-08
2026-07-08T08,0.0,5991.0,3304.0,0.0,412.0,14828,NYISO,2026-07-08
2026-07-08T09,0.0,5930.0,3308.0,0.0,419.0,14802,NYISO,2026-07-08
2026-07-08T10,0.0,6539.0,3315.0,0.0,405.0,15168,NYISO,2026-07-08
2026-07-08T11,0.0,7609.0,3323.0,0.0,361.0,15939,NYISO,2026-07-08
2026-07-08T12,0.0,7959.0,3319.0,0.0,284.0,16562,NYISO,2026-07-08
2026-07-08T13,0.0,8039.0,3318.0,0.0,196.0,16862,NYISO,2026-07-08
2026-07-08T14,0.0,8274.0,3312.0,0.0,115.0,17114,NYISO,2026-07-08
2026-07-08T15,0.0,8389.0,3326.0,0.0,86.0,17495,NYISO,2026-07-08
2026-07-08T16,0.0,9122.0,3340.0,0.0,77.0,18162,NYISO,2026-07-08
2026-07-08T17,0.0,9723.0,3353.0,0.0,128.0,19016,NYISO,2026-07-08
2026-07-08T18,0.0,10416.0,3374.0,0.0,127.0,19907,NYISO,2026-07-08
2026-07-08T19,0.0,10839.0,3355.0,0.0,119.0,20716,NYISO,2026-07-08
2026-07-08T20,0.0,11742.0,3346.0,0.0,185.0,21606,NYISO,2026-07-08
2026-07-08T21,0.0,12100.0,3339.0,0.0,206.0,22634,NYISO,2026-07-08
2026-07-08T22,0.0,12592.0,3344.0,0.0,221.0,23619,NYISO,2026-07-08
2026-07-08T23,0.0,12806.0,3351.0,0.0,314.0,24157,NYISO,2026-07-08
2026-07-09T00,0.0,13096.0,3359.0,0.0,177.0,24275,NYISO,2026-07-09
2026-07-09T01,0.0,12979.0,3356.0,0.0,209.0,23704,NYISO,2026-07-09
2026-07-09T02,0.0,12554.0,3348.0,0.0,392.0,22893,NYISO,2026-07-09
2026-07-09T03,0.0,12255.0,3354.0,0.0,527.0,21573,NYISO,2026-07-09
2026-07-09T04,0.0,11063.0,3347.0,0.0,657.0,20067,NYISO,2026-07-09
2026-07-09T05,0.0,9953.0,3341.0,0.0,799.0,18796,NYISO,2026-07-09
2026-07-09T06,0.0,8253.0,3329.0,0.0,809.0,17815,NYISO,2026-07-09
2026-07-09T07,0.0,7732.0,3304.0,0.0,714.0,17111,NYISO,2026-07-09
2026-07-09T08,0.0,7697.0,3229.0,0.0,585.0,16670,NYISO,2026-07-09
2026-07-09T09,0.0,7661.0,3225.0,0.0,505.0,16544,NYISO,2026-07-09
2026-07-09T10,0.0,7967.0,3269.0,0.0,375.0,16902,NYISO,2026-07-09
2026-07-09T11,0.0,8443.0,3290.0,0.0,340.0,17687,NYISO,2026-07-09
2026-07-09T12,0.0,8959.0,3291.0,0.0,313.0,18589,NYISO,2026-07-09
2026-07-09T13,0.0,9411.0,3313.0,0.0,257.0,19157,NYISO,2026-07-09
2026-07-09T14,0.0,10264.0,3294.0,0.0,200.0,19885,NYISO,2026-07-09
2026-07-09T15,0.0,11205.0,3283.0,0.0,225.0,20800,NYISO,2026-07-09
2026-07-09T16,0.0,12057.0,3305.0,0.0,282.0,21829,NYISO,2026-07-09
2026-07-09T17,0.0,12810.0,3305.0,0.0,364.0,22884,NYISO,2026-07-09
2026-07-09T18,0.0,13324.0,3284.0,0.0,467.0,23642,NYISO,2026-07-09
2026-07-09T19,0.0,13522.0,3269.0,0.0,585.0,23857,NYISO,2026-07-09
2026-07-09T20,0.0,13776.0,3246.0,0.0,665.0,24110,NYISO,2026-07-09
2026-07-09T21,0.0,13331.0,3243.0,0.0,801.0,24340,NYISO,2026-07-09
2026-07-09T22,0.0,12883.0,3245.0,0.0,836.0,24398,NYISO,2026-07-09
2026-07-09T23,0.0,13067.0,3256.0,0.0,657.0,24248,NYISO,2026-07-09
2026-07-10T00,0.0,13594.0,3276.0,0.0,426.0,24198,NYISO,2026-07-10
2026-07-10T01,0.0,13653.0,3290.0,0.0,253.0,23840,NYISO,2026-07-10
2026-07-10T02,0.0,13962.0,3300.0,0.0,225.0,23200,NYISO,2026-07-10
2026-07-10T03,0.0,13758.0,3309.0,0.0,370.0,22046,NYISO,2026-07-10
2026-07-10T04,0.0,12450.0,3294.0,0.0,417.0,20699,NYISO,2026-07-10
2026-07-10T05,0.0,10658.0,3276.0,0.0,419.0,19591,NYISO,2026-07-10
2026-07-10T06,0.0,9539.0,3264.0,0.0,323.0,18662,NYISO,2026-07-10
2026-07-10T07,0.0,9092.0,3131.0,0.0,302.0,17985,NYISO,2026-07-10
2026-07-10T08,0.0,8852.0,3104.0,0.0,258.0,17540,NYISO,2026-07-10
2026-07-10T09,0.0,8848.0,3100.0,0.0,244.0,17446,NYISO,2026-07-10
2026-07-10T10,0.0,9386.0,3113.0,0.0,145.0,17818,NYISO,2026-07-10
2026-07-10T11,0.0,9960.0,3237.0,0.0,113.0,18664,NYISO,2026-07-10
2026-07-10T12,0.0,10230.0,3245.0,0.0,84.0,19683,NYISO,2026-07-10
2026-07-10T13,0.0,10407.0,3241.0,0.0,62.0,20514,NYISO,2026-07-10
2026-07-10T14,0.0,10866.0,3254.0,0.0,45.0,21116,NYISO,2026-07-10
2026-07-10T15,0.0,11414.0,3276.0,0.0,38.0,21620,NYISO,2026-07-10
2026-07-10T16,0.0,12125.0,3302.0,0.0,56.0,22137,NYISO,2026-07-10
2026-07-10T17,0.0,13384.0,3331.0,0.0,66.0,22819,NYISO,2026-07-10
2026-07-10T18,0.0,13483.0,3326.0,0.0,80.0,23206,NYISO,2026-07-10
2026-07-10T19,0.0,13167.0,3301.0,0.0,141.0,23380,NYISO,2026-07-10
2026-07-10T20,0.0,13146.0,3295.0,0.0,153.0,23707,NYISO,2026-07-10
2026-07-10T21,0.0,13456.0,3301.0,0.0,155.0,24035,NYISO,2026-07-10
2026-07-10T22,0.0,12854.0,3284.0,0.0,205.0,24531,NYISO,2026-07-10
2026-07-10T23,0.0,13462.0,3293.0,0.0,209.0,24809,NYISO,2026-07-10
2026-07-11T00,0.0,13774.0,3284.0,0.0,166.0,25015,NYISO,2026-07-11
2026-07-11T01,0.0,13489.0,3292.0,0.0,110.0,24401,NYISO,2026-07-11
2026-07-11T02,0.0,13443.0,3299.0,0.0,114.0,23577,NYISO,2026-07-11
2026-07-11T03,0.0,13097.0,3310.0,0.0,82.0,22360,NYISO,2026-07-11
2026-07-11T04,0.0,11882.0,3313.0,0.0,67.0,21007,NYISO,2026-07-11
2026-07-11T05,0.0,10350.0,3310.0,0.0,76.0,19716,NYISO,2026-07-11
2026-07-11T06,0.0,9525.0,3316.0,0.0,63.0,18610,NYISO,2026-07-11
2026-07-11T07,0.0,8696.0,3237.0,0.0,85.0,17847,NYISO,2026-07-11
2026-07-11T08,0.0,8276.0,3240.0,0.0,129.0,17336,NYISO,2026-07-11
2026-07-11T09,0.0,8261.0,3239.0,0.0,93.0,17037,NYISO,2026-07-11
2026-07-11T10,0.0,8136.0,3163.0,0.0,62.0,16837,NYISO,2026-07-11
2026-07-11T11,0.0,8078.0,3164.0,0.0,103.0,16807,NYISO,2026-07-11
2026-07-11T12,0.0,8225.0,3171.0,0.0,86.0,16981,NYISO,2026-07-11
2026-07-11T13,0.0,8212.0,3229.0,0.0,45.0,17238,NYISO,2026-07-11
2026-07-11T14,0.0,8118.0,3234.0,0.0,48.0,17583,NYISO,2026-07-11
2026-07-11T15,0.0,8264.0,3287.0,0.0,69.0,17919,NYISO,2026-07-11
2026-07-11T16,0.0,8820.0,3325.0,0.0,88.0,18346,NYISO,2026-07-11
2026-07-11T17,0.0,9545.0,3342.0,0.0,114.0,18841,NYISO,2026-07-11
2026-07-11T18,0.0,9916.0,3342.0,0.0,170.0,19138,NYISO,2026-07-11
2026-07-11T19,0.0,10337.0,3344.0,0.0,257.0,19614,NYISO,2026-07-11
2026-07-11T20,0.0,10729.0,3337.0,0.0,295.0,20038,NYISO,2026-07-11
2026-07-11T21,0.0,11098.0,3334.0,0.0,323.0,20597,NYISO,2026-07-11
2026-07-11T22,0.0,11558.0,3322.0,0.0,411.0,21448,NYISO,2026-07-11
2026-07-11T23,0.0,11769.0,3347.0,0.0,397.0,22088,NYISO,2026-07-11
2026-07-12T00,0.0,12049.0,3360.0,0.0,344.0,22184,NYISO,2026-07-12
2026-07-12T01,0.0,11838.0,3363.0,0.0,348.0,21649,NYISO,2026-07-12
2026-07-12T02,0.0,11841.0,3380.0,0.0,415.0,20934,NYISO,2026-07-12
2026-07-12T03,0.0,11191.0,3377.0,0.0,443.0,19855,NYISO,2026-07-12
2026-07-12T04,0.0,9590.0,3354.0,0.0,385.0,18644,NYISO,2026-07-12
2026-07-12T05,0.0,8525.0,3332.0,0.0,362.0,17608,NYISO,2026-07-12
2026-07-12T06,0.0,7845.0,3331.0,0.0,370.0,16668,NYISO,2026-07-12
2026-07-12T07,0.0,7249.0,3110.0,0.0,344.0,15978,NYISO,2026-07-12
2026-07-12T08,0.0,6976.0,3103.0,0.0,294.0,15492,NYISO,2026-07-12
2026-07-12T09,0.0,6876.0,3101.0,0.0,227.0,15203,NYISO,2026-07-12
2026-07-12T10,0.0,6810.0,3093.0,0.0,218.0,15009,NYISO,2026-07-12
2026-07-12T11,0.0,6466.0,3018.0,0.0,195.0,14845,NYISO,2026-07-12
2026-07-12T12,0.0,6349.0,3009.0,0.0,135.0,14759,NYISO,2026-07-12
2026-07-12T13,0.0,6477.0,3040.0,0.0,80.0,14815,NYISO,2026-07-12
2026-07-12T14,0.0,6450.0,3312.0,0.0,44.0,15188,NYISO,2026-07-12
2026-07-12T15,0.0,6800.0,3335.0,0.0,16.0,15754,NYISO,2026-07-12
2026-07-12T16,0.0,7659.0,3363.0,0.0,7.0,16432,NYISO,2026-07-12
2026-07-12T17,0.0,8138.0,3364.0,0.0,8.0,17331,NYISO,2026-07-12
2026-07-12T18,0.0,8714.0,3359.0,0.0,12.0,18028,NYISO,2026-07-12
2026-07-12T19,0.0,9303.0,3360.0,0.0,26.0,18679,NYISO,2026-07-12
2026-07-12T20,0.0,9979.0,3360.0,0.0,28.0,19410,NYISO,2026-07-12
2026-07-12T21,0.0,10545.0,3353.0,0.0,42.0,20356,NYISO,2026-07-12
2026-07-12T22,0.0,11802.0,3357.0,0.0,37.0,21319,NYISO,2026-07-12
2026-07-12T23,0.0,12248.0,3371.0,0.0,24.0,22086,NYISO,2026-07-12
2026-07-13T00,0.0,12332.0,3381.0,0.0,35.0,22455,NYISO,2026-07-13
2026-07-13T01,0.0,12168.0,3377.0,0.0,41.0,21984,NYISO,2026-07-13
2026-07-13T02,0.0,12184.0,3396.0,0.0,53.0,21397,NYISO,2026-07-13
2026-07-13T03,0.0,11631.0,3387.0,0.0,87.0,20176,NYISO,2026-07-13
2026-07-13T04,0.0,9906.0,3358.0,0.0,86.0,18794,NYISO,2026-07-13
2026-07-13T05,0.0,8877.0,3332.0,0.0,96.0,17699,NYISO,2026-07-13
2026-07-13T06,0.0,8245.0,3323.0,0.0,124.0,16800,NYISO,2026-07-13
2026-07-13T07,0.0,7700.0,3237.0,0.0,255.0,16193,NYISO,2026-07-13
2026-07-13T08,0.0,7043.0,3168.0,0.0,467.0,15870,NYISO,2026-07-13
2026-07-13T09,0.0,6929.0,3227.0,0.0,632.0,15877,NYISO,2026-07-13
2026-07-13T10,0.0,7726.0,3314.0,0.0,585.0,16293,NYISO,2026-07-13
2026-07-13T11,0.0,8517.0,3322.0,0.0,513.0,17079,NYISO,2026-07-13
2026-07-13T12,0.0,9174.0,3334.0,0.0,409.0,17865,NYISO,2026-07-13
2026-07-13T13,0.0,9490.0,3334.0,0.0,233.0,18346,NYISO,2026-07-13
2026-07-13T14,0.0,9923.0,3338.0,0.0,181.0,18842,NYISO,2026-07-13
2026-07-13T15,0.0,10260.0,3339.0,0.0,147.0,19318,NYISO,2026-07-13
2026-07-13T16,0.0,10565.0,3343.0,0.0,141.0,19840,NYISO,2026-07-13
2026-07-13T17,0.0,11270.0,3350.0,0.0,204.0,20620,NYISO,2026-07-13
2026-07-13T18,0.0,11971.0,3350.0,0.0,322.0,21438,NYISO,2026-07-13
2026-07-13T19,0.0,12503.0,3340.0,0.0,407.0,22220,NYISO,2026-07-13
2026-07-13T20,0.0,12995.0,3341.0,0.0,523.0,22981,NYISO,2026-07-13
2026-07-13T21,0.0,12976.0,3332.0,0.0,687.0,23787,NYISO,2026-07-13
2026-07-13T22,0.0,13123.0,3325.0,0.0,741.0,24641,NYISO,2026-07-13
2026-07-13T23,0.0,13229.0,3330.0,0.0,678.0,24759,NYISO,2026-07-13
2026-07-14T00,0.0,13100.0,3331.0,0.0,756.0,24782,NYISO,2026-07-14
2026-07-14T01,0.0,13098.0,3332.0,0.0,948.0,24158,NYISO,2026-07-14
2026-07-14T02,0.0,13175.0,3346.0,0.0,1139.0,23323,NYISO,2026-07-14
2026-07-14T03,0.0,12794.0,3365.0,0.0,1261.0,21917,NYISO,2026-07-14
2026-07-14T04,0.0,11302.0,3359.0,0.0,1342.0,20462,NYISO,2026-07-14
2026-07-14T05,0.0,10105.0,3331.0,0.0,1551.0,19248,NYISO,2026-07-14
2026-07-14T06,0.0,8886.0,3326.0,0.0,1502.0,18239,NYISO,2026-07-14
2026-07-14T07,0.0,8160.0,3166.0,0.0,1365.0,17506,NYISO,2026-07-14
2026-07-14T08,0.0,7788.0,3157.0,0.0,1219.0,17041,NYISO,2026-07-14
2026-07-14T09,0.0,7710.0,3125.0,0.0,1151.0,16954,NYISO,2026-07-14
2026-07-14T10,0.0,8248.0,3122.0,0.0,1285.0,17328,NYISO,2026-07-14
2026-07-14T11,0.0,8958.0,3139.0,0.0,1523.0,18188,NYISO,2026-07-14
2026-07-14T12,0.0,9405.0,3228.0,0.0,1645.0,19063,NYISO,2026-07-14
2026-07-14T13,0.0,10048.0,3252.0,0.0,1683.0,19660,NYISO,2026-07-14
2026-07-14T14,0.0,10664.0,3252.0,0.0,1512.0,20349,NYISO,2026-07-14
2026-07-14T15,0.0,11095.0,3244.0,0.0,1442.0,21091,NYISO,2026-07-14
2026-07-14T16,0.0,11852.0,3257.0,0.0,1694.0,22032,NYISO,2026-07-14
2026-07-14T17,0.0,12770.0,3261.0,0.0,1856.0,23142,NYISO,2026-07-14
2026-07-14T18,0.0,13110.0,3233.0,0.0,1943.0,24359,NYISO,2026-07-14
2026-07-14T19,0.0,13823.0,3222.0,0.0,1915.0,25182,NYISO,2026-07-14
2026-07-14T20,0.0,14741.0,3216.0,0.0,1904.0,26088,NYISO,2026-07-14
2026-07-14T21,0.0,15509.0,3211.0,0.0,1851.0,27101,NYISO,2026-07-14
2026-07-14T22,0.0,16036.0,3217.0,0.0,1779.0,27997,NYISO,2026-07-14
2026-07-14T23,0.0,16279.0,3220.0,0.0,1712.0,28569,NYISO,2026-07-14
2026-07-15T00,0.0,16189.0,3218.0,0.0,1680.0,28697,NYISO,2026-07-15
2026-07-15T01,0.0,15774.0,3222.0,0.0,1776.0,28066,NYISO,2026-07-15
2026-07-15T02,0.0,15821.0,3227.0,0.0,1873.0,27163,NYISO,2026-07-15
2026-07-15T03,0.0,15640.0,3250.0,0.0,1812.0,25702,NYISO,2026-07-15
2026-07-15T04,0.0,14506.0,3247.0,0.0,1850.0,24035,NYISO,2026-07-15
2026-07-15T05,0.0,13311.0,3240.0,0.0,1729.0,22678,NYISO,2026-07-15
2026-07-15T06,0.0,11946.0,3243.0,0.0,1806.0,21595,NYISO,2026-07-15
2026-07-15T07,0.0,10932.0,3186.0,0.0,1696.0,20783,NYISO,2026-07-15
2026-07-15T08,0.0,10437.0,3128.0,0.0,1574.0,20249,NYISO,2026-07-15
2026-07-15T09,0.0,10623.0,3132.0,0.0,1316.0,20106,NYISO,2026-07-15
2026-07-15T10,0.0,11183.0,3196.0,0.0,1082.0,20427,NYISO,2026-07-15
2026-07-15T11,0.0,11805.0,3206.0,0.0,866.0,21269,NYISO,2026-07-15
2026-07-15T12,0.0,12489.0,3214.0,0.0,782.0,22445,NYISO,2026-07-15
2026-07-15T13,0.0,13367.0,3264.0,0.0,687.0,23471,NYISO,2026-07-15
2026-07-15T14,0.0,13898.0,3254.0,0.0,687.0,24312,NYISO,2026-07-15
2026-07-15T15,0.0,14635.0,3254.0,0.0,738.0,25280,NYISO,2026-07-15
2026-07-15T16,0.0,15329.0,3258.0,0.0,821.0,26194,NYISO,2026-07-15
2026-07-15T17,0.0,15859.0,3243.0,0.0,927.0,26921,NYISO,2026-07-15
2026-07-15T18,0.0,16346.0,3230.0,0.0,970.0,27671,NYISO,2026-07-15
2026-07-15T19,0.0,16153.0,3227.0,0.0,1050.0,28101,NYISO,2026-07-15
2026-07-15T20,0.0,16272.0,3218.0,0.0,832.0,28605,NYISO,2026-07-15
2026-07-15T21,0.0,16208.0,3216.0,0.0,797.0,28442,NYISO,2026-07-15
2026-07-15T22,0.0,16474.0,3221.0,0.0,569.0,27339,NYISO,2026-07-15
2026-07-15T23,0.0,15048.0,3218.0,0.0,602.0,26406,NYISO,2026-07-15
2026-07-16T00,0.0,13859.0,3194.0,0.0,601.0,25917,NYISO,2026-07-16
2026-07-16T01,0.0,13577.0,3189.0,0.0,651.0,25232,NYISO,2026-07-16
2026-07-16T02,0.0,13338.0,3193.0,0.0,691.0,24177,NYISO,2026-07-16
2026-07-16T03,0.0,13095.0,3195.0,0.0,698.0,22765,NYISO,2026-07-16
2026-07-16T04,0.0,12584.0,3205.0,0.0,674.0,21228,NYISO,2026-07-16
2026-07-16T05,0.0,10547.0,3201.0,0.0,585.0,20066,NYISO,2026-07-16
2026-07-16T06,0.0,9784.0,3208.0,0.0,575.0,19096,NYISO,2026-07-16
2026-07-16T07,0.0,9215.0,3136.0,0.0,567.0,18421,NYISO,2026-07-16
2026-07-16T08,0.0,8596.0,3072.0,0.0,571.0,17958,NYISO,2026-07-16
2026-07-16T09,0.0,8596.0,3068.0,0.0,509.0,17846,NYISO,2026-07-16
2026-07-16T10,0.0,9074.0,3073.0,0.0,433.0,18232,NYISO,2026-07-16
2026-07-16T11,0.0,9719.0,3084.0,0.0,497.0,18997,NYISO,2026-07-16
2026-07-16T12,0.0,10669.0,3152.0,0.0,492.0,19704,NYISO,2026-07-16
2026-07-16T13,0.0,11086.0,3202.0,0.0,520.0,20105,NYISO,2026-07-16
2026-07-16T14,0.0,11376.0,3192.0,0.0,477.0,20303,NYISO,2026-07-16
2026-07-16T15,0.0,11700.0,3191.0,0.0,610.0,20547,NYISO,2026-07-16
2026-07-16T16,0.0,12322.0,3185.0,0.0,810.0,20839,NYISO,2026-07-16
2026-07-16T17,0.0,12574.0,3201.0,0.0,925.0,21463,NYISO,2026-07-16
2026-07-16T18,0.0,12820.0,3203.0,0.0,882.0,21946,NYISO,2026-07-16
2026-07-16T19,0.0,13451.0,3211.0,0.0,1317.0,22730,NYISO,2026-07-16
2026-07-16T20,0.0,13692.0,3214.0,0.0,1634.0,23611,NYISO,2026-07-16
2026-07-16T21,0.0,14562.0,3214.0,0.0,1633.0,24563,NYISO,2026-07-16
2026-07-16T22,0.0,14890.0,3214.0,0.0,1273.0,25204,NYISO,2026-07-16
2026-07-16T23,0.0,14497.0,3212.0,0.0,1037.0,25273,NYISO,2026-07-16
2026-07-17T00,0.0,13897.0,3204.0,0.0,872.0,25025,NYISO,2026-07-17
2026-07-17T01,0.0,13972.0,3210.0,0.0,793.0,24376,NYISO,2026-07-17
2026-07-17T02,0.0,14218.0,3221.0,0.0,739.0,23426,NYISO,2026-07-17
2026-07-17T03,0.0,14003.0,3239.0,0.0,699.0,21971,NYISO,2026-07-17
2026-07-17T04,0.0,11933.0,3232.0,0.0,628.0,20469,NYISO,2026-07-17
2026-07-17T05,0.0,9860.0,3237.0,0.0,579.0,19195,NYISO,2026-07-17
2026-07-17T06,0.0,8766.0,3246.0,0.0,534.0,18085,NYISO,2026-07-17
2026-07-17T07,0.0,7739.0,3164.0,0.0,422.0,17281,NYISO,2026-07-17
2026-07-17T08,0.0,7774.0,3094.0,0.0,280.0,16760,NYISO,2026-07-17
2026-07-17T09,0.0,7713.0,3142.0,0.0,272.0,16583,NYISO,2026-07-17
2026-07-17T10,0.0,8123.0,3160.0,0.0,216.0,16838,NYISO,2026-07-17
2026-07-17T11,0.0,8929.0,3234.0,0.0,156.0,17444,NYISO,2026-07-17
2026-07-17T12,0.0,9449.0,3244.0,0.0,96.0,18081,NYISO,2026-07-17
2026-07-17T13,0.0,9599.0,3252.0,0.0,104.0,18300,NYISO,2026-07-17
2026-07-17T14,0.0,9635.0,3219.0,0.0,100.0,18420,NYISO,2026-07-17
2026-07-17T15,0.0,9456.0,3216.0,0.0,94.0,18684,NYISO,2026-07-17
2026-07-17T16,0.0,9914.0,3221.0,0.0,142.0,19233,NYISO,2026-07-17
2026-07-17T17,0.0,10216.0,3233.0,0.0,176.0,19670,NYISO,2026-07-17
2026-07-17T18,0.0,10956.0,3234.0,0.0,187.0,20239,NYISO,2026-07-17
2026-07-17T19,0.0,11489.0,3237.0,0.0,189.0,20949,NYISO,2026-07-17
2026-07-17T20,0.0,12362.0,3235.0,0.0,177.0,21760,NYISO,2026-07-17
2026-07-17T21,0.0,13180.0,3245.0,0.0,194.0,22657,NYISO,2026-07-17
2026-07-17T22,0.0,13602.0,3249.0,0.0,188.0,23480,NYISO,2026-07-17
2026-07-17T23,0.0,14026.0,3255.0,0.0,135.0,23924,NYISO,2026-07-17
2026-07-18T00,0.0,13754.0,3249.0,0.0,131.0,23752,NYISO,2026-07-18
2026-07-18T01,0.0,13592.0,3248.0,0.0,149.0,22991,NYISO,2026-07-18
2026-07-18T02,0.0,13076.0,3260.0,0.0,159.0,22152,NYISO,2026-07-18
2026-07-18T03,0.0,11859.0,3270.0,0.0,191.0,21027,NYISO,2026-07-18
2026-07-18T04,0.0,10262.0,3250.0,0.0,327.0,19852,NYISO,2026-07-18
2026-07-18T05,0.0,8918.0,3226.0,0.0,499.0,18794,NYISO,2026-07-18
2026-07-18T06,0.0,8166.0,3228.0,0.0,706.0,17912,NYISO,2026-07-18
2026-07-18T07,0.0,7365.0,3224.0,0.0,816.0,17267,NYISO,2026-07-18
2026-07-18T08,0.0,7014.0,3218.0,0.0,849.0,16813,NYISO,2026-07-18
2026-07-18T09,0.0,6870.0,3207.0,0.0,1027.0,16575,NYISO,2026-07-18
2026-07-18T10,0.0,6788.0,3203.0,0.0,1178.0,16564,NYISO,2026-07-18
2026-07-18T11,0.0,7050.0,3221.0,0.0,1210.0,16661,NYISO,2026-07-18
2026-07-18T12,0.0,7142.0,3220.0,0.0,1208.0,17063,NYISO,2026-07-18
2026-07-18T13,0.0,7659.0,3229.0,0.0,1303.0,17811,NYISO,2026-07-18
2026-07-18T14,0.0,8276.0,3232.0,0.0,1315.0,18613,NYISO,2026-07-18
2026-07-18T15,0.0,9122.0,3250.0,0.0,1058.0,19471,NYISO,2026-07-18
2026-07-18T16,0.0,10107.0,3258.0,0.0,1293.0,20038,NYISO,2026-07-18
2026-07-18T17,0.0,10768.0,3248.0,0.0,1456.0,20045,NYISO,2026-07-18
2026-07-18T18,0.0,10081.0,3235.0,0.0,1774.0,19663,NYISO,2026-07-18
2026-07-18T19,0.0,9566.0,3232.0,0.0,1853.0,19422,NYISO,2026-07-18
2026-07-18T20,0.0,9826.0,3238.0,0.0,1750.0,19646,NYISO,2026-07-18
2026-07-18T21,0.0,9955.0,3240.0,0.0,1756.0,20299,NYISO,2026-07-18
2026-07-18T22,0.0,10204.0,3242.0,0.0,1643.0,20688,NYISO,2026-07-18
2026-07-18T23,0.0,10279.0,3223.0,0.0,1419.0,20713,NYISO,2026-07-18
2026-07-19T00,0.0,10433.0,3229.0,0.0,1179.0,20703,NYISO,2026-07-19
2026-07-19T01,0.0,10405.0,3227.0,0.0,1187.0,20615,NYISO,2026-07-19
2026-07-19T02,0.0,9749.0,3228.0,0.0,1268.0,20384,NYISO,2026-07-19
2026-07-19T03,0.0,9391.0,3230.0,0.0,1213.0,19780,NYISO,2026-07-19
2026-07-19T04,0.0,8744.0,3217.0,0.0,1456.0,19055,NYISO,2026-07-19
2026-07-19T05,0.0,8006.0,3213.0,0.0,1414.0,18252,NYISO,2026-07-19
2026-07-19T06,0.0,7011.0,3222.0,0.0,1404.0,17478,NYISO,2026-07-19
2026-07-19T07,0.0,6667.0,3218.0,0.0,1397.0,16865,NYISO,2026-07-19
2026-07-19T08,0.0,6329.0,3211.0,0.0,1297.0,16364,NYISO,2026-07-19
2026-07-19T09,0.0,6168.0,3205.0,0.0,1082.0,16008,NYISO,2026-07-19
2026-07-19T10,0.0,6198.0,3216.0,0.0,981.0,15782,NYISO,2026-07-19
2026-07-19T11,0.0,5997.0,3220.0,0.0,1007.0,15538,NYISO,2026-07-19
2026-07-19T12,0.0,5883.0,3218.0,0.0,901.0,15386,NYISO,2026-07-19
2026-07-19T13,0.0,6187.0,3145.0,0.0,709.0,15354,NYISO,2026-07-19
2026-07-19T14,0.0,6196.0,3127.0,0.0,644.0,15330,NYISO,2026-07-19
2026-07-19T15,0.0,5984.0,3175.0,0.0,693.0,15297,NYISO,2026-07-19
2026-07-19T16,0.0,6234.0,3218.0,0.0,786.0,15498,NYISO,2026-07-19
2026-07-19T17,0.0,6257.0,3225.0,0.0,799.0,15753,NYISO,2026-07-19
2026-07-19T18,0.0,6860.0,3217.0,0.0,727.0,16082,NYISO,2026-07-19
2026-07-19T19,0.0,7084.0,3226.0,0.0,802.0,16578,NYISO,2026-07-19
2026-07-19T20,0.0,7873.0,3218.0,0.0,765.0,17307,NYISO,2026-07-19
2026-07-19T21,0.0,9043.0,3217.0,0.0,697.0,18223,NYISO,2026-07-19
2026-07-19T22,0.0,9567.0,3208.0,0.0,608.0,19126,NYISO,2026-07-19
2026-07-19T23,0.0,9774.0,3207.0,0.0,518.0,19960,NYISO,2026-07-19
2026-07-20T00,0.0,9905.0,3214.0,0.0,474.0,20436,NYISO,2026-07-20
2026-07-20T01,0.0,9828.0,3219.0,0.0,498.0,20111,NYISO,2026-07-20
2026-07-20T02,0.0,9632.0,3238.0,0.0,584.0,19632,NYISO,2026-07-20
2026-07-20T03,0.0,8946.0,3233.0,0.0,582.0,18548,NYISO,2026-07-20
2026-07-20T04,0.0,8276.0,3232.0,0.0,502.0,17346,NYISO,2026-07-20
2026-07-20T05,0.0,7024.0,3239.0,0.0,476.0,16321,NYISO,2026-07-20
2026-07-20T06,0.0,6059.0,3227.0,0.0,525.0,15534,NYISO,2026-07-20
2026-07-20T07,0.0,5824.0,3148.0,0.0,512.0,14986,NYISO,2026-07-20
2026-07-20T08,0.0,5633.0,3059.0,0.0,430.0,14645,NYISO,2026-07-20
2026-07-20T09,0.0,5821.0,3060.0,0.0,338.0,14629,NYISO,2026-07-20
2026-07-20T10,0.0,6143.0,3134.0,0.0,311.0,15002,NYISO,2026-07-20
2026-07-20T11,0.0,6565.0,3220.0,0.0,301.0,15681,NYISO,2026-07-20
2026-07-20T12,0.0,7453.0,3241.0,0.0,230.0,16104,NYISO,2026-07-20
2026-07-20T13,0.0,7459.0,3228.0,0.0,165.0,16117,NYISO,2026-07-20
2026-07-20T14,0.0,7259.0,3225.0,0.0,141.0,16180,NYISO,2026-07-20
2026-07-20T15,0.0,7052.0,3227.0,0.0,213.0,16380,NYISO,2026-07-20
2026-07-20T16,0.0,7400.0,3237.0,0.0,277.0,16698,NYISO,2026-07-20
2026-07-20T17,0.0,8075.0,3237.0,0.0,294.0,17251,NYISO,2026-07-20
2026-07-20T18,0.0,8560.0,3244.0,0.0,272.0,17796,NYISO,2026-07-20
2026-07-20T19,0.0,8873.0,3241.0,0.0,223.0,18366,NYISO,2026-07-20
2026-07-20T20,0.0,9701.0,3236.0,0.0,221.0,19122,NYISO,2026-07-20
2026-07-20T21,0.0,10435.0,3230.0,0.0,228.0,20140,NYISO,2026-07-20
2026-07-20T22,0.0,11091.0,3232.0,0.0,199.0,21239,NYISO,2026-07-20
2026-07-20T23,0.0,11569.0,3252.0,0.0,173.0,21809,NYISO,2026-07-20
2026-07-21T00,0.0,11571.0,3251.0,0.0,108.0,21872,NYISO,2026-07-21
2026-07-21T01,0.0,11486.0,3254.0,0.0,119.0,21325,NYISO,2026-07-21
2026-07-21T02,0.0,11454.0,3273.0,0.0,199.0,20654,NYISO,2026-07-21
2026-07-21T03,0.0,10335.0,3265.0,0.0,497.0,19576,NYISO,2026-07-21
2026-07-21T04,0.0,9271.0,3237.0,0.0,744.0,18363,NYISO,2026-07-21
2026-07-21T05,0.0,7956.0,3228.0,0.0,1027.0,17363,NYISO,2026-07-21
2026-07-21T06,0.0,7897.0,3230.0,0.0,1203.0,16655,NYISO,2026-07-21
2026-07-21T07,0.0,7655.0,3229.0,0.0,1325.0,16223,NYISO,2026-07-21
2026-07-21T08,0.0,7519.0,3230.0,0.0,1274.0,16008,NYISO,2026-07-21
2026-07-21T09,0.0,7242.0,3220.0,0.0,1239.0,16080,NYISO,2026-07-21
2026-07-21T10,0.0,7561.0,3215.0,0.0,1442.0,16642,NYISO,2026-07-21
2026-07-21T11,0.0,8267.0,3233.0,0.0,1297.0,17598,NYISO,2026-07-21
2026-07-21T12,0.0,9135.0,3234.0,0.0,1088.0,18467,NYISO,2026-07-21
2026-07-21T13,0.0,9047.0,3217.0,0.0,901.0,19132,NYISO,2026-07-21
2026-07-21T14,0.0,9586.0,3208.0,0.0,911.0,19812,NYISO,2026-07-21
2026-07-21T15,0.0,10041.0,3220.0,0.0,1218.0,20520,NYISO,2026-07-21
2026-07-21T16,0.0,10610.0,3224.0,0.0,1608.0,20838,NYISO,2026-07-21
2026-07-21T17,0.0,10923.0,3207.0,0.0,1830.0,21354,NYISO,2026-07-21
2026-07-21T18,0.0,11127.0,3207.0,0.0,1526.0,21642,NYISO,2026-07-21
2026-07-21T19,0.0,11557.0,3203.0,0.0,1502.0,22099,NYISO,2026-07-21
2026-07-21T20,0.0,11809.0,3231.0,0.0,1441.0,22416,NYISO,2026-07-21
2026-07-21T21,0.0,12495.0,3252.0,0.0,1132.0,22197,NYISO,2026-07-21
2026-07-21T22,0.0,12235.0,3248.0,0.0,1132.0,22383,NYISO,2026-07-21
2026-07-21T23,0.0,11227.0,3220.0,0.0,1389.0,22313,NYISO,2026-07-21
2026-07-22T00,0.0,11374.0,3216.0,0.0,1192.0,22216,NYISO,2026-07-22
2026-07-22T01,0.0,11314.0,3221.0,0.0,1136.0,22028,NYISO,2026-07-22
2026-07-22T02,0.0,10939.0,3221.0,0.0,1089.0,21513,NYISO,2026-07-22
2026-07-22T03,0.0,9727.0,3218.0,0.0,995.0,20389,NYISO,2026-07-22
2026-07-22T04,0.0,9069.0,3213.0,0.0,1049.0,19132,NYISO,2026-07-22
2026-07-22T05,0.0,8742.0,3232.0,0.0,973.0,18144,NYISO,2026-07-22
2026-07-22T06,0.0,8680.0,3238.0,0.0,971.0,17362,NYISO,2026-07-22
2026-07-22T07,0.0,8381.0,3241.0,0.0,933.0,16846,NYISO,2026-07-22
2026-07-22T08,0.0,8123.0,3231.0,0.0,1033.0,16539,NYISO,2026-07-22
2026-07-22T09,0.0,8218.0,3220.0,0.0,793.0,16558,NYISO,2026-07-22
2026-07-22T10,0.0,8518.0,3224.0,0.0,1024.0,17010,NYISO,2026-07-22
2026-07-22T11,0.0,9659.0,3248.0,0.0,1055.0,17902,NYISO,2026-07-22
2026-07-22T12,0.0,10100.0,3232.0,0.0,1148.0,18754,NYISO,2026-07-22
2026-07-22T13,0.0,9902.0,3220.0,0.0,1137.0,19202,NYISO,2026-07-22
2026-07-22T14,0.0,9788.0,3208.0,0.0,1433.0,19204,NYISO,2026-07-22
2026-07-22T15,0.0,9745.0,3211.0,0.0,1634.0,19709,NYISO,2026-07-22
2026-07-22T16,0.0,10058.0,3214.0,0.0,1517.0,20329,NYISO,2026-07-22
2026-07-22T17,0.0,10472.0,3226.0,0.0,1545.0,20836,NYISO,2026-07-22
2026-07-22T18,0.0,10418.0,3225.0,0.0,1640.0,21208,NYISO,2026-07-22
2026-07-22T19,0.0,11088.0,3231.0,0.0,1625.0,21580,NYISO,2026-07-22
2026-07-22T20,0.0,11592.0,3239.0,0.0,1385.0,22121,NYISO,2026-07-22
2026-07-22T21,0.0,12061.0,3260.0,0.0,1150.0,22635,NYISO,2026-07-22
2026-07-22T22,0.0,11630.0,3244.0,0.0,1143.0,23110,NYISO,2026-07-22
2026-07-22T23,0.0,11671.0,3255.0,0.0,1004.0,23079,NYISO,2026-07-22
2026-07-23T00,0.0,11745.0,3261.0,0.0,891.0,22704,NYISO,2026-07-23
2026-07-23T01,0.0,11680.0,3259.0,0.0,978.0,22074,NYISO,2026-07-23
2026-07-23T02,0.0,11600.0,3267.0,0.0,818.0,21248,NYISO,2026-07-23
2026-07-23T03,0.0,10650.0,3263.0,0.0,635.0,19965,NYISO,2026-07-23
2026-07-23T04,0.0,9440.0,3363.0,0.0,759.0,18528,NYISO,2026-07-23
2026-07-23T05,0.0,8365.0,3236.0,0.0,608.0,17310,NYISO,2026-07-23
2026-07-23T06,0.0,7320.0,3234.0,0.0,638.0,16399,NYISO,2026-07-23
2026-07-23T07,0.0,6738.0,3168.0,0.0,505.0,15750,NYISO,2026-07-23
2026-07-23T08,0.0,6516.0,3171.0,0.0,484.0,15279,NYISO,2026-07-23
2026-07-23T09,0.0,6204.0,3162.0,0.0,424.0,15109,NYISO,2026-07-23
2026-07-23T10,0.0,6573.0,3181.0,0.0,519.0,15407,NYISO,2026-07-23
2026-07-23T11,0.0,7093.0,3259.0,0.0,580.0,16005,NYISO,2026-07-23
2026-07-23T12,0.0,7417.0,3239.0,0.0,569.0,16389,NYISO,2026-07-23
2026-07-23T13,0.0,7304.0,3226.0,0.0,477.0,16207,NYISO,2026-07-23
2026-07-23T14,0.0,7107.0,3212.0,0.0,439.0,16034,NYISO,2026-07-23
2026-07-23T15,0.0,6821.0,3216.0,0.0,309.0,16070,NYISO,2026-07-23
2026-07-23T16,0.0,6855.0,3166.0,0.0,307.0,16232,NYISO,2026-07-23
2026-07-23T17,0.0,6633.0,3177.0,0.0,385.0,16633,NYISO,2026-07-23
2026-07-23T18,0.0,7080.0,3188.0,0.0,463.0,17251,NYISO,2026-07-23
2026-07-23T19,0.0,7468.0,3258.0,0.0,492.0,17818,NYISO,2026-07-23
2026-07-23T20,0.0,8438.0,3254.0,0.0,520.0,18503,NYISO,2026-07-23
2026-07-23T21,0.0,8928.0,3249.0,0.0,586.0,19285,NYISO,2026-07-23
2026-07-23T22,0.0,9839.0,3239.0,0.0,502.0,20123,NYISO,2026-07-23
2026-07-23T23,0.0,10550.0,3226.0,0.0,407.0,20686,NYISO,2026-07-23
2026-07-24T00,0.0,10747.0,3220.0,0.0,314.0,20885,NYISO,2026-07-24
2026-07-24T01,0.0,10863.0,3227.0,0.0,362.0,20506,NYISO,2026-07-24
2026-07-24T02,0.0,10501.0,3231.0,0.0,458.0,19905,NYISO,2026-07-24
2026-07-24T03,0.0,9578.0,3214.0,0.0,493.0,18789,NYISO,2026-07-24
2026-07-24T04,0.0,8342.0,3206.0,0.0,475.0,17553,NYISO,2026-07-24
2026-07-24T05,0.0,6979.0,3200.0,0.0,441.0,16523,NYISO,2026-07-24
2026-07-24T06,0.0,6365.0,3203.0,0.0,417.0,15718,NYISO,2026-07-24
2026-07-24T07,0.0,5867.0,3118.0,0.0,361.0,15123,NYISO,2026-07-24
2026-07-24T08,0.0,5755.0,3136.0,0.0,272.0,14728,NYISO,2026-07-24
2026-07-24T09,0.0,5779.0,3152.0,0.0,225.0,14677,NYISO,2026-07-24
2026-07-24T10,0.0,6188.0,3165.0,0.0,213.0,15039,NYISO,2026-07-24
2026-07-24T11,0.0,6782.0,3250.0,0.0,235.0,15681,NYISO,2026-07-24
2026-07-24T12,0.0,7307.0,3251.0,0.0,197.0,16114,NYISO,2026-07-24
2026-07-24T13,0.0,7024.0,3252.0,0.0,146.0,16110,NYISO,2026-07-24
2026-07-24T14,0.0,6819.0,3237.0,0.0,118.0,16229,NYISO,2026-07-24
2026-07-24T15,0.0,6674.0,3230.0,0.0,131.0,16484,NYISO,2026-07-24
2026-07-24T16,0.0,6852.0,3253.0,0.0,159.0,16946,NYISO,2026-07-24
2026-07-24T17,0.0,7430.0,3268.0,0.0,137.0,17437,NYISO,2026-07-24
2026-07-24T18,0.0,8182.0,3265.0,0.0,127.0,18046,NYISO,2026-07-24
2026-07-24T19,0.0,8601.0,3266.0,0.0,109.0,18637,NYISO,2026-07-24
2026-07-24T20,0.0,9204.0,3254.0,0.0,93.0,19262,NYISO,2026-07-24
2026-07-24T21,0.0,9385.0,3249.0,0.0,80.0,20119,NYISO,2026-07-24
2026-07-24T22,0.0,9952.0,3245.0,0.0,78.0,20940,NYISO,2026-07-24
2026-07-24T23,0.0,9928.0,3247.0,0.0,76.0,21377,NYISO,2026-07-24
2026-07-25T00,0.0,10091.0,3231.0,0.0,86.0,21367,NYISO,2026-07-25
2026-07-25T01,0.0,10156.0,3243.0,0.0,105.0,20944,NYISO,2026-07-25
2026-07-25T02,0.0,10057.0,3246.0,0.0,208.0,20253,NYISO,2026-07-25
2026-07-25T03,0.0,9594.0,3261.0,0.0,303.0,19162,NYISO,2026-07-25
2026-07-25T04,0.0,8594.0,3237.0,0.0,374.0,17985,NYISO,2026-07-25
2026-07-25T05,0.0,6917.0,3222.0,0.0,417.0,16966,NYISO,2026-07-25
2026-07-25T06,0.0,6396.0,3217.0,0.0,428.0,16133,NYISO,2026-07-25
2026-07-25T07,0.0,5921.0,3209.0,0.0,600.0,15463,NYISO,2026-07-25
2026-07-25T08,0.0,5875.0,3188.0,0.0,601.0,15021,NYISO,2026-07-25
2026-07-25T09,0.0,5602.0,3125.0,0.0,625.0,14768,NYISO,2026-07-25
2026-07-25T10,0.0,5730.0,3123.0,0.0,674.0,14762,NYISO,2026-07-25
2026-07-25T11,0.0,5951.0,3142.0,0.0,643.0,14783,NYISO,2026-07-25
2026-07-25T12,0.0,5917.0,3137.0,0.0,572.0,14867,NYISO,2026-07-25
2026-07-25T13,0.0,5831.0,3142.0,0.0,401.0,14785,NYISO,2026-07-25
2026-07-25T14,0.0,5988.0,3216.0,0.0,257.0,14908,NYISO,2026-07-25
2026-07-25T15,0.0,6237.0,3217.0,0.0,218.0,15193,NYISO,2026-07-25
2026-07-25T16,0.0,6136.0,3239.0,0.0,242.0,15659,NYISO,2026-07-25
2026-07-25T17,0.0,6341.0,3257.0,0.0,243.0,16251,NYISO,2026-07-25
2026-07-25T18,0.0,7186.0,3255.0,0.0,267.0,16802,NYISO,2026-07-25
2026-07-25T19,0.0,7871.0,3262.0,0.0,271.0,17353,NYISO,2026-07-25
2026-07-25T20,0.0,8203.0,3251.0,0.0,273.0,18004,NYISO,2026-07-25
2026-07-25T21,0.0,9027.0,3233.0,0.0,281.0,18962,NYISO,2026-07-25
2026-07-25T22,0.0,9416.0,3232.0,0.0,262.0,19808,NYISO,2026-07-25
2026-07-25T23,0.0,9672.0,3236.0,0.0,226.0,20424,NYISO,2026-07-25
2026-07-26T00,0.0,10018.0,3238.0,0.0,227.0,20444,NYISO,2026-07-26
2026-07-26T01,0.0,10055.0,3231.0,0.0,204.0,20034,NYISO,2026-07-26
2026-07-26T02,0.0,9953.0,3246.0,0.0,235.0,19525,NYISO,2026-07-26
2026-07-26T03,0.0,9039.0,3239.0,0.0,270.0,18613,NYISO,2026-07-26
2026-07-26T04,0.0,8427.0,3227.0,0.0,333.0,17604,NYISO,2026-07-26
2026-07-26T05,0.0,7823.0,3229.0,0.0,414.0,16702,NYISO,2026-07-26
2026-07-26T06,0.0,7140.0,3234.0,0.0,416.0,15881,NYISO,2026-07-26
2026-07-26T07,0.0,6729.0,3229.0,0.0,436.0,15256,NYISO,2026-07-26
2026-07-26T08,0.0,6311.0,3215.0,0.0,393.0,14838,NYISO,2026-07-26
2026-07-26T09,0.0,5866.0,3213.0,0.0,398.0,14595,NYISO,2026-07-26
2026-07-26T10,0.0,6004.0,3129.0,0.0,327.0,14509,NYISO,2026-07-26
2026-07-26T11,0.0,6070.0,3131.0,0.0,308.0,14426,NYISO,2026-07-26
2026-07-26T12,0.0,6098.0,3051.0,0.0,283.0,14550,NYISO,2026-07-26
2026-07-26T13,0.0,5885.0,3065.0,0.0,189.0,14666,NYISO,2026-07-26
2026-07-26T14,0.0,5968.0,3151.0,0.0,114.0,14829,NYISO,2026-07-26
2026-07-26T15,0.0,6529.0,3210.0,0.0,109.0,15221,NYISO,2026-07-26
2026-07-26T16,0.0,6806.0,3225.0,0.0,120.0,15864,NYISO,2026-07-26
2026-07-26T17,0.0,7121.0,3240.0,0.0,133.0,16658,NYISO,2026-07-26
2026-07-26T18,0.0,7713.0,3234.0,0.0,156.0,17444,NYISO,2026-07-26
2026-07-26T19,0.0,8372.0,3231.0,0.0,183.0,18269,NYISO,2026-07-26
2026-07-26T20,0.0,9122.0,3249.0,0.0,235.0,19163,NYISO,2026-07-26
2026-07-26T21,0.0,10089.0,3247.0,0.0,262.0,20168,NYISO,2026-07-26
2026-07-26T22,0.0,10544.0,3248.0,0.0,268.0,21105,NYISO,2026-07-26
2026-07-26T23,0.0,10827.0,3234.0,0.0,244.0,21630,NYISO,2026-07-26
2026-07-27T00,0.0,10882.0,3230.0,0.0,248.0,21598,NYISO,2026-07-27
2026-07-27T01,0.0,11023.0,3242.0,0.0,253.0,21298,NYISO,2026-07-27
2026-07-27T02,0.0,11014.0,3269.0,0.0,242.0,20769,NYISO,2026-07-27
2026-07-27T03,0.0,10761.0,3275.0,0.0,298.0,19726,NYISO,2026-07-27
2026-07-27T04,0.0,9322.0,3269.0,0.0,238.0,18531,NYISO,2026-07-27
2026-07-27T05,0.0,8484.0,3265.0,0.0,242.0,17566,NYISO,2026-07-27
2026-07-27T06,0.0,7894.0,3254.0,0.0,284.0,16754,NYISO,2026-07-27
2026-07-27T07,0.0,7393.0,3246.0,0.0,343.0,16190,NYISO,2026-07-27
2026-07-27T08,0.0,7466.0,3245.0,0.0,282.0,15858,NYISO,2026-07-27
2026-07-27T09,0.0,7445.0,3249.0,0.0,285.0,15872,NYISO,2026-07-27
2026-07-27T10,0.0,7680.0,3249.0,0.0,267.0,16366,NYISO,2026-07-27
2026-07-27T11,0.0,8150.0,3247.0,0.0,226.0,17178,NYISO,2026-07-27
2026-07-27T12,0.0,8841.0,3243.0,0.0,206.0,17978,NYISO,2026-07-27
2026-07-27T13,0.0,9016.0,3253.0,0.0,102.0,18401,NYISO,2026-07-27
2026-07-27T14,0.0,8919.0,3248.0,0.0,46.0,18719,NYISO,2026-07-27
2026-07-27T15,0.0,9248.0,3239.0,0.0,38.0,19278,NYISO,2026-07-27
2026-07-27T16,0.0,10083.0,3239.0,0.0,64.0,20018,NYISO,2026-07-27
2026-07-27T17,0.0,11290.0,3257.0,0.0,100.0,20848,NYISO,2026-07-27
2026-07-27T18,0.0,12138.0,3246.0,0.0,193.0,21740,NYISO,2026-07-27
2026-07-27T19,0.0,12785.0,3255.0,0.0,242.0,22274,NYISO,2026-07-27
2026-07-27T20,0.0,13094.0,3252.0,0.0,233.0,22953,NYISO,2026-07-27
2026-07-27T21,0.0,13671.0,3261.0,0.0,210.0,23844,NYISO,2026-07-27
2026-07-27T22,0.0,13762.0,3257.0,0.0,196.0,24593,NYISO,2026-07-27
2026-07-27T23,0.0,13834.0,3252.0,0.0,184.0,24684,NYISO,2026-07-27
2026-07-28T00,0.0,13821.0,3246.0,0.0,130.0,24297,NYISO,2026-07-28
2026-07-28T01,0.0,13827.0,3253.0,0.0,191.0,23725,NYISO,2026-07-28
2026-07-28T02,0.0,13742.0,3269.0,0.0,250.0,22853,NYISO,2026-07-28
2026-07-28T03,0.0,13111.0,3273.0,0.0,325.0,21611,NYISO,2026-07-28
2026-07-28T04,0.0,11801.0,3274.0,0.0,444.0,20220,NYISO,2026-07-28
2026-07-28T05,0.0,10182.0,3257.0,0.0,568.0,19011,NYISO,2026-07-28
2026-07-28T06,0.0,9044.0,3237.0,0.0,934.0,18100,NYISO,2026-07-28
2026-07-28T07,0.0,8570.0,3219.0,0.0,1025.0,17442,NYISO,2026-07-28
2026-07-28T08,0.0,8159.0,3215.0,0.0,1101.0,17068,NYISO,2026-07-28
2026-07-28T09,0.0,8179.0,3215.0,0.0,946.0,17013,NYISO,2026-07-28
2026-07-28T10,0.0,8583.0,3226.0,0.0,721.0,17464,NYISO,2026-07-28
2026-07-28T11,0.0,9131.0,3228.0,0.0,474.0,18387,NYISO,2026-07-28
2026-07-28T12,0.0,9609.0,3214.0,0.0,390.0,19377,NYISO,2026-07-28
2026-07-28T13,0.0,10322.0,3215.0,0.0,228.0,20121,NYISO,2026-07-28
2026-07-28T14,0.0,10724.0,3213.0,0.0,300.0,20629,NYISO,2026-07-28
2026-07-28T15,0.0,11164.0,3237.0,0.0,308.0,21099,NYISO,2026-07-28
2026-07-28T16,0.0,11541.0,3260.0,0.0,369.0,21601,NYISO,2026-07-28
2026-07-28T17,0.0,12134.0,3261.0,0.0,379.0,21784,NYISO,2026-07-28
2026-07-28T18,0.0,12489.0,3261.0,0.0,365.0,22353,NYISO,2026-07-28
2026-07-28T19,0.0,12914.0,3264.0,0.0,395.0,22661,NYISO,2026-07-28
2026-07-28T20,0.0,12924.0,3256.0,0.0,343.0,22825,NYISO,2026-07-28
2026-07-28T21,0.0,12727.0,3240.0,0.0,384.0,22900,NYISO,2026-07-28
2026-07-28T22,0.0,12907.0,3241.0,0.0,432.0,22955,NYISO,2026-07-28
2026-07-28T23,0.0,13074.0,3235.0,0.0,366.0,22668,NYISO,2026-07-28
2026-07-29T00,0.0,13129.0,3235.0,0.0,443.0,22466,NYISO,2026-07-29
2026-07-29T01,0.0,13178.0,3244.0,0.0,425.0,22181,NYISO,2026-07-29
2026-07-29T02,0.0,12502.0,3239.0,0.0,396.0,21539,NYISO,2026-07-29
2026-07-29T03,0.0,11372.0,3225.0,0.0,483.0,20517,NYISO,2026-07-29
2026-07-29T04,0.0,10469.0,3209.0,0.0,499.0,19328,NYISO,2026-07-29
2026-07-29T05,0.0,9066.0,3194.0,0.0,534.0,18358,NYISO,2026-07-29
2026-07-29T06,0.0,8487.0,3148.0,0.0,484.0,17504,NYISO,2026-07-29
2026-07-29T07,0.0,8096.0,3062.0,0.0,407.0,16786,NYISO,2026-07-29
2026-07-29T08,0.0,8026.0,3050.0,0.0,360.0,16454,NYISO,2026-07-29
2026-07-29T09,0.0,8022.0,3050.0,0.0,333.0,16388,NYISO,2026-07-29
2026-07-29T10,0.0,8351.0,3083.0,0.0,483.0,16878,NYISO,2026-07-29
2026-07-29T11,0.0,8702.0,3167.0,0.0,590.0,17779,NYISO,2026-07-29
2026-07-29T12,0.0,9252.0,3208.0,0.0,645.0,18741,NYISO,2026-07-29
2026-07-29T13,0.0,9545.0,3215.0,0.0,617.0,19455,NYISO,2026-07-29
2026-07-29T14,0.0,9654.0,3210.0,0.0,640.0,19835,NYISO,2026-07-29
2026-07-29T15,0.0,9691.0,3203.0,0.0,659.0,19976,NYISO,2026-07-29
2026-07-29T16,0.0,9789.0,3211.0,0.0,671.0,20220,NYISO,2026-07-29
2026-07-29T17,0.0,9785.0,3224.0,0.0,874.0,20564,NYISO,2026-07-29
2026-07-29T18,0.0,9994.0,3218.0,0.0,1005.0,21089,NYISO,2026-07-29
2026-07-29T19,0.0,10406.0,3222.0,0.0,877.0,21408,NYISO,2026-07-29
2026-07-29T20,0.0,11118.0,3223.0,0.0,798.0,21752,NYISO,2026-07-29
2026-07-29T21,0.0,10963.0,3222.0,0.0,761.0,22108,NYISO,2026-07-29
2026-07-29T22,0.0,11379.0,3218.0,0.0,712.0,22421,NYISO,2026-07-29
2026-07-29T23,0.0,11569.0,3224.0,0.0,672.0,22327,NYISO,2026-07-29
2026-07-30T00,0.0,11577.0,3226.0,0.0,647.0,21956,NYISO,2026-07-30
2026-07-30T01,0.0,11636.0,3221.0,0.0,682.0,21572,NYISO,2026-07-30
2026-07-30T02,0.0,11114.0,3218.0,0.0,768.0,20888,NYISO,2026-07-30
2026-07-30T03,0.0,10519.0,3229.0,0.0,790.0,19773,NYISO,2026-07-30
2026-07-30T04,0.0,9309.0,3224.0,0.0,727.0,18548,NYISO,2026-07-30
2026-07-30T05,0.0,8256.0,3223.0,0.0,680.0,17523,NYISO,2026-07-30
2026-07-30T06,0.0,7939.0,3234.0,0.0,573.0,16713,NYISO,2026-07-30
2026-07-30T07,0.0,7701.0,3162.0,0.0,493.0,16124,NYISO,2026-07-30
2026-07-30T08,0.0,7302.0,3096.0,0.0,445.0,15759,NYISO,2026-07-30
2026-07-30T09,0.0,7324.0,3100.0,0.0,403.0,15745,NYISO,2026-07-30
2026-07-30T10,0.0,7577.0,3151.0,0.0,376.0,16220,NYISO,2026-07-30
2026-07-30T11,0.0,7991.0,3246.0,0.0,397.0,17084,NYISO,2026-07-30
2026-07-30T12,0.0,8667.0,3257.0,0.0,368.0,17910,NYISO,2026-07-30
2026-07-30T13,0.0,8910.0,3250.0,0.0,268.0,18550,NYISO,2026-07-30
2026-07-30T14,0.0,9112.0,3246.0,0.0,235.0,18845,NYISO,2026-07-30
2026-07-30T15,0.0,9195.0,3255.0,0.0,240.0,19028,NYISO,2026-07-30
2026-07-30T16,0.0,9956.0,3259.0,0.0,277.0,19036,NYISO,2026-07-30
2026-07-30T17,0.0,9542.0,3282.0,0.0,311.0,19025,NYISO,2026-07-30
2026-07-30T18,0.0,9864.0,3277.0,0.0,318.0,19111,NYISO,2026-07-30
2026-07-30T19,0.0,9644.0,3284.0,0.0,322.0,19225,NYISO,2026-07-30
2026-07-30T20,0.0,9649.0,3275.0,0.0,317.0,19365,NYISO,2026-07-30
2026-07-30T21,0.0,9870.0,3275.0,0.0,228.0,19955,NYISO,2026-07-30
2026-07-30T22,0.0,10480.0,3266.0,0.0,212.0,20794,NYISO,2026-07-30
2026-07-30T23,0.0,11391.0,3264.0,0.0,230.0,21224,NYISO,2026-07-30
2026-07-31T00,0.0,11737.0,3269.0,0.0,176.0,21380,NYISO,2026-07-31
2026-07-31T01,0.0,11815.0,3273.0,0.0,165.0,21187,NYISO,2026-07-31
2026-07-31T02,0.0,11711.0,3273.0,0.0,203.0,20605,NYISO,2026-07-31
2026-07-31T03,0.0,11475.0,3287.0,0.0,219.0,19587,NYISO,2026-07-31
