model,run_id,tdd,prev_tdd,hdd_change
ECMWF,20260218_00,434.67,,
ECMWF,20260219_00,435.08,434.67,0.40999999999996817
ECMWF,20260220_00,430.88,435.08,-4.199999999999989
ECMWF,20260221_00,434.62,430.88,3.740000000000009
GFS,20260218_00,435.79,,
GFS,20260218_06,428.11,435.79,-7.680000000000007
GFS,20260219_06,430.14,428.11,2.0299999999999727
GFS,20260220_06,422.36,430.14,-7.779999999999973
GFS,20260220_12,183.66,422.36,-238.70000000000002
GFS,20260221_06,424.05,183.66,240.39000000000001
